{
"type": "FeatureCollection",
"name": "pipe_water",
"crs": { "type": "name", "properties": { "name": "urn:ogc:def:crs:OGC:1.3:CRS84" } },
"features": [
{ "type": "Feature", "properties": { "OBJECTID_1": 6, "PROVINCE_N": "Northern", "DISTRICT_N": "Mannar", "DSD_N": "Madhu", "GND_N": "Madhu", "GND_C": "37", "TOTAL_POPU": 423, "EXIS_COVE": "Yes", "SUP_LEV": "Intermittent", "SCH_NAME": "Madhu Wss", "RWS_SCHE": "<Null>", "PROJ_DETAI": "PAC", "WATER_SOUR": "Borehole", "PROJ_NAME": "Greater Mannar", "COVER_PER": 75, "P_POP": 460, "GRO_RATE": 1.2, "COVE_2018": 75.0, "WATER_QUAL": "Complied", "COVE_2020": 75.0, "COVE_2025": 75.0, "COVE_2030": 75.0, "Shape_Leng": 63425.135005800003, "Shape_Area": 136983090.80700001, "OBJECTID_2": null, "OBJECTID_3": null, "OBJECTID": null, "EX_SCH_NAM": null, "RWS_Name": null, "SUP_LEVEL": null, "layer": "Sche_Mannar", "path": "C:/Users/MB/Downloads/New folder (2)/Sem 05/Advanced GIS and Remote Sensing for Planning/WEB MAP/pipebornewatermaps (2)/Shape Files/Shape Files/WSS Shape Files/Sche_Mannar.shx|layername=Sche_Mannar" }, "geometry": { "type": "MultiPolygon", "coordinates": [ [ [ [ 80.146676508245349, 8.938774722792299 ], [ 80.14932690351776, 8.937075760462058 ], [ 80.149392106381384, 8.937128990503888 ], [ 80.149318177721526, 8.935241579246815 ], [ 80.148277951005667, 8.933580363006344 ], [ 80.150998981754157, 8.92819164621854 ], [ 80.153094122495389, 8.92280185996632 ], [ 80.155611958937897, 8.914093810272378 ], [ 80.160425560485038, 8.904559771884198 ], [ 80.164613139027949, 8.895024630542611 ], [ 80.17067434535717, 8.887566798275675 ], [ 80.173601235890075, 8.883422800335016 ], [ 80.176528060008749, 8.879278775078694 ], [ 80.183010864550852, 8.868709840143588 ], [ 80.186763865526615, 8.869545476796935 ], [ 80.199332583775885, 8.869932611230523 ], [ 80.200946246823108, 8.869982284093476 ], [ 80.205332031224756, 8.866255101834151 ], [ 80.206799959913042, 8.861071408828538 ], [ 80.206596776464167, 8.857544679358188 ], [ 80.20702213825669, 8.852151967956477 ], [ 80.207652571060038, 8.849041367853658 ], [ 80.20828267538981, 8.846138200848092 ], [ 80.205781209577623, 8.8453046835204 ], [ 80.208078215372751, 8.843441215888056 ], [ 80.207663936854956, 8.841573660104462 ], [ 80.21100463897497, 8.839089428714546 ], [ 80.212470169555147, 8.835357751739052 ], [ 80.21477206053008, 8.830175247435333 ], [ 80.215191963489417, 8.828308935308716 ], [ 80.217491601523591, 8.824578465911369 ], [ 80.219582027397294, 8.821262546202554 ], [ 80.21958695745856, 8.817943554367602 ], [ 80.222010302039621, 8.816465084289618 ], [ 80.221230928314213, 8.815336751327052 ], [ 80.22048327004093, 8.814251600043596 ], [ 80.219123986095568, 8.812223776323393 ], [ 80.218471679612406, 8.811152312021115 ], [ 80.217253688159957, 8.809051869883271 ], [ 80.21725730577495, 8.80902518329953 ], [ 80.216154596406184, 8.806249898300049 ], [ 80.215412075714951, 8.804597310429029 ], [ 80.214840349947593, 8.80260620829783 ], [ 80.21407633390838, 8.801101797120944 ], [ 80.213573656048098, 8.800230694193459 ], [ 80.21357516331696, 8.800230580690666 ], [ 80.213312587558718, 8.799775552661318 ], [ 80.212878724309959, 8.798918813817956 ], [ 80.212357592275723, 8.797889745044943 ], [ 80.211317594562573, 8.795919115488859 ], [ 80.210192676156524, 8.793810733604527 ], [ 80.209046468781366, 8.791712905270678 ], [ 80.208282497334579, 8.790208485239436 ], [ 80.207390939337301, 8.788629768554896 ], [ 80.207261982709255, 8.788348766189843 ], [ 80.206924222687746, 8.787612769140299 ], [ 80.206203445861462, 8.785706126655008 ], [ 80.205970507745548, 8.784922379015654 ], [ 80.204995504780754, 8.782242540403983 ], [ 80.204868380289355, 8.781861236629812 ], [ 80.204145401784459, 8.781415517936178 ], [ 80.204039818841622, 8.781120017573965 ], [ 80.204401135381929, 8.780846017865528 ], [ 80.204401024630357, 8.780844730122256 ], [ 80.204359308090631, 8.780358977891762 ], [ 80.203892866397879, 8.779172590786606 ], [ 80.202557552082894, 8.775518247028538 ], [ 80.201879255659861, 8.773696350838335 ], [ 80.200947099289124, 8.770868355193731 ], [ 80.200184363963942, 8.768601697266162 ], [ 80.199146333911003, 8.765434771411664 ], [ 80.198763790642147, 8.765074250721575 ], [ 80.198125398599245, 8.765009763487711 ], [ 80.196890238982817, 8.765494865641276 ], [ 80.194078825054703, 8.766824472982837 ], [ 80.192417565865881, 8.76758415443107 ], [ 80.185282303765561, 8.771034915175127 ], [ 80.184302409901079, 8.771583886916684 ], [ 80.181648058665075, 8.772975050879129 ], [ 80.182183998425046, 8.775553617736504 ], [ 80.182417208920612, 8.778391394071242 ], [ 80.182057129454179, 8.780637114860207 ], [ 80.178488402893947, 8.782759577195373 ], [ 80.177538768853893, 8.78204873052475 ], [ 80.175398988643266, 8.782400029179087 ], [ 80.173516440545171, 8.78314566193783 ], [ 80.173807917653278, 8.783343313054385 ], [ 80.173123133621672, 8.784228916677696 ], [ 80.172705893458129, 8.785026274270454 ], [ 80.172229416534009, 8.785705313080355 ], [ 80.171277742476647, 8.78626536895494 ], [ 80.169909387662287, 8.787268100572009 ], [ 80.168928567789663, 8.787473427167455 ], [ 80.168333951274235, 8.787708925635684 ], [ 80.167531736377327, 8.787707640877889 ], [ 80.166699904025037, 8.787647194494992 ], [ 80.165630763327243, 8.787349915355536 ], [ 80.164324075504823, 8.78696358032659 ], [ 80.16334368810692, 8.78690288733619 ], [ 80.161918158724021, 8.786516353357035 ], [ 80.160937484846414, 8.78663299074627 ], [ 80.160074831051105, 8.787252274462684 ], [ 80.159152799802982, 8.787841901556737 ], [ 80.158677218273496, 8.787959354031956 ], [ 80.157636433978723, 8.788489671701953 ], [ 80.156090402153353, 8.7891078307862 ], [ 80.154452579253245, 8.789607607442438 ], [ 80.153917619898692, 8.7896953993782 ], [ 80.152995965903855, 8.790048562850643 ], [ 80.150409315215995, 8.791078774189254 ], [ 80.149161934484596, 8.791726117037136 ], [ 80.149160332425666, 8.79172694895594 ], [ 80.147382205125226, 8.792315128930076 ], [ 80.143636309662753, 8.793609375183694 ], [ 80.142000849378761, 8.794375104438084 ], [ 80.139889537926109, 8.795406033528669 ], [ 80.137332129748231, 8.796672647014733 ], [ 80.134329070020357, 8.797908932717222 ], [ 80.133347702277703, 8.79840972331529 ], [ 80.132604387305392, 8.798704022421466 ], [ 80.131474554369348, 8.799145444707495 ], [ 80.12995835643892, 8.799645317010969 ], [ 80.128769501291842, 8.799850180547377 ], [ 80.127112966414643, 8.800233629877548 ], [ 80.127111541610475, 8.80023231094637 ], [ 80.119038631594037, 8.800954237718477 ], [ 80.119037024108053, 8.800956035158732 ], [ 80.118713269069318, 8.800955473710363 ], [ 80.118711265219972, 8.800953670007356 ], [ 80.118481820041623, 8.800748707918297 ], [ 80.117917906325161, 8.800393056279869 ], [ 80.117205327350035, 8.800096259071827 ], [ 80.116878801673721, 8.799918355854858 ], [ 80.116433064154364, 8.79994713623018 ], [ 80.114442075481151, 8.800091445161623 ], [ 80.112718547289987, 8.800206655825837 ], [ 80.110490223285979, 8.800143637064227 ], [ 80.109331599981488, 8.800052932812656 ], [ 80.107965096093736, 8.799902746897859 ], [ 80.106212543101876, 8.799633649644095 ], [ 80.104400622705853, 8.799334883362894 ], [ 80.10339051264404, 8.799273979214842 ], [ 80.101935196108926, 8.798946279212899 ], [ 80.101162944624932, 8.798797125669068 ], [ 80.100479457482749, 8.798855019514244 ], [ 80.099825469152577, 8.799031187974823 ], [ 80.09935007318623, 8.799030339375152 ], [ 80.099022919556958, 8.799207089866199 ], [ 80.098517011128749, 8.799649524494312 ], [ 80.097713817190822, 8.80018009273277 ], [ 80.097119036809076, 8.800474587176765 ], [ 80.097000300165959, 8.800520274118043 ], [ 80.097507507011628, 8.80075823764558 ], [ 80.09776807809871, 8.801170275507587 ], [ 80.09781100417068, 8.801516938514368 ], [ 80.097766510314159, 8.80203673898315 ], [ 80.097569425208974, 8.802642911774983 ], [ 80.097242150995598, 8.802988911542053 ], [ 80.09706778251757, 8.803075245544406 ], [ 80.096697583218742, 8.803074581769673 ], [ 80.096175222789014, 8.80292201293906 ], [ 80.095675072470343, 8.802531205213668 ], [ 80.0950225679547, 8.802096800232411 ], [ 80.094401042062017, 8.801901176480976 ], [ 80.094195616895149, 8.801792050445817 ], [ 80.093847274066349, 8.801748099613146 ], [ 80.093498851547494, 8.80174747200461 ], [ 80.093171970216076, 8.801876853044057 ], [ 80.092980511696695, 8.802148361576771 ], [ 80.09297992814426, 8.802148357811978 ], [ 80.092978977061733, 8.802149020667658 ], [ 80.092779088079183, 8.802374361926409 ], [ 80.092843390829486, 8.802937679373704 ], [ 80.092886231561522, 8.803327666109011 ], [ 80.093357709027458, 8.803763256648793 ], [ 80.093560315252844, 8.803870421471732 ], [ 80.09553871086743, 8.805671896149386 ], [ 80.096603642300735, 8.806843536594624 ], [ 80.097037488165896, 8.807775764978425 ], [ 80.097689259379408, 8.808621737053635 ], [ 80.098188204357257, 8.809684050347464 ], [ 80.098295952366087, 8.810312430255195 ], [ 80.09805546530616, 8.810831879457378 ], [ 80.097138321402255, 8.812216579052745 ], [ 80.09657109738464, 8.812778763438008 ], [ 80.095808232782744, 8.81314563993906 ], [ 80.095198082094484, 8.81336115903072 ], [ 80.094108953690636, 8.813510828998018 ], [ 80.09352030195781, 8.813878014535444 ], [ 80.092496029347188, 8.814287735837295 ], [ 80.091471397161527, 8.814892407627825 ], [ 80.090229188410717, 8.815388373307762 ], [ 80.08953204204424, 8.815538739938745 ], [ 80.088922002877823, 8.81568926349019 ], [ 80.088376977427217, 8.816013196847875 ], [ 80.088137707175179, 8.815861130465638 ], [ 80.087746275804918, 8.81555715581467 ], [ 80.087115576675458, 8.815101114735686 ], [ 80.086702051835815, 8.814970391440896 ], [ 80.086136246327158, 8.814752745523615 ], [ 80.085613836274092, 8.814621822473162 ], [ 80.08491745019289, 8.814360611955486 ], [ 80.084395320540608, 8.81407805753388 ], [ 80.084025752085367, 8.813730796648654 ], [ 80.083743051878614, 8.813513663336106 ], [ 80.083481888282392, 8.813426539069651 ], [ 80.082915846641356, 8.813338856156822 ], [ 80.082262295937596, 8.813467627930676 ], [ 80.081353599714433, 8.81560940232699 ], [ 80.081380560144737, 8.816461176590735 ], [ 80.081525309312198, 8.821034237545598 ], [ 80.081091255829151, 8.830160457712406 ], [ 80.080447064893647, 8.840116010758877 ], [ 80.079619230252334, 8.848396515963756 ], [ 80.079900007404547, 8.848405762734705 ], [ 80.082365038862235, 8.851276850573059 ], [ 80.084239375812572, 8.853114077380273 ], [ 80.090533877582587, 8.849251213461534 ], [ 80.091696786556255, 8.848641585553565 ], [ 80.097807213691908, 8.850076444260102 ], [ 80.104267861136805, 8.850635377535674 ], [ 80.107068596998346, 8.85152627703412 ], [ 80.109332398967666, 8.851939797950855 ], [ 80.113696727907382, 8.851875559140867 ], [ 80.118187218472073, 8.8505220802327 ], [ 80.119919128785298, 8.84998323394642 ], [ 80.126343651750986, 8.849722474909127 ], [ 80.134955202035769, 8.8493973584262 ], [ 80.140830155523005, 8.851994205718087 ], [ 80.141447412310313, 8.85220000148357 ], [ 80.141430325088763, 8.862232981481448 ], [ 80.14100355603756, 8.871036734228808 ], [ 80.14078298637115, 8.879636074839032 ], [ 80.140155872834825, 8.885163398070176 ], [ 80.137877393267814, 8.893144970712243 ], [ 80.136220375236121, 8.898875280072682 ], [ 80.136211894376103, 8.903789376695403 ], [ 80.13681615990636, 8.911571080604793 ], [ 80.137633057296071, 8.915462810856152 ], [ 80.140301010787482, 8.920586216436865 ], [ 80.141529777045562, 8.924478639181579 ], [ 80.141520638445527, 8.92980224150485 ], [ 80.141548948100578, 8.93195237365247 ], [ 80.142323359756446, 8.934431387136762 ], [ 80.143096452684588, 8.937684678121935 ], [ 80.144339683159572, 8.939235345427033 ], [ 80.146676508245349, 8.938774722792299 ] ] ] ] } },
{ "type": "Feature", "properties": { "OBJECTID_1": 18, "PROVINCE_N": "Northern", "DISTRICT_N": "Mannar", "DSD_N": "Mannar Town", "GND_N": "Eluthur", "GND_C": "MN/72", "TOTAL_POPU": 3407, "EXIS_COVE": "Yes", "SUP_LEV": "24", "SCH_NAME": "Mannar Wss", "RWS_SCHE": "<Null>", "PROJ_DETAI": "ON_GO", "WATER_SOUR": "Borehole", "PROJ_NAME": "ADB 5th Project", "COVER_PER": 100, "P_POP": 3704, "GRO_RATE": 1.2, "COVE_2018": 100.0, "WATER_QUAL": "Complied", "COVE_2020": 100.0, "COVE_2025": 100.0, "COVE_2030": 100.0, "Shape_Leng": 12733.9772331, "Shape_Area": 3637020.246, "OBJECTID_2": null, "OBJECTID_3": null, "OBJECTID": null, "EX_SCH_NAM": null, "RWS_Name": null, "SUP_LEVEL": null, "layer": "Sche_Mannar", "path": "C:/Users/MB/Downloads/New folder (2)/Sem 05/Advanced GIS and Remote Sensing for Planning/WEB MAP/pipebornewatermaps (2)/Shape Files/Shape Files/WSS Shape Files/Sche_Mannar.shx|layername=Sche_Mannar" }, "geometry": { "type": "MultiPolygon", "coordinates": [ [ [ [ 79.890185053481019, 8.983984730682833 ], [ 79.885524781369924, 8.974384305176894 ], [ 79.884053529150378, 8.975852914653768 ], [ 79.878910764861473, 8.974171645844079 ], [ 79.87857519655897, 8.974012809876783 ], [ 79.878426157360551, 8.974375039834754 ], [ 79.878035724609347, 8.975056209845308 ], [ 79.878001621567662, 8.975140381831993 ], [ 79.877996834255256, 8.975139463411454 ], [ 79.87756971595104, 8.975935568541011 ], [ 79.875849801918164, 8.978706642889021 ], [ 79.875829948615277, 8.978732260093153 ], [ 79.876122018243535, 8.978938261829695 ], [ 79.876395039803427, 8.979097184624454 ], [ 79.87681882165154, 8.979365699059827 ], [ 79.877168221139726, 8.979656017535737 ], [ 79.877431926332989, 8.979821643764788 ], [ 79.87772148882874, 8.979979030770894 ], [ 79.877944388339671, 8.980092777733867 ], [ 79.87813551326704, 8.979983571877604 ], [ 79.878219580496832, 8.979992075214904 ], [ 79.878499425268529, 8.980078445349957 ], [ 79.878633647285383, 8.980118314688552 ], [ 79.87901494756899, 8.980299804224526 ], [ 79.879333210321917, 8.980521728097685 ], [ 79.879895670737241, 8.981480560341316 ], [ 79.880604427502078, 8.982725965024908 ], [ 79.881043366446136, 8.983469974148218 ], [ 79.881835585088993, 8.983540050039199 ], [ 79.882596479354419, 8.9836073535899 ], [ 79.88360104686592, 8.983696208783103 ], [ 79.884930155223955, 8.983813765249293 ], [ 79.886180224319418, 8.983924326506553 ], [ 79.887506721943154, 8.984021512069967 ], [ 79.888194276719005, 8.984046203276657 ], [ 79.889377271620901, 8.98408061765072 ], [ 79.890127785706426, 8.984021114290583 ], [ 79.890185053481019, 8.983984730682833 ] ] ], [ [ [ 79.899968009199767, 8.993679420546341 ], [ 79.902656458819237, 8.991311180757927 ], [ 79.904278680152103, 8.989885419610898 ], [ 79.90545870974735, 8.988861484275741 ], [ 79.905453526827714, 8.988856247131634 ], [ 79.904912519022872, 8.988309575597158 ], [ 79.90429465104647, 8.98774804863219 ], [ 79.903291605239573, 8.986821097848006 ], [ 79.903505601093087, 8.98663065012402 ], [ 79.903824813747633, 8.986346562177884 ], [ 79.904243380222894, 8.985974053008922 ], [ 79.904566845748519, 8.985686179667633 ], [ 79.904212412185814, 8.985370690966432 ], [ 79.90394280670418, 8.985646014774446 ], [ 79.903711004218266, 8.985831445514474 ], [ 79.903303310617758, 8.986139178814128 ], [ 79.903150556644931, 8.986252905092192 ], [ 79.902653363641932, 8.986622565005488 ], [ 79.902752462492757, 8.986723222888518 ], [ 79.90213977322945, 8.987200885819256 ], [ 79.900758175601865, 8.98571233394107 ], [ 79.900731777764889, 8.985722330067761 ], [ 79.90024992917202, 8.985904794754836 ], [ 79.899712408305533, 8.986155419700584 ], [ 79.899091659735916, 8.986442926187138 ], [ 79.898490443229562, 8.986725008689904 ], [ 79.897715550477628, 8.987083257506871 ], [ 79.897105793306366, 8.987358331106774 ], [ 79.896536962295855, 8.987626587743147 ], [ 79.896169005609636, 8.987806130704806 ], [ 79.895981886891818, 8.987900120927765 ], [ 79.895656014923873, 8.988119185950337 ], [ 79.895608946236791, 8.988162547362734 ], [ 79.895348848584959, 8.988432133667905 ], [ 79.895123020584549, 8.988339901246013 ], [ 79.89492080600786, 8.988212839039305 ], [ 79.894606186682637, 8.987965897822333 ], [ 79.894193605487246, 8.987631427058878 ], [ 79.893938876664961, 8.987379199438545 ], [ 79.893621203206635, 8.987051823524597 ], [ 79.892998437555462, 8.98642346897155 ], [ 79.892522395244498, 8.985939757493286 ], [ 79.892275132766258, 8.985676676383282 ], [ 79.891993278879426, 8.985381842876357 ], [ 79.891981943850553, 8.985369985338849 ], [ 79.891854782445236, 8.985211989594669 ], [ 79.89152677169632, 8.984763091772777 ], [ 79.891376506650388, 8.984555881558792 ], [ 79.891265718239183, 8.984410315785656 ], [ 79.891135375890954, 8.984279675677135 ], [ 79.890790773697361, 8.984100269912554 ], [ 79.890165940665369, 8.984095158538532 ], [ 79.889330591400082, 8.986048767256717 ], [ 79.88861744599717, 8.98779916748199 ], [ 79.886154037827595, 8.993581564699918 ], [ 79.886158951487218, 8.993596088629641 ], [ 79.886168001143986, 8.993549602128997 ], [ 79.886517398999203, 8.993746206277303 ], [ 79.886681105102909, 8.993850552149874 ], [ 79.886932522561693, 8.993939014146944 ], [ 79.887285801662969, 8.994063315842631 ], [ 79.887733187212035, 8.994172873292957 ], [ 79.888097119486901, 8.994253358715421 ], [ 79.888521455770118, 8.994347201431847 ], [ 79.889034586176919, 8.994460680577607 ], [ 79.889515703089202, 8.994567079957497 ], [ 79.890109624311989, 8.99469842489121 ], [ 79.890582738955885, 8.994803052501249 ], [ 79.891148271013122, 8.994928117514565 ], [ 79.891637392455607, 8.995036283750524 ], [ 79.892033340808837, 8.995123844354248 ], [ 79.892433669481306, 8.995212373374677 ], [ 79.89290240564064, 8.995316030211457 ], [ 79.893232200068127, 8.995380905501037 ], [ 79.893584900985488, 8.995440791859291 ], [ 79.894335180658956, 8.995546987362131 ], [ 79.895156586732028, 8.995677696905615 ], [ 79.895538220742893, 8.995692796469497 ], [ 79.896224525870352, 8.995717269298833 ], [ 79.896758318289457, 8.995736303043486 ], [ 79.897176449425828, 8.995751211806622 ], [ 79.897406888136231, 8.995778100325385 ], [ 79.897647513381742, 8.995718869303841 ], [ 79.899968009199767, 8.993679420546341 ] ] ] ] } },
{ "type": "Feature", "properties": { "OBJECTID_1": 19, "PROVINCE_N": "Northern", "DISTRICT_N": "Mannar", "DSD_N": "Mannar Town", "GND_N": "Emil Nagar", "GND_C": "MN/74", "TOTAL_POPU": 2114, "EXIS_COVE": "Yes", "SUP_LEV": "24", "SCH_NAME": "Mannar Wss", "RWS_SCHE": "<Null>", "PROJ_DETAI": "ON_GO", "WATER_SOUR": "Borehole", "PROJ_NAME": "ADB 5th Project", "COVER_PER": 100, "P_POP": 2298, "GRO_RATE": 1.2, "COVE_2018": 100.0, "WATER_QUAL": "Complied", "COVE_2020": 100.0, "COVE_2025": 100.0, "COVE_2030": 100.0, "Shape_Leng": 3401.2988140900002, "Shape_Area": 704019.325664, "OBJECTID_2": null, "OBJECTID_3": null, "OBJECTID": null, "EX_SCH_NAM": null, "RWS_Name": null, "SUP_LEVEL": null, "layer": "Sche_Mannar", "path": "C:/Users/MB/Downloads/New folder (2)/Sem 05/Advanced GIS and Remote Sensing for Planning/WEB MAP/pipebornewatermaps (2)/Shape Files/Shape Files/WSS Shape Files/Sche_Mannar.shx|layername=Sche_Mannar" }, "geometry": { "type": "MultiPolygon", "coordinates": [ [ [ [ 79.900731777764889, 8.985722330067761 ], [ 79.900904479268291, 8.985555380592507 ], [ 79.901015942896422, 8.985414641896966 ], [ 79.901135142923891, 8.985224224108089 ], [ 79.901268032933444, 8.984980349335453 ], [ 79.901455914880685, 8.984597749729767 ], [ 79.901665387662419, 8.984194633742005 ], [ 79.901961736503324, 8.983629097373528 ], [ 79.902133946968874, 8.983332906022177 ], [ 79.902295994744776, 8.983102385623942 ], [ 79.902469966165057, 8.982907318848016 ], [ 79.902676969941282, 8.982680811769828 ], [ 79.902953612263758, 8.982391822183935 ], [ 79.903173506581311, 8.982156984613137 ], [ 79.903374056142766, 8.981945936061111 ], [ 79.903688283248158, 8.981629203279304 ], [ 79.903948056431375, 8.981366790721296 ], [ 79.904187759308371, 8.98113423580237 ], [ 79.904320246006336, 8.981020218001776 ], [ 79.904334984613286, 8.981024643997214 ], [ 79.904338326622508, 8.981001664325166 ], [ 79.904411692899131, 8.980923295771202 ], [ 79.904199184535031, 8.980689061441019 ], [ 79.903911493185817, 8.980368413391259 ], [ 79.903743283359972, 8.980169477170504 ], [ 79.903450195877852, 8.979833082459395 ], [ 79.903185400928109, 8.979530440215242 ], [ 79.90295770014184, 8.979261935562516 ], [ 79.902719218414731, 8.978985709463711 ], [ 79.902570879312833, 8.978809015078458 ], [ 79.90246109742165, 8.97868199845418 ], [ 79.902269267184977, 8.978461023054363 ], [ 79.902070388344569, 8.978243242444282 ], [ 79.901859699778612, 8.977983499456895 ], [ 79.901722994201606, 8.977800649758773 ], [ 79.901628417730777, 8.977640715017111 ], [ 79.901510784147504, 8.977430920098614 ], [ 79.901389083550811, 8.977260989521355 ], [ 79.901260245306247, 8.977091891971453 ], [ 79.9009079269658, 8.976783196896974 ], [ 79.900643245383534, 8.976551827835054 ], [ 79.90022120310968, 8.976229700535745 ], [ 79.899766555551608, 8.97585656981907 ], [ 79.899489752631013, 8.975632471377645 ], [ 79.899354800437081, 8.975521589331123 ], [ 79.899213884861595, 8.975400007244724 ], [ 79.899063197586415, 8.975276072987866 ], [ 79.89891890273968, 8.975163743823124 ], [ 79.898750846223322, 8.975080048299041 ], [ 79.898523168388166, 8.975058466524027 ], [ 79.898373589473223, 8.975106606792826 ], [ 79.89838122220489, 8.975071041007379 ], [ 79.898333712280703, 8.975116894626423 ], [ 79.8982875387711, 8.975278832605413 ], [ 79.898257328403815, 8.97538475861424 ], [ 79.898225511337102, 8.975496320779358 ], [ 79.898163860728914, 8.975712486179004 ], [ 79.898454137967747, 8.975850922184152 ], [ 79.898496402339092, 8.976017801486391 ], [ 79.898453062411591, 8.976119628785018 ], [ 79.898413610957519, 8.976189110086956 ], [ 79.898379502047803, 8.97626426477205 ], [ 79.898364592403524, 8.976330315062162 ], [ 79.898359310387704, 8.976503844827386 ], [ 79.898356733066905, 8.976589834116586 ], [ 79.898328281280314, 8.976785464780031 ], [ 79.898303936717099, 8.977021140008056 ], [ 79.898253253032181, 8.977287722984284 ], [ 79.898204424831292, 8.977476583220298 ], [ 79.898169684074546, 8.977569452789046 ], [ 79.898071690242332, 8.977754079281008 ], [ 79.89799982048892, 8.977835002419051 ], [ 79.897929263725416, 8.977914447682696 ], [ 79.897788985217517, 8.978044340185363 ], [ 79.897711703982083, 8.97810806113932 ], [ 79.897504275742477, 8.978214519568491 ], [ 79.897313062182334, 8.978231052690562 ], [ 79.89711761640001, 8.978236592325453 ], [ 79.897012112384928, 8.978248530076405 ], [ 79.896603853983564, 8.978815552015169 ], [ 79.896347888959056, 8.979180793835951 ], [ 79.895845499261966, 8.979897662438983 ], [ 79.895345431651336, 8.980611213890588 ], [ 79.894778371648215, 8.981420351616224 ], [ 79.894314464116221, 8.982082299018206 ], [ 79.893676319888854, 8.982989276675776 ], [ 79.892966303463993, 8.983998116211087 ], [ 79.892190348113502, 8.985078318719934 ], [ 79.891993739012918, 8.985381471472849 ], [ 79.891993278879426, 8.985381842876357 ], [ 79.892275132766258, 8.985676676383282 ], [ 79.892522395244498, 8.985939757493286 ], [ 79.892998437555462, 8.98642346897155 ], [ 79.893621203206635, 8.987051823524597 ], [ 79.893938876664961, 8.987379199438545 ], [ 79.894193605487246, 8.987631427058878 ], [ 79.894606186682637, 8.987965897822333 ], [ 79.89492080600786, 8.988212839039305 ], [ 79.895123020584549, 8.988339901246013 ], [ 79.895348848584959, 8.988432133667905 ], [ 79.895608946236791, 8.988162547362734 ], [ 79.895656014923873, 8.988119185950337 ], [ 79.895981886891818, 8.987900120927765 ], [ 79.896169005609636, 8.987806130704806 ], [ 79.896536962295855, 8.987626587743147 ], [ 79.897105793306366, 8.987358331106774 ], [ 79.897715550477628, 8.987083257506871 ], [ 79.898490443229562, 8.986725008689904 ], [ 79.899091659735916, 8.986442926187138 ], [ 79.899712408305533, 8.986155419700584 ], [ 79.90024992917202, 8.985904794754836 ], [ 79.900731777764889, 8.985722330067761 ] ] ] ] } },
{ "type": "Feature", "properties": { "OBJECTID_1": 20, "PROVINCE_N": "Northern", "DISTRICT_N": "Mannar", "DSD_N": "Mannar Town", "GND_N": "Erukkalampiddy Centre", "GND_C": "MN/67", "TOTAL_POPU": 513, "EXIS_COVE": "Yes", "SUP_LEV": "24", "SCH_NAME": "Erukkalampiddy Wss", "RWS_SCHE": "<Null>", "PROJ_DETAI": "<Null>", "WATER_SOUR": "Borehole", "PROJ_NAME": "<Null>", "COVER_PER": 50, "P_POP": 558, "GRO_RATE": 1.2, "COVE_2018": 50.0, "WATER_QUAL": "Non_complied", "COVE_2020": 50.0, "COVE_2025": 50.0, "COVE_2030": 50.0, "Shape_Leng": 6563.1669426099998, "Shape_Area": 2152236.5386399999, "OBJECTID_2": null, "OBJECTID_3": null, "OBJECTID": null, "EX_SCH_NAM": null, "RWS_Name": null, "SUP_LEVEL": null, "layer": "Sche_Mannar", "path": "C:/Users/MB/Downloads/New folder (2)/Sem 05/Advanced GIS and Remote Sensing for Planning/WEB MAP/pipebornewatermaps (2)/Shape Files/Shape Files/WSS Shape Files/Sche_Mannar.shx|layername=Sche_Mannar" }, "geometry": { "type": "MultiPolygon", "coordinates": [ [ [ [ 79.879396879231621, 9.034832558838206 ], [ 79.879582391168668, 9.03482411236004 ], [ 79.879680232021769, 9.034815509669587 ], [ 79.880018477034881, 9.034683730304167 ], [ 79.88010751262955, 9.034639745867764 ], [ 79.880169912495418, 9.034578017493162 ], [ 79.880267905375973, 9.034507534142671 ], [ 79.880321435686099, 9.034436943683096 ], [ 79.880437213689532, 9.034366504378443 ], [ 79.880535227273654, 9.034287181388095 ], [ 79.880642091337293, 9.034225559974109 ], [ 79.880757825787725, 9.034172800570078 ], [ 79.8808824523433, 9.034120062708183 ], [ 79.881016963870522, 9.034081915111209 ], [ 79.881050033203863, 9.034075294000775 ], [ 79.881176082850359, 9.034050053861256 ], [ 79.881256138314839, 9.03404140847864 ], [ 79.881318517101519, 9.033988519437061 ], [ 79.881398593342027, 9.033971033558251 ], [ 79.88150543549051, 9.033918251426055 ], [ 79.881594513218246, 9.033856587473922 ], [ 79.881683570138492, 9.033803762153047 ], [ 79.881754775885767, 9.033777415070764 ], [ 79.881852681518694, 9.033742292189194 ], [ 79.881822703033336, 9.033640529176045 ], [ 79.881816071612562, 9.03361802032599 ], [ 79.881789773456092, 9.033512355901788 ], [ 79.881774395488108, 9.033434939248721 ], [ 79.881751158140702, 9.03338845528803 ], [ 79.881774661265737, 9.033326607870952 ], [ 79.881798222239809, 9.033241547232404 ], [ 79.881798355120367, 9.033187382446789 ], [ 79.881775230775531, 9.033094470235376 ], [ 79.881744304925903, 9.033009277498108 ], [ 79.881721313487105, 9.032862201403532 ], [ 79.881643664438513, 9.032784632863864 ], [ 79.881566147420884, 9.03265289952469 ], [ 79.88150412318015, 9.032552155490613 ], [ 79.881445971720453, 9.032479532737211 ], [ 79.881422619201885, 9.032450368768062 ], [ 79.881388021571524, 9.032407162715081 ], [ 79.881342380136218, 9.032350162793662 ], [ 79.880595676377766, 9.032848146468432 ], [ 79.87975151728709, 9.033212843653212 ], [ 79.877509542621141, 9.034045669212487 ], [ 79.876934354203414, 9.034218160831831 ], [ 79.876221819691466, 9.034535116929042 ], [ 79.87526219793989, 9.035003695899253 ], [ 79.875252732680863, 9.035018812292247 ], [ 79.874660168555906, 9.035400920654929 ], [ 79.873931483556987, 9.03573444381221 ], [ 79.873578505446545, 9.035896003628356 ], [ 79.873138637036504, 9.036065866230992 ], [ 79.873648009143039, 9.036020729053467 ], [ 79.873950796834308, 9.03584466815906 ], [ 79.874449243600438, 9.035660245833871 ], [ 79.874787601086737, 9.035484271145148 ], [ 79.87522386570582, 9.035273175105171 ], [ 79.876844310556336, 9.034472683056773 ], [ 79.876906559138661, 9.034472834824507 ], [ 79.876977634435903, 9.034499527801902 ], [ 79.877022054230835, 9.03451731618971 ], [ 79.877758398485994, 9.03522631739629 ], [ 79.877847194770411, 9.035279574001228 ], [ 79.877936033742927, 9.035315151488589 ], [ 79.878051616384923, 9.0353242725642 ], [ 79.878176157444756, 9.035306895706404 ], [ 79.878336268040002, 9.035289605394645 ], [ 79.878576565904396, 9.035210629333804 ], [ 79.878772442791814, 9.035113864917106 ], [ 79.878870414298618, 9.035052222436775 ], [ 79.878968451053041, 9.034964060370356 ], [ 79.879057552094608, 9.034893556651109 ], [ 79.879102101693206, 9.034858304779805 ], [ 79.879191137422168, 9.034814320581059 ], [ 79.879271170401353, 9.03481451520212 ], [ 79.879393737460532, 9.03483270128388 ], [ 79.879396879231621, 9.034832558838206 ] ] ] ] } },
{ "type": "Feature", "properties": { "OBJECTID_1": 21, "PROVINCE_N": "Northern", "DISTRICT_N": "Mannar", "DSD_N": "Mannar Town", "GND_N": "Erukkalampiddy East", "GND_C": "MN/65", "TOTAL_POPU": 753, "EXIS_COVE": "Yes", "SUP_LEV": "24", "SCH_NAME": "Erukkalampiddy Wss'", "RWS_SCHE": "<Null>", "PROJ_DETAI": "<Null>", "WATER_SOUR": "Borehole", "PROJ_NAME": "<Null>", "COVER_PER": 25, "P_POP": 819, "GRO_RATE": 1.2, "COVE_2018": 25.0, "WATER_QUAL": "Non_complied", "COVE_2020": 25.0, "COVE_2025": 25.0, "COVE_2030": 25.0, "Shape_Leng": 6547.9903472300002, "Shape_Area": 1037314.41919, "OBJECTID_2": null, "OBJECTID_3": null, "OBJECTID": null, "EX_SCH_NAM": null, "RWS_Name": null, "SUP_LEVEL": null, "layer": "Sche_Mannar", "path": "C:/Users/MB/Downloads/New folder (2)/Sem 05/Advanced GIS and Remote Sensing for Planning/WEB MAP/pipebornewatermaps (2)/Shape Files/Shape Files/WSS Shape Files/Sche_Mannar.shx|layername=Sche_Mannar" }, "geometry": { "type": "MultiPolygon", "coordinates": [ [ [ [ 79.902898309012357, 9.034093759888075 ], [ 79.901770515894029, 9.03383727463118 ], [ 79.90065748090997, 9.033803683957657 ], [ 79.900081503062182, 9.033786840698179 ], [ 79.899692303805821, 9.033785916268435 ], [ 79.89883610501461, 9.033768404318877 ], [ 79.898152127479676, 9.033775035430885 ], [ 79.897465007634992, 9.033781694850386 ], [ 79.896913408918422, 9.033787041334179 ], [ 79.896211164537675, 9.033839532302046 ], [ 79.895977701415887, 9.033815761015104 ], [ 79.895440850248605, 9.033713886685113 ], [ 79.895192005504555, 9.033612698553108 ], [ 79.894888731771644, 9.03348816681379 ], [ 79.894546236964402, 9.033487348518696 ], [ 79.894094112814429, 9.033757096909207 ], [ 79.893556138501935, 9.034119495714757 ], [ 79.893244330111358, 9.034304461499852 ], [ 79.892932633001337, 9.034442998597969 ], [ 79.89274553695887, 9.034558621313899 ], [ 79.892340769741779, 9.034557651727308 ], [ 79.892068799324207, 9.034363549709916 ], [ 79.891905448654057, 9.034316729532341 ], [ 79.891531386581178, 9.034493807025578 ], [ 79.891297623103867, 9.034593839319287 ], [ 79.890978443207914, 9.034608550338938 ], [ 79.890846209607659, 9.034569543673769 ], [ 79.890620963448455, 9.034367814385515 ], [ 79.890504542262391, 9.034228251712323 ], [ 79.890333803298347, 9.034018916542728 ], [ 79.890069506010562, 9.033871259320726 ], [ 79.889734907652155, 9.033824027752601 ], [ 79.88934582419563, 9.033776665817175 ], [ 79.88905819415109, 9.0336212143292 ], [ 79.88888719177551, 9.033520209267483 ], [ 79.888794048420664, 9.033411653017106 ], [ 79.88860079609745, 9.033497853899128 ], [ 79.888475819132921, 9.033675526506745 ], [ 79.888374287586842, 9.03381456528092 ], [ 79.888226016514366, 9.033968968321867 ], [ 79.887930338557538, 9.033921828802367 ], [ 79.887798351681141, 9.03378222699379 ], [ 79.887479869674763, 9.033510631260876 ], [ 79.887231330599192, 9.033285630613813 ], [ 79.886998284157315, 9.033091619858759 ], [ 79.886749689040442, 9.032889833997876 ], [ 79.88652446432458, 9.032680365948101 ], [ 79.886415659719958, 9.032610461596194 ], [ 79.88610473747903, 9.032431738429645 ], [ 79.885785766674942, 9.032361326840352 ], [ 79.885645902374705, 9.032260394640334 ], [ 79.885350417196634, 9.03213587421803 ], [ 79.88507835815922, 9.031980457472365 ], [ 79.884767115606593, 9.031933278903068 ], [ 79.884533144253695, 9.032118424204336 ], [ 79.884260348343062, 9.032264786219415 ], [ 79.883956510448968, 9.032372383686718 ], [ 79.883785150440673, 9.032418396903751 ], [ 79.883566879605127, 9.032549414349047 ], [ 79.883317680594644, 9.032595239005191 ], [ 79.883045091505338, 9.032656482743741 ], [ 79.883013671606335, 9.032772476229331 ], [ 79.88277956615147, 9.033011785971047 ], [ 79.882724964643984, 9.033058082281118 ], [ 79.882459685268842, 9.033312792156917 ], [ 79.882210182059737, 9.033482423169557 ], [ 79.881945262658604, 9.033590112217471 ], [ 79.881822703033336, 9.033640529176045 ], [ 79.881852681518694, 9.033742292189194 ], [ 79.881754775885767, 9.033777415070764 ], [ 79.881683570138492, 9.033803762153047 ], [ 79.881594513218246, 9.033856587473922 ], [ 79.88150543549051, 9.033918251426055 ], [ 79.881398593342027, 9.033971033558251 ], [ 79.881318517101519, 9.033988519437061 ], [ 79.881256138314839, 9.03404140847864 ], [ 79.881176082850359, 9.034050053861256 ], [ 79.881050033203863, 9.034075294000775 ], [ 79.881084177238208, 9.034284005006011 ], [ 79.881244612478923, 9.034435837570983 ], [ 79.881329124453089, 9.0344865243031 ], [ 79.881480953367202, 9.034697232276418 ], [ 79.881565319981235, 9.034806813176672 ], [ 79.881733870269315, 9.03510169659274 ], [ 79.881784340590315, 9.035228022791104 ], [ 79.881868420213024, 9.035455392986355 ], [ 79.88189337717624, 9.03563213811257 ], [ 79.881926385081144, 9.035977175409929 ], [ 79.881967980700551, 9.036271750918047 ], [ 79.882018431495439, 9.036406490820163 ], [ 79.882111036310008, 9.036608641254833 ], [ 79.882203579301162, 9.036836031924778 ], [ 79.882338171473876, 9.037172900782496 ], [ 79.882388623413547, 9.03730764065474 ], [ 79.882556782430498, 9.037762379963164 ], [ 79.882699880325546, 9.038082442715037 ], [ 79.882783919770063, 9.038326640222742 ], [ 79.882893348203922, 9.038570898326686 ], [ 79.882994314711041, 9.038815136813509 ], [ 79.883087002164856, 9.038983633111883 ], [ 79.883289224436822, 9.039354319730785 ], [ 79.883415601879634, 9.0395902059101 ], [ 79.883491424658231, 9.039733420890306 ], [ 79.883567227788944, 9.039885048677638 ], [ 79.883727316022615, 9.040179910983388 ], [ 79.883811644166073, 9.040306319870346 ], [ 79.883929621052715, 9.04051694427638 ], [ 79.884080003394956, 9.040628367116941 ], [ 79.884198186555878, 9.040754856959584 ], [ 79.884324813130149, 9.040889780066582 ], [ 79.884620611857372, 9.041067181208636 ], [ 79.884772711055803, 9.041168511610126 ], [ 79.885017768677628, 9.041328963117016 ], [ 79.885212023183755, 9.041497703646549 ], [ 79.885397711948585, 9.041708491349301 ], [ 79.885591800434952, 9.041944540592258 ], [ 79.885777427025118, 9.042180569310821 ], [ 79.885971476689235, 9.042433445848014 ], [ 79.886081198033992, 9.042559914749777 ], [ 79.886308979762291, 9.042863353448206 ], [ 79.886477720405807, 9.043082513565256 ], [ 79.886663369588817, 9.043310128208793 ], [ 79.886764626526713, 9.04343657651661 ], [ 79.887093790679856, 9.043815981668878 ], [ 79.887304810284405, 9.044052071036877 ], [ 79.887507367965753, 9.044288138994881 ], [ 79.887709945523184, 9.04451579494188 ], [ 79.88786171864021, 9.044751741195203 ], [ 79.88802193727517, 9.044996121535908 ], [ 79.888190659379319, 9.045223694762003 ], [ 79.888275031222719, 9.045333274489435 ], [ 79.888410185568858, 9.045442976564626 ], [ 79.888570568957036, 9.045620047794522 ], [ 79.888773270039778, 9.045797222703563 ], [ 79.888905080465975, 9.045890089011767 ], [ 79.889173960796484, 9.046164149917303 ], [ 79.889268391410226, 9.046260399762231 ], [ 79.889401279895125, 9.04639584824135 ], [ 79.889727493060562, 9.046728345640307 ], [ 79.889800406954791, 9.046649466261858 ], [ 79.889951366858043, 9.046869542495172 ], [ 79.890439148298597, 9.04646745892957 ], [ 79.890969677411263, 9.046014222493744 ], [ 79.891427776284132, 9.045656496562565 ], [ 79.891717191227812, 9.045394053139923 ], [ 79.89219958786984, 9.044940698161541 ], [ 79.89292280205467, 9.04441615479602 ], [ 79.893206917261736, 9.044230848998351 ], [ 79.893412722565714, 9.044096617463014 ], [ 79.89348921845388, 9.044046724818926 ], [ 79.894067752735779, 9.04364144083258 ], [ 79.894791077578034, 9.043069051711415 ], [ 79.895321190566975, 9.042783258252314 ], [ 79.895827412154404, 9.042425640986 ], [ 79.896309105509715, 9.042259339816955 ], [ 79.896598398804613, 9.042044734357765 ], [ 79.897080725542253, 9.041615293099342 ], [ 79.897804042757016, 9.041042895330282 ], [ 79.89833484238828, 9.040470038449145 ], [ 79.898745203650194, 9.039944735881244 ], [ 79.89905861521467, 9.039706264161696 ], [ 79.899372141512359, 9.039419948726474 ], [ 79.899661430794879, 9.039205341335895 ], [ 79.899806449751424, 9.038942546226588 ], [ 79.899734544928492, 9.038822766559077 ], [ 79.89954197284375, 9.038846230172624 ], [ 79.899566498015773, 9.038654914648124 ], [ 79.899602766431258, 9.038583235793295 ], [ 79.899747411152802, 9.038475931546113 ], [ 79.900012347111144, 9.03838087376538 ], [ 79.900084828001013, 9.038261437199642 ], [ 79.899964737125842, 9.038165465391552 ], [ 79.899741176363605, 9.038209360205789 ], [ 79.899507114435565, 9.038331830187222 ], [ 79.898976723073773, 9.038737238750558 ], [ 79.898542414107794, 9.039214640193135 ], [ 79.898385595242985, 9.039456937185436 ], [ 79.897709133827064, 9.039186085359388 ], [ 79.897796710399518, 9.039093255770045 ], [ 79.898161682712185, 9.038571871695662 ], [ 79.898231365924119, 9.038472325105992 ], [ 79.89890694849214, 9.037732358249331 ], [ 79.899362198136885, 9.037261496644064 ], [ 79.899444910560973, 9.037203862612976 ], [ 79.899510049339113, 9.037111828153593 ], [ 79.899847866683203, 9.036729882387331 ], [ 79.900305889571342, 9.036396065409347 ], [ 79.900787918783521, 9.036086227056327 ], [ 79.901173919497239, 9.035680472780117 ], [ 79.901656577442282, 9.035107494612264 ], [ 79.901742910262186, 9.035049279069248 ], [ 79.901787469027809, 9.034987410361424 ], [ 79.902006337311448, 9.034761457767125 ], [ 79.902392049464055, 9.034475310112272 ], [ 79.902898309012357, 9.034093759888075 ] ] ] ] } },
{ "type": "Feature", "properties": { "OBJECTID_1": 22, "PROVINCE_N": "Northern", "DISTRICT_N": "Mannar", "DSD_N": "Mannar Town", "GND_N": "Erukkalampiddy North", "GND_C": "MN/64", "TOTAL_POPU": 417, "EXIS_COVE": "Yes", "SUP_LEV": "24", "SCH_NAME": "Erukkalampiddy Wss", "RWS_SCHE": "<Null>", "PROJ_DETAI": "<Null>", "WATER_SOUR": "Borehole", "PROJ_NAME": "<Null>", "COVER_PER": 25, "P_POP": 453, "GRO_RATE": 1.2, "COVE_2018": 25.0, "WATER_QUAL": "Non_complied", "COVE_2020": 25.0, "COVE_2025": 25.0, "COVE_2030": 25.0, "Shape_Leng": 4208.6898451799998, "Shape_Area": 851157.13118400006, "OBJECTID_2": null, "OBJECTID_3": null, "OBJECTID": null, "EX_SCH_NAM": null, "RWS_Name": null, "SUP_LEVEL": null, "layer": "Sche_Mannar", "path": "C:/Users/MB/Downloads/New folder (2)/Sem 05/Advanced GIS and Remote Sensing for Planning/WEB MAP/pipebornewatermaps (2)/Shape Files/Shape Files/WSS Shape Files/Sche_Mannar.shx|layername=Sche_Mannar" }, "geometry": { "type": "MultiPolygon", "coordinates": [ [ [ [ 79.889951366858043, 9.046869542495172 ], [ 79.889800406954791, 9.046649466261858 ], [ 79.889727493060562, 9.046728345640307 ], [ 79.889401279895125, 9.04639584824135 ], [ 79.889268391410226, 9.046260399762231 ], [ 79.889173960796484, 9.046164149917303 ], [ 79.888905080465975, 9.045890089011767 ], [ 79.888773270039778, 9.045797222703563 ], [ 79.888570568957036, 9.045620047794522 ], [ 79.888410185568858, 9.045442976564626 ], [ 79.888275031222719, 9.045333274489435 ], [ 79.888190659379319, 9.045223694762003 ], [ 79.88802193727517, 9.044996121535908 ], [ 79.88786171864021, 9.044751741195203 ], [ 79.887709945523184, 9.04451579494188 ], [ 79.887507367965753, 9.044288138994881 ], [ 79.887304810284405, 9.044052071036877 ], [ 79.887093790679856, 9.043815981668878 ], [ 79.886764626526713, 9.04343657651661 ], [ 79.886663369588817, 9.043310128208793 ], [ 79.886477720405807, 9.043082513565256 ], [ 79.886308979762291, 9.042863353448206 ], [ 79.886081198033992, 9.042559914749777 ], [ 79.885971476689235, 9.042433445848014 ], [ 79.885777427025118, 9.042180569310821 ], [ 79.885591800434952, 9.041944540592258 ], [ 79.885397711948585, 9.041708491349301 ], [ 79.885212023183755, 9.041497703646549 ], [ 79.885017768677628, 9.041328963117016 ], [ 79.884772711055803, 9.041168511610126 ], [ 79.884620611857372, 9.041067181208636 ], [ 79.884324813130149, 9.040889780066582 ], [ 79.884198186555878, 9.040754856959584 ], [ 79.884080003394956, 9.040628367116941 ], [ 79.883929621052715, 9.04051694427638 ], [ 79.883811644166073, 9.040306319870346 ], [ 79.883727316022615, 9.040179910983388 ], [ 79.883567227788944, 9.039885048677638 ], [ 79.883491424658231, 9.039733420890306 ], [ 79.883415601879634, 9.0395902059101 ], [ 79.883289224436822, 9.039354319730785 ], [ 79.883087002164856, 9.038983633111883 ], [ 79.882994314711041, 9.038815136813509 ], [ 79.882893348203922, 9.038570898326686 ], [ 79.882783919770063, 9.038326640222742 ], [ 79.882699880325546, 9.038082442715037 ], [ 79.882556782430498, 9.037762379963164 ], [ 79.882388623413547, 9.03730764065474 ], [ 79.882338171473876, 9.037172900782496 ], [ 79.882203579301162, 9.036836031924778 ], [ 79.882111036310008, 9.036608641254833 ], [ 79.882018431495439, 9.036406490820163 ], [ 79.881967980700551, 9.036271750918047 ], [ 79.881926385081144, 9.035977175409929 ], [ 79.88189337717624, 9.03563213811257 ], [ 79.881868420213024, 9.035455392986355 ], [ 79.881784340590315, 9.035228022791104 ], [ 79.881733870269315, 9.03510169659274 ], [ 79.881565319981235, 9.034806813176672 ], [ 79.881480953367202, 9.034697232276418 ], [ 79.881329124453089, 9.0344865243031 ], [ 79.881244612478923, 9.034435837570983 ], [ 79.881084177238208, 9.034284005006011 ], [ 79.881050033203863, 9.034075294000775 ], [ 79.881016963870522, 9.034081915111209 ], [ 79.8808824523433, 9.034120062708183 ], [ 79.880757825787725, 9.034172800570078 ], [ 79.880642091337293, 9.034225559974109 ], [ 79.880535227273654, 9.034287181388095 ], [ 79.880437213689532, 9.034366504378443 ], [ 79.880321435686099, 9.034436943683096 ], [ 79.880267905375973, 9.034507534142671 ], [ 79.880169912495418, 9.034578017493162 ], [ 79.88010751262955, 9.034639745867764 ], [ 79.880018477034881, 9.034683730304167 ], [ 79.879680232021769, 9.034815509669587 ], [ 79.879582391168668, 9.03482411236004 ], [ 79.879396879231621, 9.034832558838206 ], [ 79.879430689582648, 9.035015708650128 ], [ 79.879535146854764, 9.035340321943158 ], [ 79.879624214333276, 9.03550271813527 ], [ 79.879708069177994, 9.035644175727773 ], [ 79.879807545721803, 9.035853682077715 ], [ 79.879754764035482, 9.035916332435956 ], [ 79.879869978122045, 9.03614680384643 ], [ 79.879906637303677, 9.0362201349964 ], [ 79.880048009968291, 9.036513449491602 ], [ 79.880231588406176, 9.03676501285365 ], [ 79.880289092355227, 9.036922100089839 ], [ 79.880393936613075, 9.037089766635809 ], [ 79.880567181840917, 9.037262830548157 ], [ 79.880503707196297, 9.037393465841905 ], [ 79.880255856989208, 9.037596897059689 ], [ 79.880044935141115, 9.037763795448463 ], [ 79.879697028219553, 9.037993140211791 ], [ 79.879533973195905, 9.037956122263708 ], [ 79.879722672692552, 9.038265246639725 ], [ 79.879879821088849, 9.038563829933496 ], [ 79.879968849862763, 9.038741921573312 ], [ 79.880115616264419, 9.038982933074758 ], [ 79.880451378502357, 9.039412740603471 ], [ 79.880640401888243, 9.039591074155108 ], [ 79.880740137039169, 9.039695948702033 ], [ 79.881196791342973, 9.040188828853342 ], [ 79.881375134606841, 9.040429915722955 ], [ 79.881747725669314, 9.040865043855847 ], [ 79.882036178142357, 9.041273809512115 ], [ 79.88222507486455, 9.041504459149611 ], [ 79.882513489843817, 9.041928918187493 ], [ 79.882833442653961, 9.042369149974993 ], [ 79.883106250274963, 9.042720328734015 ], [ 79.883310744322088, 9.043029489076021 ], [ 79.883614987601192, 9.043438292029192 ], [ 79.883866757803787, 9.043784187232786 ], [ 79.884113278795553, 9.044124839242619 ], [ 79.884532897893948, 9.044701332846083 ], [ 79.884742707928069, 9.044989579509128 ], [ 79.885214880004156, 9.045597588089159 ], [ 79.885566314591998, 9.046079746921674 ], [ 79.885996501567561, 9.046640569184131 ], [ 79.886227300914015, 9.046955023999569 ], [ 79.886484338441193, 9.047300931432055 ], [ 79.886709902540559, 9.04760490994531 ], [ 79.88700361539118, 9.048018916534595 ], [ 79.887465257103429, 9.048632130486505 ], [ 79.887589870174708, 9.048901508287388 ], [ 79.88765392698447, 9.04881703685078 ], [ 79.888232825203985, 9.048268235620638 ], [ 79.888413515271623, 9.048184944773162 ], [ 79.889064547099679, 9.047660236256396 ], [ 79.889860431866296, 9.046944501660034 ], [ 79.889951366858043, 9.046869542495172 ] ] ] ] } },
{ "type": "Feature", "properties": { "OBJECTID_1": 23, "PROVINCE_N": "Northern", "DISTRICT_N": "Mannar", "DSD_N": "Mannar Town", "GND_N": "Erukkalampiddy South", "GND_C": "MN/66", "TOTAL_POPU": 368, "EXIS_COVE": "Yes", "SUP_LEV": "24", "SCH_NAME": "Erukkalampiddy Wss", "RWS_SCHE": "<Null>", "PROJ_DETAI": "<Null>", "WATER_SOUR": "Borehole", "PROJ_NAME": "<Null>", "COVER_PER": 50, "P_POP": 400, "GRO_RATE": 1.2, "COVE_2018": 50.0, "WATER_QUAL": "Non_complied", "COVE_2020": 50.0, "COVE_2025": 50.0, "COVE_2030": 50.0, "Shape_Leng": 13771.451090500001, "Shape_Area": 10219676.696, "OBJECTID_2": null, "OBJECTID_3": null, "OBJECTID": null, "EX_SCH_NAM": null, "RWS_Name": null, "SUP_LEVEL": null, "layer": "Sche_Mannar", "path": "C:/Users/MB/Downloads/New folder (2)/Sem 05/Advanced GIS and Remote Sensing for Planning/WEB MAP/pipebornewatermaps (2)/Shape Files/Shape Files/WSS Shape Files/Sche_Mannar.shx|layername=Sche_Mannar" }, "geometry": { "type": "MultiPolygon", "coordinates": [ [ [ [ 79.902898309012357, 9.034093759888075 ], [ 79.903164100262742, 9.033639874769415 ], [ 79.903309343272497, 9.03328139170751 ], [ 79.903406457158198, 9.032922794713407 ], [ 79.903454871334787, 9.032803300316484 ], [ 79.903768617869346, 9.032421293169326 ], [ 79.904202739043654, 9.032015648724958 ], [ 79.904588732419924, 9.031609890905978 ], [ 79.904902590088298, 9.031180039959789 ], [ 79.905084010980914, 9.03078575825314 ], [ 79.905349569279281, 9.030427557998822 ], [ 79.906025464411044, 9.029544045290345 ], [ 79.906773034591779, 9.028875995534852 ], [ 79.907400341153689, 9.028183739530284 ], [ 79.907859257355469, 9.027467164756281 ], [ 79.907980371884221, 9.027132543786106 ], [ 79.90798162409412, 9.026606266564826 ], [ 79.90795909681934, 9.025960325229109 ], [ 79.907936058218212, 9.025529677599943 ], [ 79.908033221748028, 9.025147157283355 ], [ 79.908105640190911, 9.025051639876562 ], [ 79.908539803362288, 9.024622067529824 ], [ 79.90911868781366, 9.024049302838952 ], [ 79.909841050307151, 9.023499071806276 ], [ 79.910034626915632, 9.023405562267117 ], [ 79.910098175587862, 9.023323307962679 ], [ 79.910974739137615, 9.022714031850475 ], [ 79.911987320387695, 9.021903058970313 ], [ 79.912590144801442, 9.021378186813626 ], [ 79.913627234554781, 9.020375891275833 ], [ 79.914664486978538, 9.019301828099922 ], [ 79.915725571342378, 9.018323502916601 ], [ 79.915729580467541, 9.018308368046737 ], [ 79.915895221692651, 9.018166826687391 ], [ 79.915942589150518, 9.018132632378933 ], [ 79.917485487038022, 9.016916203577695 ], [ 79.919173088926755, 9.015556571731452 ], [ 79.919416627329397, 9.01534922369283 ], [ 79.919606949261919, 9.015246591774506 ], [ 79.920932081723862, 9.014532003147298 ], [ 79.922786535135742, 9.013842551889249 ], [ 79.923918766239595, 9.013294958093958 ], [ 79.925075892917704, 9.012388589624228 ], [ 79.925485904359633, 9.011982859781869 ], [ 79.925775824555828, 9.011481165164408 ], [ 79.925969270817745, 9.011074936640158 ], [ 79.925946042237157, 9.010716054073695 ], [ 79.925946598563797, 9.010476835899329 ], [ 79.925887671358609, 9.010339265720669 ], [ 79.925850729008886, 9.010309731343702 ], [ 79.925565975724922, 9.010071842721329 ], [ 79.925224066176483, 9.009938470537584 ], [ 79.924433147655137, 9.009964449754893 ], [ 79.923247070051048, 9.010092699716415 ], [ 79.922047541418863, 9.010338800150343 ], [ 79.921520225061371, 9.010468564878401 ], [ 79.920281445068667, 9.010596683260099 ], [ 79.919279942738541, 9.010672954468793 ], [ 79.918410130209722, 9.010775724661766 ], [ 79.917592525745093, 9.011088186398185 ], [ 79.916827252064408, 9.011557946631179 ], [ 79.915599392050055, 9.01264224779306 ], [ 79.915150197232151, 9.013165132949098 ], [ 79.914542834675686, 9.01371384519463 ], [ 79.913883079272807, 9.014131451654437 ], [ 79.913117856624979, 9.014575005993926 ], [ 79.912431807723493, 9.014966351866214 ], [ 79.911904049508792, 9.015279476642876 ], [ 79.911375793459484, 9.015802171484168 ], [ 79.910662955478941, 9.016376825823153 ], [ 79.910082243154164, 9.016794609634021 ], [ 79.909171240652398, 9.017591466344326 ], [ 79.908774795166622, 9.018088269655157 ], [ 79.907928575516749, 9.019343713725872 ], [ 79.90745288584074, 9.019918917773714 ], [ 79.906765698474402, 9.020781783947898 ], [ 79.906184662625336, 9.021330541797942 ], [ 79.905340299715832, 9.021800089189338 ], [ 79.90460158993308, 9.022165097000245 ], [ 79.904492732394232, 9.022222059744466 ], [ 79.903480253661741, 9.022751869995346 ], [ 79.902293004926946, 9.023351580474943 ], [ 79.901607180793334, 9.023638118168392 ], [ 79.900578473266179, 9.024054823628141 ], [ 79.898230178753835, 9.025306675427602 ], [ 79.897003482028538, 9.025866980001384 ], [ 79.895552192709076, 9.026675608044799 ], [ 79.893678891276693, 9.027640400743266 ], [ 79.890922898809265, 9.028563772813564 ], [ 79.890289951168498, 9.028771825081769 ], [ 79.889234803463935, 9.029214628749253 ], [ 79.887837081910249, 9.029656604724527 ], [ 79.886360047360228, 9.030203169114266 ], [ 79.885339774391738, 9.030485089936354 ], [ 79.884527356943821, 9.030709573812091 ], [ 79.883446167087484, 9.031021315398327 ], [ 79.882522957329499, 9.031385828401261 ], [ 79.88173067008519, 9.032091207825768 ], [ 79.881342380136218, 9.032350162793662 ], [ 79.881388021571524, 9.032407162715081 ], [ 79.881422619201885, 9.032450368768062 ], [ 79.881445971720453, 9.032479532737211 ], [ 79.88150412318015, 9.032552155490613 ], [ 79.881566147420884, 9.03265289952469 ], [ 79.881643664438513, 9.032784632863864 ], [ 79.881721313487105, 9.032862201403532 ], [ 79.881744304925903, 9.033009277498108 ], [ 79.881775230775531, 9.033094470235376 ], [ 79.881798355120367, 9.033187382446789 ], [ 79.881798222239809, 9.033241547232404 ], [ 79.881774661265737, 9.033326607870952 ], [ 79.881751158140702, 9.03338845528803 ], [ 79.881774395488108, 9.033434939248721 ], [ 79.881789773456092, 9.033512355901788 ], [ 79.881816071612562, 9.03361802032599 ], [ 79.881822703033336, 9.033640529176045 ], [ 79.881945262658604, 9.033590112217471 ], [ 79.882210182059737, 9.033482423169557 ], [ 79.882459685268842, 9.033312792156917 ], [ 79.882724964643984, 9.033058082281118 ], [ 79.88277956615147, 9.033011785971047 ], [ 79.883013671606335, 9.032772476229331 ], [ 79.883045091505338, 9.032656482743741 ], [ 79.883317680594644, 9.032595239005191 ], [ 79.883566879605127, 9.032549414349047 ], [ 79.883785150440673, 9.032418396903751 ], [ 79.883956510448968, 9.032372383686718 ], [ 79.884260348343062, 9.032264786219415 ], [ 79.884533144253695, 9.032118424204336 ], [ 79.884767115606593, 9.031933278903068 ], [ 79.88507835815922, 9.031980457472365 ], [ 79.885350417196634, 9.03213587421803 ], [ 79.885645902374705, 9.032260394640334 ], [ 79.885785766674942, 9.032361326840352 ], [ 79.88610473747903, 9.032431738429645 ], [ 79.886415659719958, 9.032610461596194 ], [ 79.88652446432458, 9.032680365948101 ], [ 79.886749689040442, 9.032889833997876 ], [ 79.886998284157315, 9.033091619858759 ], [ 79.887231330599192, 9.033285630613813 ], [ 79.887479869674763, 9.033510631260876 ], [ 79.887798351681141, 9.03378222699379 ], [ 79.887930338557538, 9.033921828802367 ], [ 79.888226016514366, 9.033968968321867 ], [ 79.888374287586842, 9.03381456528092 ], [ 79.888475819132921, 9.033675526506745 ], [ 79.88860079609745, 9.033497853899128 ], [ 79.888794048420664, 9.033411653017106 ], [ 79.88888719177551, 9.033520209267483 ], [ 79.88905819415109, 9.0336212143292 ], [ 79.88934582419563, 9.033776665817175 ], [ 79.889734907652155, 9.033824027752601 ], [ 79.890069506010562, 9.033871259320726 ], [ 79.890333803298347, 9.034018916542728 ], [ 79.890504542262391, 9.034228251712323 ], [ 79.890620963448455, 9.034367814385515 ], [ 79.890846209607659, 9.034569543673769 ], [ 79.890978443207914, 9.034608550338938 ], [ 79.891297623103867, 9.034593839319287 ], [ 79.891531386581178, 9.034493807025578 ], [ 79.891905448654057, 9.034316729532341 ], [ 79.892068799324207, 9.034363549709916 ], [ 79.892340769741779, 9.034557651727308 ], [ 79.89274553695887, 9.034558621313899 ], [ 79.892932633001337, 9.034442998597969 ], [ 79.893244330111358, 9.034304461499852 ], [ 79.893556138501935, 9.034119495714757 ], [ 79.894094112814429, 9.033757096909207 ], [ 79.894546236964402, 9.033487348518696 ], [ 79.894888731771644, 9.03348816681379 ], [ 79.895192005504555, 9.033612698553108 ], [ 79.895440850248605, 9.033713886685113 ], [ 79.895977701415887, 9.033815761015104 ], [ 79.896211164537675, 9.033839532302046 ], [ 79.896913408918422, 9.033787041334179 ], [ 79.897465007634992, 9.033781694850386 ], [ 79.898152127479676, 9.033775035430885 ], [ 79.89883610501461, 9.033768404318877 ], [ 79.899692303805821, 9.033785916268435 ], [ 79.900081503062182, 9.033786840698179 ], [ 79.90065748090997, 9.033803683957657 ], [ 79.901770515894029, 9.03383727463118 ], [ 79.902898309012357, 9.034093759888075 ] ] ] ] } },
{ "type": "Feature", "properties": { "OBJECTID_1": 24, "PROVINCE_N": "Northern", "DISTRICT_N": "Mannar", "DSD_N": "Mannar Town", "GND_N": "Erukkalampiddy West", "GND_C": "MN/63", "TOTAL_POPU": 617, "EXIS_COVE": "Yes", "SUP_LEV": "24", "SCH_NAME": "Erukkalampiddy Wss", "RWS_SCHE": "<Null>", "PROJ_DETAI": "<Null>", "WATER_SOUR": "Borehole", "PROJ_NAME": "<Null>", "COVER_PER": 50, "P_POP": 671, "GRO_RATE": 1.2, "COVE_2018": 50.0, "WATER_QUAL": "Non_complied", "COVE_2020": 50.0, "COVE_2025": 50.0, "COVE_2030": 50.0, "Shape_Leng": 21697.605456500001, "Shape_Area": 9125264.4720300008, "OBJECTID_2": null, "OBJECTID_3": null, "OBJECTID": null, "EX_SCH_NAM": null, "RWS_Name": null, "SUP_LEVEL": null, "layer": "Sche_Mannar", "path": "C:/Users/MB/Downloads/New folder (2)/Sem 05/Advanced GIS and Remote Sensing for Planning/WEB MAP/pipebornewatermaps (2)/Shape Files/Shape Files/WSS Shape Files/Sche_Mannar.shx|layername=Sche_Mannar" }, "geometry": { "type": "MultiPolygon", "coordinates": [ [ [ [ 79.887589870174708, 9.048901508287388 ], [ 79.887465257103429, 9.048632130486505 ], [ 79.88700361539118, 9.048018916534595 ], [ 79.886709902540559, 9.04760490994531 ], [ 79.886484338441193, 9.047300931432055 ], [ 79.886227300914015, 9.046955023999569 ], [ 79.885996501567561, 9.046640569184131 ], [ 79.885566314591998, 9.046079746921674 ], [ 79.885214880004156, 9.045597588089159 ], [ 79.884742707928069, 9.044989579509128 ], [ 79.884532897893948, 9.044701332846083 ], [ 79.884113278795553, 9.044124839242619 ], [ 79.883866757803787, 9.043784187232786 ], [ 79.883614987601192, 9.043438292029192 ], [ 79.883310744322088, 9.043029489076021 ], [ 79.883106250274963, 9.042720328734015 ], [ 79.882833442653961, 9.042369149974993 ], [ 79.882513489843817, 9.041928918187493 ], [ 79.88222507486455, 9.041504459149611 ], [ 79.882036178142357, 9.041273809512115 ], [ 79.881747725669314, 9.040865043855847 ], [ 79.881375134606841, 9.040429915722955 ], [ 79.881196791342973, 9.040188828853342 ], [ 79.880740137039169, 9.039695948702033 ], [ 79.880640401888243, 9.039591074155108 ], [ 79.880451378502357, 9.039412740603471 ], [ 79.880115616264419, 9.038982933074758 ], [ 79.879968849862763, 9.038741921573312 ], [ 79.879879821088849, 9.038563829933496 ], [ 79.879722672692552, 9.038265246639725 ], [ 79.879533973195905, 9.037956122263708 ], [ 79.879697028219553, 9.037993140211791 ], [ 79.880044935141115, 9.037763795448463 ], [ 79.880255856989208, 9.037596897059689 ], [ 79.880503707196297, 9.037393465841905 ], [ 79.880567181840917, 9.037262830548157 ], [ 79.880393936613075, 9.037089766635809 ], [ 79.880289092355227, 9.036922100089839 ], [ 79.880231588406176, 9.03676501285365 ], [ 79.880048009968291, 9.036513449491602 ], [ 79.879906637303677, 9.0362201349964 ], [ 79.879869978122045, 9.03614680384643 ], [ 79.879754764035482, 9.035916332435956 ], [ 79.879807545721803, 9.035853682077715 ], [ 79.879708069177994, 9.035644175727773 ], [ 79.879624214333276, 9.03550271813527 ], [ 79.879535146854764, 9.035340321943158 ], [ 79.879430689582648, 9.035015708650128 ], [ 79.879396879231621, 9.034832558838206 ], [ 79.879393737460532, 9.03483270128388 ], [ 79.879271170401353, 9.03481451520212 ], [ 79.879191137422168, 9.034814320581059 ], [ 79.879102101693206, 9.034858304779805 ], [ 79.879057552094608, 9.034893556651109 ], [ 79.878968451053041, 9.034964060370356 ], [ 79.878870414298618, 9.035052222436775 ], [ 79.878772442791814, 9.035113864917106 ], [ 79.878576565904396, 9.035210629333804 ], [ 79.878336268040002, 9.035289605394645 ], [ 79.878176157444756, 9.035306895706404 ], [ 79.878051616384923, 9.0353242725642 ], [ 79.877936033742927, 9.035315151488589 ], [ 79.877847194770411, 9.035279574001228 ], [ 79.877758398485994, 9.03522631739629 ], [ 79.877022054230835, 9.03451731618971 ], [ 79.876977634435903, 9.034499527801902 ], [ 79.876906559138661, 9.034472834824507 ], [ 79.876844310556336, 9.034472683056773 ], [ 79.87522386570582, 9.035273175105171 ], [ 79.874787601086737, 9.035484271145148 ], [ 79.874449243600438, 9.035660245833871 ], [ 79.873950796834308, 9.03584466815906 ], [ 79.873648009143039, 9.036020729053467 ], [ 79.873138637036504, 9.036065866230992 ], [ 79.872531320451614, 9.034994772102678 ], [ 79.871580304229894, 9.033317495938778 ], [ 79.871035218400408, 9.032548991806737 ], [ 79.86932573816452, 9.03509607761082 ], [ 79.868023063906435, 9.036952523421508 ], [ 79.866799771364612, 9.03853389263169 ], [ 79.866630698054792, 9.038800286553503 ], [ 79.866414272392362, 9.039061332282943 ], [ 79.866076397979711, 9.039484258006359 ], [ 79.865611823686038, 9.040063816377213 ], [ 79.865210688310142, 9.040528437379661 ], [ 79.864830617378942, 9.0409878768798 ], [ 79.864376617229411, 9.041546534492165 ], [ 79.863875145284311, 9.042146925515924 ], [ 79.863639889125039, 9.042449115096073 ], [ 79.863415801029291, 9.042736957569955 ], [ 79.863172951633658, 9.043039787060778 ], [ 79.862882460587358, 9.043452361270479 ], [ 79.862607731780614, 9.043875439425308 ], [ 79.862200959792361, 9.044486525657534 ], [ 79.861994854361782, 9.044826067478036 ], [ 79.861725451567381, 9.045222999119709 ], [ 79.861360883303149, 9.045792336343398 ], [ 79.861123096138854, 9.046173651325333 ], [ 79.860911306085995, 9.046680588198081 ], [ 79.860810456212832, 9.047020390613712 ], [ 79.860629887539375, 9.047668657768895 ], [ 79.860364124020464, 9.048709080790609 ], [ 79.860146224753763, 9.049550822507495 ], [ 79.859859315524346, 9.050627814345281 ], [ 79.859620611891998, 9.051370104140441 ], [ 79.859366950130038, 9.051782767849492 ], [ 79.859176759691707, 9.052070030216925 ], [ 79.858796404258598, 9.052634092180629 ], [ 79.858479505845139, 9.053077987483878 ], [ 79.857835194634163, 9.053960515942695 ], [ 79.857285917523569, 9.054722954115883 ], [ 79.856778940092468, 9.055407024146376 ], [ 79.856306772587516, 9.056059902399097 ], [ 79.855801765440447, 9.056758183772613 ], [ 79.855426876080728, 9.057276545412837 ], [ 79.854555537879222, 9.058435772270435 ], [ 79.853913065802942, 9.059323773465726 ], [ 79.853546755010782, 9.059830072411268 ], [ 79.853245793634969, 9.060211220019429 ], [ 79.852918328460291, 9.060665544929542 ], [ 79.852574993667574, 9.061151218656013 ], [ 79.852326738700626, 9.061501109498431 ], [ 79.852621483920473, 9.061496617735596 ], [ 79.853021608175865, 9.061445307601746 ], [ 79.853595454837588, 9.061378737447711 ], [ 79.854227180491591, 9.061317542689338 ], [ 79.854616752567736, 9.061276666736257 ], [ 79.854927432660588, 9.06121466608686 ], [ 79.855417214312681, 9.061090335463023 ], [ 79.855959481445922, 9.06102368153249 ], [ 79.856285023120847, 9.061327927102214 ], [ 79.856363532048732, 9.061500765259424 ], [ 79.856603951212179, 9.0621657767187 ], [ 79.856692812844173, 9.062406651012806 ], [ 79.856818332825725, 9.062720859363045 ], [ 79.85704334819016, 9.063234116090673 ], [ 79.857194878891121, 9.063668714524857 ], [ 79.857320439353728, 9.063967228321879 ], [ 79.857503761517179, 9.064318202186984 ], [ 79.857634254428518, 9.06474751672428 ], [ 79.857869599996434, 9.065339272570133 ], [ 79.858183522993684, 9.066077706707359 ], [ 79.858330162493715, 9.066365809590286 ], [ 79.858523590109669, 9.066884218063366 ], [ 79.858628086376939, 9.067187910194313 ], [ 79.858884420846891, 9.067805874999904 ], [ 79.859083178727829, 9.06829813870959 ], [ 79.859145980178852, 9.068439549085486 ], [ 79.859323804518482, 9.068884675921012 ], [ 79.859507197701888, 9.069209491409268 ], [ 79.859816113016578, 9.06984851362375 ], [ 79.860188942227822, 9.070189494907607 ], [ 79.860504285455264, 9.070368154953542 ], [ 79.860703851533373, 9.070541294167089 ], [ 79.861003035683567, 9.070866397588013 ], [ 79.861407286889218, 9.0712702352218 ], [ 79.861612078123287, 9.071459081588168 ], [ 79.86206930641309, 9.071727028876289 ], [ 79.862295136541604, 9.071921159387584 ], [ 79.863276569277744, 9.072619120392782 ], [ 79.864434032085867, 9.071712977763392 ], [ 79.86539830105167, 9.071069489930855 ], [ 79.866290487584948, 9.070377976609967 ], [ 79.866869572471131, 9.069781372478616 ], [ 79.86771338236521, 9.069185420874113 ], [ 79.868485229128254, 9.068493604662759 ], [ 79.869027939182175, 9.068004552721233 ], [ 79.869630663325623, 9.067575452580511 ], [ 79.87045051664964, 9.066931591326087 ], [ 79.871077601918316, 9.066382940769904 ], [ 79.87168067849197, 9.065810308686583 ], [ 79.872259330550335, 9.065381144289328 ], [ 79.872861988121684, 9.064975959010461 ], [ 79.873609275461305, 9.064475441082148 ], [ 79.874235935203146, 9.064094233352778 ], [ 79.874874834982876, 9.063629329295415 ], [ 79.875477604626283, 9.063176296065103 ], [ 79.87593609773802, 9.062675066096402 ], [ 79.876177287576709, 9.062460361898539 ], [ 79.876852192082083, 9.06203142468086 ], [ 79.877454897546286, 9.061602308735855 ], [ 79.877961517261156, 9.061101193331464 ], [ 79.878540450163371, 9.060552409283389 ], [ 79.87892626696835, 9.06024237002671 ], [ 79.879312023187808, 9.059956252290393 ], [ 79.879842053363419, 9.059718328129161 ], [ 79.880300064450012, 9.059408462210644 ], [ 79.880589321763679, 9.059217793818494 ], [ 79.880782670176146, 9.058883361550896 ], [ 79.880758958644691, 9.058739774541465 ], [ 79.880710733925781, 9.058739657168539 ], [ 79.880713451591078, 9.058712007608507 ], [ 79.88059067728534, 9.05866759938673 ], [ 79.880373970246083, 9.058714915200381 ], [ 79.880133021207655, 9.058833936477436 ], [ 79.879771449898428, 9.059072271715749 ], [ 79.879216882436893, 9.059501509565004 ], [ 79.878613946234353, 9.06002631426384 ], [ 79.878035309932386, 9.060455489493629 ], [ 79.877721689558456, 9.060765704974633 ], [ 79.87733563458022, 9.06117142892616 ], [ 79.876901625868541, 9.061505270564433 ], [ 79.876492333092855, 9.061576034146466 ], [ 79.876275979405406, 9.061479818159668 ], [ 79.876276512539917, 9.061264524890658 ], [ 79.876373012081942, 9.061169075207657 ], [ 79.876662331872268, 9.060954488293978 ], [ 79.876951532951949, 9.060787744175405 ], [ 79.877361298062709, 9.060525608624511 ], [ 79.877843613701486, 9.060120120562422 ], [ 79.878253554749094, 9.059786218796805 ], [ 79.878663554119868, 9.059428395402165 ], [ 79.879049074345261, 9.059237962242806 ], [ 79.879483019387237, 9.05892803956332 ], [ 79.879845061658401, 9.058498332197656 ], [ 79.880110607147586, 9.058164077081246 ], [ 79.880150037612182, 9.05809171139038 ], [ 79.880255234900304, 9.058068742489803 ], [ 79.880544844681808, 9.057734544675178 ], [ 79.880762081344741, 9.057471936025163 ], [ 79.881171899005295, 9.057185873517806 ], [ 79.881677918793969, 9.056923965605876 ], [ 79.882112035375258, 9.056542275031536 ], [ 79.882473661470812, 9.056280015032792 ], [ 79.882907542325881, 9.055994008744733 ], [ 79.883365780143251, 9.055588452809763 ], [ 79.883920513821565, 9.055087443239161 ], [ 79.884547910474595, 9.054395236666313 ], [ 79.884861988469538, 9.053893643220468 ], [ 79.885392534659076, 9.053440415845612 ], [ 79.885923195717282, 9.052939344364306 ], [ 79.886767170415354, 9.05224765592572 ], [ 79.887370140473408, 9.051698914039196 ], [ 79.888057949752238, 9.05089919739836 ], [ 79.888540007471818, 9.050589378219357 ], [ 79.888974226006795, 9.050159833809175 ], [ 79.889215808923808, 9.049777669321093 ], [ 79.889457565258809, 9.04932373928434 ], [ 79.889578414046156, 9.049108734767882 ], [ 79.889747334258601, 9.048917768114329 ], [ 79.889916079534288, 9.048798565801601 ], [ 79.890133186559382, 9.048583793560672 ], [ 79.890254092903987, 9.048344867570339 ], [ 79.890254500490926, 9.048177416593113 ], [ 79.890200750617495, 9.04810223053013 ], [ 79.890187215482669, 9.048083297255753 ], [ 79.890186366135808, 9.048082109905851 ], [ 79.890182539237671, 9.048081556418111 ], [ 79.890062739477941, 9.047865973649486 ], [ 79.890042800356014, 9.047857106855343 ], [ 79.889846389245065, 9.047769766050884 ], [ 79.889677469674567, 9.04796073281806 ], [ 79.889556038662278, 9.048414952800544 ], [ 79.889362646153685, 9.048773312377735 ], [ 79.889096767346629, 9.049251105600476 ], [ 79.888662549229977, 9.049680649388714 ], [ 79.888349180776586, 9.049895189453155 ], [ 79.888107656199765, 9.050253432110384 ], [ 79.887866071817456, 9.050635595715702 ], [ 79.887432026762554, 9.050993374240448 ], [ 79.88694990920024, 9.051327112967744 ], [ 79.886443549737209, 9.051732558079738 ], [ 79.886202197551171, 9.052019034794514 ], [ 79.885719492013123, 9.052591987623815 ], [ 79.885333631457371, 9.052925957561932 ], [ 79.884947887419187, 9.053212083835458 ], [ 79.884490122677633, 9.053426270455574 ], [ 79.884104493915217, 9.053664552543946 ], [ 79.883887320724355, 9.053903242552408 ], [ 79.88362137194315, 9.054404952648797 ], [ 79.883404021807934, 9.054715405671493 ], [ 79.882898006281565, 9.05497731641776 ], [ 79.88248825125693, 9.05523945923834 ], [ 79.882198939376408, 9.055454051597778 ], [ 79.881813190290941, 9.055740174032945 ], [ 79.88159595549287, 9.056002783504887 ], [ 79.88083681016191, 9.056443487780689 ], [ 79.880547319626132, 9.056729842858051 ], [ 79.880233704741997, 9.057040060169548 ], [ 79.879799702791288, 9.057373906053899 ], [ 79.879631069251573, 9.057445259845464 ], [ 79.879366291954895, 9.057468536751358 ], [ 79.879198070519152, 9.057372439938412 ], [ 79.879174182613284, 9.057300617079594 ], [ 79.87917453672209, 9.057157087785756 ], [ 79.879218845707655, 9.057077140376252 ], [ 79.879271092473971, 9.057037715133498 ], [ 79.879473270031383, 9.056780249388735 ], [ 79.879681323490558, 9.056584203935747 ], [ 79.880283662711832, 9.056298612254169 ], [ 79.880693479278676, 9.056012550172618 ], [ 79.881103412981076, 9.055678644438295 ], [ 79.881475207969416, 9.055310873790013 ], [ 79.881634142708762, 9.055153659005937 ], [ 79.882068609885337, 9.054628438819888 ], [ 79.882575448209579, 9.054031628981816 ], [ 79.88391379225537, 9.05292251907102 ], [ 79.884252052475759, 9.05237314121681 ], [ 79.884388567076357, 9.052278642096814 ], [ 79.884761335146877, 9.052020603150615 ], [ 79.884975233946079, 9.051872537410345 ], [ 79.885626100747331, 9.051419600561998 ], [ 79.886204889255751, 9.050918644704099 ], [ 79.886615338577982, 9.050369438565292 ], [ 79.887074033443682, 9.049772504811882 ], [ 79.887147288666384, 9.049627747045701 ], [ 79.887364214311972, 9.049199084989873 ], [ 79.887589870174708, 9.048901508287388 ] ] ] ] } },
{ "type": "Feature", "properties": { "OBJECTID_1": 26, "PROVINCE_N": "Northern", "DISTRICT_N": "Mannar", "DSD_N": "Mannar Town", "GND_N": "Kallikaddaikkadu", "GND_C": "MN/90", "TOTAL_POPU": 393, "EXIS_COVE": "Yes", "SUP_LEV": "24", "SCH_NAME": "Mannar Wss", "RWS_SCHE": "<Null>", "PROJ_DETAI": "<Null>", "WATER_SOUR": "Borehole", "PROJ_NAME": "<Null>", "COVER_PER": 100, "P_POP": 427, "GRO_RATE": 1.2, "COVE_2018": 100.0, "WATER_QUAL": "Complied", "COVE_2020": 100.0, "COVE_2025": 100.0, "COVE_2030": 100.0, "Shape_Leng": 25994.476307600002, "Shape_Area": 9946327.7008599993, "OBJECTID_2": null, "OBJECTID_3": null, "OBJECTID": null, "EX_SCH_NAM": null, "RWS_Name": null, "SUP_LEVEL": null, "layer": "Sche_Mannar", "path": "C:/Users/MB/Downloads/New folder (2)/Sem 05/Advanced GIS and Remote Sensing for Planning/WEB MAP/pipebornewatermaps (2)/Shape Files/Shape Files/WSS Shape Files/Sche_Mannar.shx|layername=Sche_Mannar" }, "geometry": { "type": "MultiPolygon", "coordinates": [ [ [ [ 79.982767773752258, 8.898359265113175 ], [ 79.980158536160943, 8.896747722075403 ], [ 79.975475097355584, 8.89413186365414 ], [ 79.972494429159099, 8.892911779758043 ], [ 79.972443694323985, 8.892891012029988 ], [ 79.971638889631222, 8.893658408262228 ], [ 79.96871229656459, 8.896448921280985 ], [ 79.963737789732107, 8.900826997607373 ], [ 79.958763166802541, 8.905204996820293 ], [ 79.954722459481914, 8.910263933846535 ], [ 79.956058870671086, 8.911532044863028 ], [ 79.958273229626045, 8.91059405551308 ], [ 79.960378996556926, 8.911122454753661 ], [ 79.961641767891237, 8.911753766385125 ], [ 79.963011273647368, 8.911756746797062 ], [ 79.963642662440634, 8.912072398017465 ], [ 79.964907052285426, 8.911970383191461 ], [ 79.968486781813084, 8.912920972962521 ], [ 79.969116806088877, 8.913865173660621 ], [ 79.970166168226058, 8.915753119246805 ], [ 79.971188787239029, 8.91596950739584 ], [ 79.972166866958659, 8.916176468030445 ], [ 79.972134394970212, 8.916071893054289 ], [ 79.972722599505872, 8.915758565472347 ], [ 79.973311193502241, 8.915265472074854 ], [ 79.97430750481702, 8.914323834006458 ], [ 79.975577697480503, 8.912124409981294 ], [ 79.975761000696949, 8.910956318060766 ], [ 79.975899594532081, 8.909563420055495 ], [ 79.976490505366343, 8.907991722104358 ], [ 79.977886230972942, 8.906184885475453 ], [ 79.977762986205022, 8.90471369089239 ], [ 79.97728528120777, 8.903924368139487 ], [ 79.976457451535708, 8.902373931106258 ], [ 79.976685450379051, 8.901430640541502 ], [ 79.977318916164563, 8.901072458946301 ], [ 79.978351962660113, 8.900914328428795 ], [ 79.979534587577803, 8.900492936000948 ], [ 79.980474593956743, 8.899864534976949 ], [ 79.981607493827539, 8.899136659844901 ], [ 79.981797373754588, 8.899014663102816 ], [ 79.982340736300898, 8.898521454823477 ], [ 79.982767773752258, 8.898359265113175 ] ] ] ] } },
{ "type": "Feature", "properties": { "OBJECTID_1": 28, "PROVINCE_N": "Northern", "DISTRICT_N": "Mannar", "DSD_N": "Mannar Town", "GND_N": "Moor Street", "GND_C": "MN/81", "TOTAL_POPU": 2180, "EXIS_COVE": "Yes", "SUP_LEV": "24", "SCH_NAME": "Mannar Wss", "RWS_SCHE": "<Null>", "PROJ_DETAI": "<Null>", "WATER_SOUR": "Borehole", "PROJ_NAME": "<Null>", "COVER_PER": 100, "P_POP": 2370, "GRO_RATE": 1.2, "COVE_2018": 100.0, "WATER_QUAL": "Complied", "COVE_2020": 100.0, "COVE_2025": 100.0, "COVE_2030": 100.0, "Shape_Leng": 2595.9546291900001, "Shape_Area": 373323.52762200002, "OBJECTID_2": null, "OBJECTID_3": null, "OBJECTID": null, "EX_SCH_NAM": null, "RWS_Name": null, "SUP_LEVEL": null, "layer": "Sche_Mannar", "path": "C:/Users/MB/Downloads/New folder (2)/Sem 05/Advanced GIS and Remote Sensing for Planning/WEB MAP/pipebornewatermaps (2)/Shape Files/Shape Files/WSS Shape Files/Sche_Mannar.shx|layername=Sche_Mannar" }, "geometry": { "type": "MultiPolygon", "coordinates": [ [ [ [ 79.918515221819874, 8.986954654197261 ], [ 79.918446076828459, 8.98687589793021 ], [ 79.918400145137397, 8.986798241430103 ], [ 79.918362169846745, 8.986706931924793 ], [ 79.918283770512858, 8.98656348064126 ], [ 79.918229374268236, 8.986448530729557 ], [ 79.918180662806108, 8.986333903178069 ], [ 79.918104938537255, 8.986175513631133 ], [ 79.918038840511954, 8.986045744094334 ], [ 79.91798949237986, 8.985951791684435 ], [ 79.917951106914657, 8.985884269860895 ], [ 79.917915716959342, 8.985828413769557 ], [ 79.917847980487679, 8.985719554835242 ], [ 79.917802838538535, 8.985571928304227 ], [ 79.917784407464566, 8.985504565666815 ], [ 79.917776324606777, 8.985411056831751 ], [ 79.917754543087796, 8.985353131922986 ], [ 79.917672224813614, 8.985203067685372 ], [ 79.917653528835075, 8.985162245272594 ], [ 79.917620561427611, 8.985071509678129 ], [ 79.917564629342266, 8.984926780312007 ], [ 79.91753177309306, 8.984862375148008 ], [ 79.917494967388336, 8.984783992879148 ], [ 79.91746743604152, 8.984699603316058 ], [ 79.917424161480326, 8.984599659659194 ], [ 79.917388012598607, 8.984532062504806 ], [ 79.917356128534308, 8.984486685263299 ], [ 79.91725228244384, 8.984347613296929 ], [ 79.917212589776142, 8.984231867333317 ], [ 79.917190086930503, 8.98415040432746 ], [ 79.917125905596791, 8.984021031508441 ], [ 79.917056205967953, 8.983834299424103 ], [ 79.91701512130652, 8.983718870286305 ], [ 79.916960952806818, 8.983583503629513 ], [ 79.916901436412644, 8.983407325555458 ], [ 79.91684462237022, 8.983262355382465 ], [ 79.916789951437764, 8.983164096800767 ], [ 79.916707778295802, 8.98301299028182 ], [ 79.916661909453467, 8.982934855486207 ], [ 79.916586178452093, 8.982816342514207 ], [ 79.916443165136769, 8.982625304970149 ], [ 79.916299112145509, 8.982475162543908 ], [ 79.91620149573076, 8.98238749664076 ], [ 79.916137857543376, 8.982316449697972 ], [ 79.916051827222361, 8.982226234743065 ], [ 79.91592550300436, 8.982078368314003 ], [ 79.91584758580575, 8.981993776853699 ], [ 79.915722045739017, 8.981863307711382 ], [ 79.915591521823103, 8.981729971721043 ], [ 79.9154561119135, 8.981582687143588 ], [ 79.915237691881558, 8.981351150850463 ], [ 79.915106897313905, 8.981220145849486 ], [ 79.915052646168562, 8.98123158200508 ], [ 79.91504097075412, 8.981224580425573 ], [ 79.915018579786377, 8.981211152713721 ], [ 79.914946538173126, 8.981153794564966 ], [ 79.914867375767898, 8.981084601950537 ], [ 79.914839477665325, 8.981044053725387 ], [ 79.914809075508174, 8.980999866878767 ], [ 79.914880899177049, 8.980767391092771 ], [ 79.914966439553055, 8.980498977080087 ], [ 79.914985269553782, 8.980439892276133 ], [ 79.915049592012039, 8.980207217291314 ], [ 79.915044250728968, 8.980178777139207 ], [ 79.914932724394177, 8.980140356668207 ], [ 79.914681109718785, 8.980109413648492 ], [ 79.914547128990293, 8.980077278911518 ], [ 79.914433018130069, 8.980044355754318 ], [ 79.914299856710727, 8.979985939685315 ], [ 79.914157275940951, 8.979916348306846 ], [ 79.914177462154811, 8.979705064036537 ], [ 79.914209229939473, 8.979487653130464 ], [ 79.914025926715013, 8.979440155464141 ], [ 79.913869360265451, 8.979396018112304 ], [ 79.913779662498641, 8.979373229870484 ], [ 79.913634905184807, 8.97933645328796 ], [ 79.913491220199234, 8.979298067979011 ], [ 79.913289031679014, 8.979254694116836 ], [ 79.91312307380089, 8.979227799044823 ], [ 79.913122236589587, 8.979227663286244 ], [ 79.91311663752289, 8.979247793441544 ], [ 79.913047370483909, 8.979496813171329 ], [ 79.912898714604381, 8.980031241149081 ], [ 79.912778387554027, 8.980467708858038 ], [ 79.91263416649312, 8.98100492534847 ], [ 79.91252412477867, 8.981401564473797 ], [ 79.912445234135035, 8.981712212579554 ], [ 79.912390005672478, 8.981941638744919 ], [ 79.912367998008492, 8.98203345189534 ], [ 79.912163160087786, 8.981947230617065 ], [ 79.911858946463653, 8.981787294379455 ], [ 79.911858588786387, 8.981787418316495 ], [ 79.911867902259033, 8.981792204790638 ], [ 79.911763930809684, 8.981970690564729 ], [ 79.911710040715136, 8.982067688715787 ], [ 79.911640139874009, 8.982235368973825 ], [ 79.911580840972675, 8.982370832558914 ], [ 79.911523995225224, 8.982489839405261 ], [ 79.911387342032995, 8.982767851691342 ], [ 79.911304899159958, 8.982941899352388 ], [ 79.911184456023719, 8.983176818594011 ], [ 79.911085461644177, 8.98334301407974 ], [ 79.911020565899747, 8.983495476630276 ], [ 79.910960817167208, 8.983616734197385 ], [ 79.910909952442694, 8.983708961803636 ], [ 79.91083524083777, 8.983837081159017 ], [ 79.910824976459395, 8.983918847717199 ], [ 79.910946090432404, 8.983979852661436 ], [ 79.910997628417249, 8.984009291167323 ], [ 79.911116172411866, 8.984078058370041 ], [ 79.911246462348004, 8.984135130854019 ], [ 79.911369648946959, 8.984179946592233 ], [ 79.911532214053111, 8.984219979006204 ], [ 79.911597705133886, 8.984239245019523 ], [ 79.91150912954474, 8.984408080540222 ], [ 79.911453093044926, 8.984472979616704 ], [ 79.911377313513341, 8.984573470830552 ], [ 79.911399001572335, 8.984670174938326 ], [ 79.911448822961589, 8.984746958794213 ], [ 79.911492905692128, 8.984818540451636 ], [ 79.911570291835133, 8.984951473686275 ], [ 79.911661744941185, 8.985108474245552 ], [ 79.911744609763502, 8.985248555635126 ], [ 79.911804758244529, 8.985419466514534 ], [ 79.911837235310358, 8.985571753775799 ], [ 79.911840950028946, 8.985685203908016 ], [ 79.911797997698628, 8.985850733595973 ], [ 79.91176766436196, 8.985897706704051 ], [ 79.911697178967287, 8.986062624291874 ], [ 79.911640504545929, 8.986251378048371 ], [ 79.911581084457225, 8.98638776257312 ], [ 79.911511159417344, 8.986537874439097 ], [ 79.911495504021488, 8.986636677660538 ], [ 79.911402106418365, 8.986800759659593 ], [ 79.911333940948609, 8.98687992562105 ], [ 79.911281253028136, 8.98701160530085 ], [ 79.911233782082533, 8.987168014299824 ], [ 79.911186222117095, 8.987251917115717 ], [ 79.9110642995375, 8.987370834348695 ], [ 79.910972518786167, 8.987413800642157 ], [ 79.910929289475931, 8.987457543841325 ], [ 79.910918013102275, 8.987511826926559 ], [ 79.910909528444293, 8.98756615721161 ], [ 79.910899789969093, 8.987675470258914 ], [ 79.91089021682015, 8.987782931124265 ], [ 79.910876648334224, 8.987935228512171 ], [ 79.910865160167802, 8.988064180641391 ], [ 79.91084393436978, 8.988302446713863 ], [ 79.910813298832792, 8.988646319640759 ], [ 79.910788408245153, 8.988925716950394 ], [ 79.91074437013971, 8.989420035033865 ], [ 79.910699836744456, 8.989919910534121 ], [ 79.910684519233854, 8.990091846966779 ], [ 79.910653884144253, 8.990435720725479 ], [ 79.9106948069808, 8.990644034206882 ], [ 79.910709027872613, 8.990910175991147 ], [ 79.91138266031173, 8.990601138282365 ], [ 79.912833399380474, 8.989949606451953 ], [ 79.914389712429923, 8.989219723922171 ], [ 79.914472444848656, 8.989172886862979 ], [ 79.91611787276895, 8.988241365741857 ], [ 79.917993555026484, 8.987234646422323 ], [ 79.918515221819874, 8.986954654197261 ] ] ] ] } },
{ "type": "Feature", "properties": { "OBJECTID_1": 29, "PROVINCE_N": "Northern", "DISTRICT_N": "Mannar", "DSD_N": "Mannar Town", "GND_N": "Nagathalvu", "GND_C": "MN/88", "TOTAL_POPU": 186, "EXIS_COVE": "Yes", "SUP_LEV": "24", "SCH_NAME": "Thiruketheeswaram Wss", "RWS_SCHE": "<Null>", "PROJ_DETAI": "<Null>", "WATER_SOUR": "Borehole", "PROJ_NAME": "<Null>", "COVER_PER": 50, "P_POP": 202, "GRO_RATE": 1.2, "COVE_2018": 50.0, "WATER_QUAL": "Complied", "COVE_2020": 50.0, "COVE_2025": 50.0, "COVE_2030": 50.0, "Shape_Leng": 15783.630005499999, "Shape_Area": 10772781.1927, "OBJECTID_2": null, "OBJECTID_3": null, "OBJECTID": null, "EX_SCH_NAM": null, "RWS_Name": null, "SUP_LEVEL": null, "layer": "Sche_Mannar", "path": "C:/Users/MB/Downloads/New folder (2)/Sem 05/Advanced GIS and Remote Sensing for Planning/WEB MAP/pipebornewatermaps (2)/Shape Files/Shape Files/WSS Shape Files/Sche_Mannar.shx|layername=Sche_Mannar" }, "geometry": { "type": "MultiPolygon", "coordinates": [ [ [ [ 79.931649635067942, 8.943953012793209 ], [ 79.931626489710979, 8.94383656151467 ], [ 79.931337173712961, 8.942380919560167 ], [ 79.931972660817621, 8.940915734367083 ], [ 79.932187207465859, 8.939240076754654 ], [ 79.931667160108077, 8.936305646951592 ], [ 79.933143535127854, 8.935680433513888 ], [ 79.936199718457317, 8.935268293346832 ], [ 79.938309150673518, 8.934225447692702 ], [ 79.93978503390862, 8.933809723275807 ], [ 79.941576023556323, 8.933813734782635 ], [ 79.942104917109475, 8.932872084423696 ], [ 79.94400338132246, 8.931933489358146 ], [ 79.94547854399697, 8.931832018204167 ], [ 79.945897593585869, 8.932880544555893 ], [ 79.946212942929535, 8.933195524339732 ], [ 79.946846469616048, 8.932568376955022 ], [ 79.947585582256423, 8.931836703366624 ], [ 79.949695202086446, 8.930689027291283 ], [ 79.950011491526851, 8.930584968193267 ], [ 79.951383639156091, 8.92943564882343 ], [ 79.952437386211116, 8.929333216491086 ], [ 79.953489264630264, 8.930068853529427 ], [ 79.954543014384754, 8.929966415334837 ], [ 79.955176055035665, 8.929548770027415 ], [ 79.955596994944102, 8.929759214984616 ], [ 79.956548416687355, 8.928294671463265 ], [ 79.957953722192812, 8.927802283828516 ], [ 79.959659164722169, 8.927204727697969 ], [ 79.959816852102804, 8.927149476627836 ], [ 79.959905346203712, 8.927100842642176 ], [ 79.962664790176504, 8.92558429599343 ], [ 79.963931761619747, 8.924329934954335 ], [ 79.965830824443344, 8.923076942432214 ], [ 79.967204043823074, 8.921403759031415 ], [ 79.968365865401466, 8.920044393239063 ], [ 79.969737690708982, 8.918999756300751 ], [ 79.970807957040549, 8.918337785711861 ], [ 79.971425554009841, 8.917955794210613 ], [ 79.972166866958659, 8.916176468030445 ], [ 79.971188787239029, 8.91596950739584 ], [ 79.970166168226058, 8.915753119246805 ], [ 79.969116806088877, 8.913865173660621 ], [ 79.968486781813084, 8.912920972962521 ], [ 79.964907052285426, 8.911970383191461 ], [ 79.963642662440634, 8.912072398017465 ], [ 79.963011273647368, 8.911756746797062 ], [ 79.961641767891237, 8.911753766385125 ], [ 79.960378996556926, 8.911122454753661 ], [ 79.958273229626045, 8.91059405551308 ], [ 79.956058870671086, 8.911532044863028 ], [ 79.954722459481914, 8.910263933846535 ], [ 79.953956370365745, 8.909536993091788 ], [ 79.95342716106893, 8.910085880512369 ], [ 79.9517389732477, 8.91183682299752 ], [ 79.949519205560136, 8.915184229023092 ], [ 79.947407094496725, 8.9174842607469 ], [ 79.941393042223453, 8.921556488621755 ], [ 79.935275897788799, 8.924580781957614 ], [ 79.934420806576654, 8.925064111762261 ], [ 79.933450000154252, 8.925612844075182 ], [ 79.93332520859434, 8.925890349409542 ], [ 79.932650474683726, 8.927390783281185 ], [ 79.930487524861149, 8.929732489923127 ], [ 79.926972806221357, 8.933479067600061 ], [ 79.924404146599628, 8.936289127047557 ], [ 79.923050202423738, 8.93863262823581 ], [ 79.922031974214903, 8.941580301252683 ], [ 79.922028088277514, 8.943256432352568 ], [ 79.922834415246086, 8.944465100856609 ], [ 79.923935881064978, 8.945180589332422 ], [ 79.924180941683503, 8.94533977530172 ], [ 79.924171207263385, 8.945452791856816 ], [ 79.924238107453434, 8.945530176245537 ], [ 79.924483663970975, 8.945488057975259 ], [ 79.924693197741405, 8.945813796681206 ], [ 79.925158943674759, 8.946488611374727 ], [ 79.92592875938935, 8.947024724531746 ], [ 79.92639558049602, 8.94723488525147 ], [ 79.926674455132897, 8.947258754154722 ], [ 79.926909562002422, 8.947259290334793 ], [ 79.927447014946608, 8.94723728275912 ], [ 79.928031306058713, 8.947168915615087 ], [ 79.928779581427762, 8.946915057028109 ], [ 79.93052117022377, 8.946535674193786 ], [ 79.931105886575537, 8.946281439266798 ], [ 79.931387601560303, 8.945701257879117 ], [ 79.931530135989519, 8.944679335758684 ], [ 79.931531085634433, 8.944265187260457 ], [ 79.931649635067942, 8.943953012793209 ] ] ] ] } },
{ "type": "Feature", "properties": { "OBJECTID_1": 32, "PROVINCE_N": "Northern", "DISTRICT_N": "Mannar", "DSD_N": "Mannar Town", "GND_N": "Pallimunai East", "GND_C": "MN/84", "TOTAL_POPU": 1526, "EXIS_COVE": "Yes", "SUP_LEV": "24", "SCH_NAME": "Mannar Wss", "RWS_SCHE": "<Null>", "PROJ_DETAI": "ON_GO", "WATER_SOUR": "Borehole", "PROJ_NAME": "ADB 5th Project", "COVER_PER": 100, "P_POP": 1659, "GRO_RATE": 1.2, "COVE_2018": 100.0, "WATER_QUAL": "Complied", "COVE_2020": 100.0, "COVE_2025": 100.0, "COVE_2030": 100.0, "Shape_Leng": 2334.50657606, "Shape_Area": 315508.27075999998, "OBJECTID_2": null, "OBJECTID_3": null, "OBJECTID": null, "EX_SCH_NAM": null, "RWS_Name": null, "SUP_LEVEL": null, "layer": "Sche_Mannar", "path": "C:/Users/MB/Downloads/New folder (2)/Sem 05/Advanced GIS and Remote Sensing for Planning/WEB MAP/pipebornewatermaps (2)/Shape Files/Shape Files/WSS Shape Files/Sche_Mannar.shx|layername=Sche_Mannar" }, "geometry": { "type": "MultiPolygon", "coordinates": [ [ [ [ 79.923609733511611, 8.975592824826084 ], [ 79.92356041648803, 8.975771104725123 ], [ 79.923509971797458, 8.975920418045728 ], [ 79.923426571574694, 8.976152348785087 ], [ 79.923365692405156, 8.976304136232514 ], [ 79.923256503670132, 8.976480717089345 ], [ 79.923060314132826, 8.976693569901618 ], [ 79.922881680665867, 8.976881760158165 ], [ 79.922696056695358, 8.977055095572934 ], [ 79.922498512533963, 8.977202247742092 ], [ 79.922208166144131, 8.977431513234354 ], [ 79.921893234404294, 8.977679223196681 ], [ 79.921503618132107, 8.977979383351762 ], [ 79.921200074885036, 8.978213232246393 ], [ 79.920975532054612, 8.978399822030273 ], [ 79.920834406256333, 8.97855492844114 ], [ 79.920725113844682, 8.978756426066992 ], [ 79.920670967576797, 8.978869337077345 ], [ 79.920540133291112, 8.979100279650568 ], [ 79.920433441013273, 8.979269947669042 ], [ 79.92033740315479, 8.979434026444407 ], [ 79.920446731009207, 8.979490824917518 ], [ 79.920435920115366, 8.979520567714641 ], [ 79.920502231675286, 8.979518985572406 ], [ 79.920685219951096, 8.979596367351942 ], [ 79.920827749545978, 8.979674059047511 ], [ 79.921061198275112, 8.979791219525941 ], [ 79.921292987943161, 8.979921872066036 ], [ 79.921483630366822, 8.980033017941002 ], [ 79.921689609156118, 8.980143151147589 ], [ 79.921910561313297, 8.980329275081372 ], [ 79.922133583647266, 8.98046179751177 ], [ 79.922350482723942, 8.980602389602474 ], [ 79.92254129109871, 8.980758978998917 ], [ 79.922590919907137, 8.980810752716067 ], [ 79.922729244896004, 8.980980930701167 ], [ 79.922812339537856, 8.981040230527872 ], [ 79.922898830512025, 8.981110180720641 ], [ 79.923006240609283, 8.981245528062379 ], [ 79.923079420634878, 8.981323497128541 ], [ 79.923150513062581, 8.981400944218377 ], [ 79.923296551391388, 8.981580719976273 ], [ 79.923430158892316, 8.981762734690168 ], [ 79.923588388481861, 8.981953535367868 ], [ 79.923802922668614, 8.982220582669839 ], [ 79.923956909159799, 8.982405646680526 ], [ 79.924134056067643, 8.98260983655914 ], [ 79.924213269229682, 8.982727434883756 ], [ 79.924297989605137, 8.982801209749359 ], [ 79.924368363550926, 8.982880876458298 ], [ 79.924444539422268, 8.982977366158154 ], [ 79.924592806570885, 8.983123640271081 ], [ 79.92469551992275, 8.983253141146823 ], [ 79.924757510664037, 8.983348766433142 ], [ 79.9248266532569, 8.983461444745066 ], [ 79.924868633001395, 8.98351596369489 ], [ 79.924996409013971, 8.983735261965624 ], [ 79.92559185743832, 8.983273227540984 ], [ 79.926106470837354, 8.982219279881372 ], [ 79.926141638677208, 8.982035148238076 ], [ 79.926259038212052, 8.981420448486027 ], [ 79.92614068061944, 8.981144990117624 ], [ 79.926284793470728, 8.981145789454645 ], [ 79.92654468526662, 8.980065856410658 ], [ 79.926650624624926, 8.979830329225269 ], [ 79.92681645812165, 8.979348850446028 ], [ 79.926811322840251, 8.978704240398134 ], [ 79.92670702147241, 8.978232462267648 ], [ 79.926643921072383, 8.977924914349392 ], [ 79.926594723913709, 8.977475262645388 ], [ 79.926530370091626, 8.977281826464216 ], [ 79.926393754711597, 8.976974305554698 ], [ 79.926157410581482, 8.976633208141262 ], [ 79.925921005279861, 8.976318306902915 ], [ 79.925579088565243, 8.976055556700549 ], [ 79.92513177930968, 8.975792565570343 ], [ 79.924552487778485, 8.975634057864283 ], [ 79.92405199688659, 8.97558051583295 ], [ 79.923609733511611, 8.975592824826084 ] ] ] ] } },
{ "type": "Feature", "properties": { "OBJECTID_1": 33, "PROVINCE_N": "Northern", "DISTRICT_N": "Mannar", "DSD_N": "Mannar Town", "GND_N": "Pallimunai West", "GND_C": "MN/85", "TOTAL_POPU": 1504, "EXIS_COVE": "Yes", "SUP_LEV": "24", "SCH_NAME": "Mannar Wss", "RWS_SCHE": "<Null>", "PROJ_DETAI": "ON_GO", "WATER_SOUR": "Borehole", "PROJ_NAME": "ADB 5th Project", "COVER_PER": 100, "P_POP": 1635, "GRO_RATE": 1.2, "COVE_2018": 100.0, "WATER_QUAL": "Complied", "COVE_2020": 100.0, "COVE_2025": 100.0, "COVE_2030": 100.0, "Shape_Leng": 2709.4043389600001, "Shape_Area": 327025.57019599999, "OBJECTID_2": null, "OBJECTID_3": null, "OBJECTID": null, "EX_SCH_NAM": null, "RWS_Name": null, "SUP_LEVEL": null, "layer": "Sche_Mannar", "path": "C:/Users/MB/Downloads/New folder (2)/Sem 05/Advanced GIS and Remote Sensing for Planning/WEB MAP/pipebornewatermaps (2)/Shape Files/Shape Files/WSS Shape Files/Sche_Mannar.shx|layername=Sche_Mannar" }, "geometry": { "type": "MultiPolygon", "coordinates": [ [ [ [ 79.924996409013971, 8.983735261965624 ], [ 79.924868633001395, 8.98351596369489 ], [ 79.9248266532569, 8.983461444745066 ], [ 79.924757510664037, 8.983348766433142 ], [ 79.92469551992275, 8.983253141146823 ], [ 79.924592806570885, 8.983123640271081 ], [ 79.924444539422268, 8.982977366158154 ], [ 79.924368363550926, 8.982880876458298 ], [ 79.924297989605137, 8.982801209749359 ], [ 79.924213269229682, 8.982727434883756 ], [ 79.924134056067643, 8.98260983655914 ], [ 79.923956909159799, 8.982405646680526 ], [ 79.923802922668614, 8.982220582669839 ], [ 79.923588388481861, 8.981953535367868 ], [ 79.923430158892316, 8.981762734690168 ], [ 79.923296551391388, 8.981580719976273 ], [ 79.923150513062581, 8.981400944218377 ], [ 79.923079420634878, 8.981323497128541 ], [ 79.923006240609283, 8.981245528062379 ], [ 79.922898830512025, 8.981110180720641 ], [ 79.922812339537856, 8.981040230527872 ], [ 79.922729244896004, 8.980980930701167 ], [ 79.922590919907137, 8.980810752716067 ], [ 79.92254129109871, 8.980758978998917 ], [ 79.922350482723942, 8.980602389602474 ], [ 79.922133583647266, 8.98046179751177 ], [ 79.921910561313297, 8.980329275081372 ], [ 79.921689609156118, 8.980143151147589 ], [ 79.921483630366822, 8.980033017941002 ], [ 79.921292987943161, 8.979921872066036 ], [ 79.921061198275112, 8.979791219525941 ], [ 79.920827749545978, 8.979674059047511 ], [ 79.920685219951096, 8.979596367351942 ], [ 79.920502231675286, 8.979518985572406 ], [ 79.920435920115366, 8.979520567714641 ], [ 79.920365452458725, 8.979714446047121 ], [ 79.920292712283384, 8.979863460485973 ], [ 79.920250123150581, 8.979950553371721 ], [ 79.920143484174005, 8.980154878666674 ], [ 79.920088522609191, 8.980246780105105 ], [ 79.919935310426538, 8.980476149085941 ], [ 79.919846393478593, 8.980682616358848 ], [ 79.920001162652269, 8.980807413102578 ], [ 79.920278344576573, 8.981071900639941 ], [ 79.920431783856188, 8.981237146039041 ], [ 79.920460627997016, 8.981275131955302 ], [ 79.920326156642119, 8.981427842951501 ], [ 79.919700928821385, 8.982001262422697 ], [ 79.919583898008113, 8.982079547049503 ], [ 79.92001961826378, 8.982661487933575 ], [ 79.920215777334121, 8.982925606902699 ], [ 79.920185654903705, 8.982959141361816 ], [ 79.920025475802902, 8.983195049147472 ], [ 79.920122968280026, 8.983412288042564 ], [ 79.920170718960492, 8.983518689153227 ], [ 79.919922469698022, 8.98373265372366 ], [ 79.919783144475687, 8.983852735652514 ], [ 79.919594223334087, 8.984015565284105 ], [ 79.919660251765009, 8.98412152313665 ], [ 79.919721069888382, 8.984219120176084 ], [ 79.919756348201034, 8.984275732612367 ], [ 79.919847489857901, 8.984421989620754 ], [ 79.919974468692374, 8.984564339391124 ], [ 79.920075223878854, 8.984675045387425 ], [ 79.920149832526562, 8.984831289219111 ], [ 79.920203219455999, 8.984935475556174 ], [ 79.920263433090241, 8.985014770552267 ], [ 79.92033698646452, 8.985111633812103 ], [ 79.920422031616113, 8.985205072494011 ], [ 79.920514543967982, 8.985304671074468 ], [ 79.920559880456409, 8.985358891712707 ], [ 79.920668313143679, 8.985314856435529 ], [ 79.920757507853097, 8.985348711323306 ], [ 79.920821197910982, 8.985400873958151 ], [ 79.920874549242072, 8.985473268063108 ], [ 79.920926859891111, 8.985547376713345 ], [ 79.920993376469241, 8.985641608882268 ], [ 79.921192851064049, 8.985537422447853 ], [ 79.921262075128226, 8.985607405602558 ], [ 79.921457831055193, 8.985589465773657 ], [ 79.922215849324232, 8.985519996771165 ], [ 79.922817502602385, 8.985244235303185 ], [ 79.923428731180479, 8.984714976256594 ], [ 79.923451150885498, 8.984695563580594 ], [ 79.923926339743801, 8.984303705922731 ], [ 79.924321934727743, 8.984147435207614 ], [ 79.924902394782464, 8.983808211584144 ], [ 79.924996409013971, 8.983735261965624 ] ] ] ] } },
{ "type": "Feature", "properties": { "OBJECTID_1": 34, "PROVINCE_N": "Northern", "DISTRICT_N": "Mannar", "DSD_N": "Mannar Town", "GND_N": "Panankaddukoddu East", "GND_C": "MN/77", "TOTAL_POPU": 790, "EXIS_COVE": "Yes", "SUP_LEV": "24", "SCH_NAME": "Mannar Wss", "RWS_SCHE": "<Null>", "PROJ_DETAI": "ON_GO", "WATER_SOUR": "Borehole", "PROJ_NAME": "ADB 5th Project", "COVER_PER": 100, "P_POP": 859, "GRO_RATE": 1.2, "COVE_2018": 100.0, "WATER_QUAL": "Complied", "COVE_2020": 100.0, "COVE_2025": 100.0, "COVE_2030": 100.0, "Shape_Leng": 3871.3671224300001, "Shape_Area": 660210.23202999996, "OBJECTID_2": null, "OBJECTID_3": null, "OBJECTID": null, "EX_SCH_NAM": null, "RWS_Name": null, "SUP_LEVEL": null, "layer": "Sche_Mannar", "path": "C:/Users/MB/Downloads/New folder (2)/Sem 05/Advanced GIS and Remote Sensing for Planning/WEB MAP/pipebornewatermaps (2)/Shape Files/Shape Files/WSS Shape Files/Sche_Mannar.shx|layername=Sche_Mannar" }, "geometry": { "type": "MultiPolygon", "coordinates": [ [ [ [ 79.904118748771396, 8.970425912538124 ], [ 79.903297015742922, 8.970254860249272 ], [ 79.903304241024557, 8.970464280306423 ], [ 79.903281036846195, 8.970656471160016 ], [ 79.903259126265766, 8.970890894295124 ], [ 79.903217994997533, 8.971166901153278 ], [ 79.903181723134722, 8.971309461550684 ], [ 79.903167250041477, 8.971504467568369 ], [ 79.903222527232117, 8.971654922828714 ], [ 79.903275800646952, 8.971805595790602 ], [ 79.903325564185451, 8.971989853485153 ], [ 79.903383137449126, 8.972173272413261 ], [ 79.903425640870736, 8.972238921793878 ], [ 79.903481227736719, 8.972324981027768 ], [ 79.903552057641647, 8.972442983759251 ], [ 79.903613036245801, 8.972561126078142 ], [ 79.903728410604145, 8.972831148248803 ], [ 79.903854357982681, 8.973167071123626 ], [ 79.903934499830982, 8.973410646930965 ], [ 79.903989812109359, 8.973595550496764 ], [ 79.90407968173767, 8.973864284880742 ], [ 79.904252492664313, 8.974074571179388 ], [ 79.904529834333857, 8.974273754161436 ], [ 79.904787623653803, 8.974460154578784 ], [ 79.905083624148332, 8.974689215507892 ], [ 79.905221644794722, 8.974816005560919 ], [ 79.905392352066087, 8.975013473134291 ], [ 79.905461724302285, 8.975152236448849 ], [ 79.905535430936141, 8.975299672400816 ], [ 79.905584311571232, 8.975400946662889 ], [ 79.905651009962483, 8.975564824067449 ], [ 79.905714382779294, 8.975755963172061 ], [ 79.90573632705663, 8.975926366530114 ], [ 79.905757611379329, 8.976096673406079 ], [ 79.905812778061716, 8.976185130955864 ], [ 79.906117123181915, 8.976309817064408 ], [ 79.906101181161361, 8.976361208502558 ], [ 79.906059077998606, 8.976501828828262 ], [ 79.90604350139526, 8.976634576667713 ], [ 79.906102518384159, 8.976743394304037 ], [ 79.906133402405686, 8.976786253804846 ], [ 79.906203537755744, 8.976883381753662 ], [ 79.906282164703285, 8.97697709027595 ], [ 79.906339404760587, 8.977045310027446 ], [ 79.906620101974397, 8.977379848065901 ], [ 79.906903618781357, 8.977728181445544 ], [ 79.907169920537072, 8.978061692698358 ], [ 79.907292582316003, 8.978215661442855 ], [ 79.907273591092931, 8.978282089641002 ], [ 79.907137106958501, 8.978376118028148 ], [ 79.90705428081732, 8.978457516527179 ], [ 79.907245934371673, 8.978722158847512 ], [ 79.907463702157003, 8.978989654176514 ], [ 79.907622778011913, 8.97917905058465 ], [ 79.907700297581314, 8.979293753833698 ], [ 79.907821779996368, 8.979492504043654 ], [ 79.907865655822391, 8.979635969437316 ], [ 79.90794031836927, 8.979590046974719 ], [ 79.908257510164432, 8.97943414721791 ], [ 79.908523964926786, 8.97931682176972 ], [ 79.90880974277124, 8.979188326422532 ], [ 79.909133833424207, 8.979036215813263 ], [ 79.909335372620546, 8.978936470802914 ], [ 79.909676561966165, 8.978781950316474 ], [ 79.909943717738372, 8.978661228565677 ], [ 79.910200882354303, 8.97854387288473 ], [ 79.910394988946763, 8.978453682852148 ], [ 79.910384269588903, 8.978447014283192 ], [ 79.910124607544532, 8.97823439489483 ], [ 79.909938871937058, 8.978118827459307 ], [ 79.909752133073752, 8.977993394420885 ], [ 79.909487478700385, 8.977816068443655 ], [ 79.909197876886296, 8.977634190493005 ], [ 79.908805917243782, 8.977384964880057 ], [ 79.908548816590539, 8.977230114594192 ], [ 79.908190398191977, 8.977044601405256 ], [ 79.907900544345921, 8.976924444320201 ], [ 79.90766899306027, 8.97683796401153 ], [ 79.907596730815243, 8.976812076908727 ], [ 79.907745645296217, 8.976655383958942 ], [ 79.910687317047419, 8.973776541547647 ], [ 79.910702686665573, 8.973739269243143 ], [ 79.910668397124738, 8.973703580967182 ], [ 79.910658417243553, 8.973702678889591 ], [ 79.910316637783907, 8.973387523389512 ], [ 79.909514979883568, 8.972560461716954 ], [ 79.908982397840234, 8.97215355878062 ], [ 79.908620768352492, 8.971877264028738 ], [ 79.908147068768315, 8.971640388526568 ], [ 79.907120503708938, 8.971218843277519 ], [ 79.905488134881665, 8.970717286028778 ], [ 79.904118748771396, 8.970425912538124 ] ] ] ] } },
{ "type": "Feature", "properties": { "OBJECTID_1": 35, "PROVINCE_N": "Northern", "DISTRICT_N": "Mannar", "DSD_N": "Mannar Town", "GND_N": "Panankaddukoddu West", "GND_C": "MN/76", "TOTAL_POPU": 1526, "EXIS_COVE": "Yes", "SUP_LEV": "24", "SCH_NAME": "Mannar Wss", "RWS_SCHE": "<Null>", "PROJ_DETAI": "ON_GO", "WATER_SOUR": "Borehole", "PROJ_NAME": "ADB 5th Project", "COVER_PER": 100, "P_POP": 1659, "GRO_RATE": 1.2, "COVE_2018": 100.0, "WATER_QUAL": "Complied", "COVE_2020": 100.0, "COVE_2025": 100.0, "COVE_2030": 100.0, "Shape_Leng": 2573.1040498299999, "Shape_Area": 349472.10414800001, "OBJECTID_2": null, "OBJECTID_3": null, "OBJECTID": null, "EX_SCH_NAM": null, "RWS_Name": null, "SUP_LEVEL": null, "layer": "Sche_Mannar", "path": "C:/Users/MB/Downloads/New folder (2)/Sem 05/Advanced GIS and Remote Sensing for Planning/WEB MAP/pipebornewatermaps (2)/Shape Files/Shape Files/WSS Shape Files/Sche_Mannar.shx|layername=Sche_Mannar" }, "geometry": { "type": "MultiPolygon", "coordinates": [ [ [ [ 79.907404880243647, 8.979945895985308 ], [ 79.907575951839064, 8.979824272142643 ], [ 79.907716174944298, 8.979727910689176 ], [ 79.907865655822391, 8.979635969437316 ], [ 79.907821779996368, 8.979492504043654 ], [ 79.907700297581314, 8.979293753833698 ], [ 79.907622778011913, 8.97917905058465 ], [ 79.907463702157003, 8.978989654176514 ], [ 79.907245934371673, 8.978722158847512 ], [ 79.90705428081732, 8.978457516527179 ], [ 79.907137106958501, 8.978376118028148 ], [ 79.907273591092931, 8.978282089641002 ], [ 79.907292582316003, 8.978215661442855 ], [ 79.907169920537072, 8.978061692698358 ], [ 79.906903618781357, 8.977728181445544 ], [ 79.906620101974397, 8.977379848065901 ], [ 79.906339404760587, 8.977045310027446 ], [ 79.906282164703285, 8.97697709027595 ], [ 79.906203537755744, 8.976883381753662 ], [ 79.906133402405686, 8.976786253804846 ], [ 79.906102518384159, 8.976743394304037 ], [ 79.90604350139526, 8.976634576667713 ], [ 79.906059077998606, 8.976501828828262 ], [ 79.906101181161361, 8.976361208502558 ], [ 79.906117123181915, 8.976309817064408 ], [ 79.905812778061716, 8.976185130955864 ], [ 79.905757611379329, 8.976096673406079 ], [ 79.90573632705663, 8.975926366530114 ], [ 79.905714382779294, 8.975755963172061 ], [ 79.905651009962483, 8.975564824067449 ], [ 79.905584311571232, 8.975400946662889 ], [ 79.905535430936141, 8.975299672400816 ], [ 79.905461724302285, 8.975152236448849 ], [ 79.905392352066087, 8.975013473134291 ], [ 79.905221644794722, 8.974816005560919 ], [ 79.905083624148332, 8.974689215507892 ], [ 79.904787623653803, 8.974460154578784 ], [ 79.904529834333857, 8.974273754161436 ], [ 79.904252492664313, 8.974074571179388 ], [ 79.90407968173767, 8.973864284880742 ], [ 79.903989812109359, 8.973595550496764 ], [ 79.903934499830982, 8.973410646930965 ], [ 79.903854357982681, 8.973167071123626 ], [ 79.903728410604145, 8.972831148248803 ], [ 79.903613036245801, 8.972561126078142 ], [ 79.903552057641647, 8.972442983759251 ], [ 79.903481227736719, 8.972324981027768 ], [ 79.903425640870736, 8.972238921793878 ], [ 79.903383137449126, 8.972173272413261 ], [ 79.903325564185451, 8.971989853485153 ], [ 79.903275800646952, 8.971805595790602 ], [ 79.903222527232117, 8.971654922828714 ], [ 79.903167250041477, 8.971504467568369 ], [ 79.903181723134722, 8.971309461550684 ], [ 79.903217994997533, 8.971166901153278 ], [ 79.903259126265766, 8.970890894295124 ], [ 79.903281036846195, 8.970656471160016 ], [ 79.903304241024557, 8.970464280306423 ], [ 79.903297015742922, 8.970254860249272 ], [ 79.902591342360935, 8.970107965391909 ], [ 79.902011823314254, 8.970054208606411 ], [ 79.901589952044503, 8.970184197906539 ], [ 79.90137967157311, 8.969974130702916 ], [ 79.901193323157628, 8.969831749642166 ], [ 79.901022413600558, 8.97009351325152 ], [ 79.900949653878158, 8.970293545254092 ], [ 79.900854011352806, 8.970556486956434 ], [ 79.900807716981674, 8.970773717260066 ], [ 79.90080737973247, 8.970956376131502 ], [ 79.900850838528228, 8.970999791823855 ], [ 79.900932373158142, 8.971097922087463 ], [ 79.900945681108325, 8.971165213520427 ], [ 79.900945474618666, 8.971251838677709 ], [ 79.900928974131432, 8.97134468834952 ], [ 79.900904867884222, 8.971447437502503 ], [ 79.900879917927853, 8.971547821266777 ], [ 79.900807529491914, 8.971762047106013 ], [ 79.900679228219488, 8.97207293550712 ], [ 79.900573719301306, 8.972280620469643 ], [ 79.900389995089029, 8.97261487639194 ], [ 79.900304823961221, 8.972785392491909 ], [ 79.900225135451365, 8.972974872065231 ], [ 79.900171178718182, 8.973176203076566 ], [ 79.900156465600119, 8.973350635656796 ], [ 79.900236421614935, 8.973541468262397 ], [ 79.900326123261237, 8.973696093538782 ], [ 79.900399012584728, 8.973794032675938 ], [ 79.900440841673898, 8.973869630724804 ], [ 79.900491127986811, 8.973948953841237 ], [ 79.90054324228079, 8.974004577680905 ], [ 79.900656644225606, 8.974108312855185 ], [ 79.900713187138521, 8.974220358517195 ], [ 79.900730733204242, 8.974280196351051 ], [ 79.900527229197493, 8.974228814845933 ], [ 79.900273584687255, 8.974140310715692 ], [ 79.900052185900762, 8.974064058430312 ], [ 79.899818387098406, 8.973983681949123 ], [ 79.899506005037821, 8.973877660404067 ], [ 79.899225742808255, 8.97378253961911 ], [ 79.898885738874938, 8.973674880966309 ], [ 79.898747406252696, 8.973631088067968 ], [ 79.898507786488736, 8.974481269904993 ], [ 79.89838122220489, 8.975071041007379 ], [ 79.898373589473223, 8.975106606792826 ], [ 79.898523168388166, 8.975058466524027 ], [ 79.898750846223322, 8.975080048299041 ], [ 79.89891890273968, 8.975163743823124 ], [ 79.899063197586415, 8.975276072987866 ], [ 79.899213884861595, 8.975400007244724 ], [ 79.899354800437081, 8.975521589331123 ], [ 79.899489752631013, 8.975632471377645 ], [ 79.899766555551608, 8.97585656981907 ], [ 79.90022120310968, 8.976229700535745 ], [ 79.900643245383534, 8.976551827835054 ], [ 79.9009079269658, 8.976783196896974 ], [ 79.901260245306247, 8.977091891971453 ], [ 79.901389083550811, 8.977260989521355 ], [ 79.901510784147504, 8.977430920098614 ], [ 79.901628417730777, 8.977640715017111 ], [ 79.901722994201606, 8.977800649758773 ], [ 79.901859699778612, 8.977983499456895 ], [ 79.902070388344569, 8.978243242444282 ], [ 79.902269267184977, 8.978461023054363 ], [ 79.90246109742165, 8.97868199845418 ], [ 79.902570879312833, 8.978809015078458 ], [ 79.902719218414731, 8.978985709463711 ], [ 79.90295770014184, 8.979261935562516 ], [ 79.903185400928109, 8.979530440215242 ], [ 79.903450195877852, 8.979833082459395 ], [ 79.903743283359972, 8.980169477170504 ], [ 79.903911493185817, 8.980368413391259 ], [ 79.904199184535031, 8.980689061441019 ], [ 79.904411692899131, 8.980923295771202 ], [ 79.904476658853639, 8.980853900853663 ], [ 79.904646846996002, 8.980708905549868 ], [ 79.90472428773289, 8.980653633473072 ], [ 79.904906022685182, 8.980564237556072 ], [ 79.905149332498993, 8.980488059821049 ], [ 79.905507558043467, 8.980396442296543 ], [ 79.905729016783411, 8.980342692297025 ], [ 79.90600126585808, 8.980282365272059 ], [ 79.90631966921741, 8.980207042721249 ], [ 79.906591892497559, 8.980138732605825 ], [ 79.906996764090877, 8.980029670068259 ], [ 79.907281706542477, 8.979972105881584 ], [ 79.90737137597624, 8.9799383412815 ], [ 79.907404880243647, 8.979945895985308 ] ] ] ] } },
{ "type": "Feature", "properties": { "OBJECTID_1": 38, "PROVINCE_N": "Northern", "DISTRICT_N": "Mannar", "DSD_N": "Mannar Town", "GND_N": "Periyakadi", "GND_C": "MN/80", "TOTAL_POPU": 677, "EXIS_COVE": "Yes", "SUP_LEV": "24", "SCH_NAME": "Mannar Wss", "RWS_SCHE": "<Null>", "PROJ_DETAI": "ON_GO", "WATER_SOUR": "Borehole", "PROJ_NAME": "ADB 5th Project", "COVER_PER": 100, "P_POP": 736, "GRO_RATE": 1.2, "COVE_2018": 100.0, "WATER_QUAL": "Complied", "COVE_2020": 100.0, "COVE_2025": 100.0, "COVE_2030": 100.0, "Shape_Leng": 2006.6320866399999, "Shape_Area": 170416.617646, "OBJECTID_2": null, "OBJECTID_3": null, "OBJECTID": null, "EX_SCH_NAM": null, "RWS_Name": null, "SUP_LEVEL": null, "layer": "Sche_Mannar", "path": "C:/Users/MB/Downloads/New folder (2)/Sem 05/Advanced GIS and Remote Sensing for Planning/WEB MAP/pipebornewatermaps (2)/Shape Files/Shape Files/WSS Shape Files/Sche_Mannar.shx|layername=Sche_Mannar" }, "geometry": { "type": "MultiPolygon", "coordinates": [ [ [ [ 79.910702686665573, 8.973739269243143 ], [ 79.910687317047419, 8.973776541547647 ], [ 79.907745645296217, 8.976655383958942 ], [ 79.907596730815243, 8.976812076908727 ], [ 79.90766899306027, 8.97683796401153 ], [ 79.907900544345921, 8.976924444320201 ], [ 79.908190398191977, 8.977044601405256 ], [ 79.908548816590539, 8.977230114594192 ], [ 79.908805917243782, 8.977384964880057 ], [ 79.909197876886296, 8.977634190493005 ], [ 79.909487478700385, 8.977816068443655 ], [ 79.909752133073752, 8.977993394420885 ], [ 79.909938871937058, 8.978118827459307 ], [ 79.910124607544532, 8.97823439489483 ], [ 79.910384269588903, 8.978447014283192 ], [ 79.910394988946763, 8.978453682852148 ], [ 79.910706864046773, 8.978308772586912 ], [ 79.910954281743727, 8.978197141175617 ], [ 79.911332343917039, 8.978016709359457 ], [ 79.911640279240544, 8.977869745714511 ], [ 79.911872990695656, 8.977766747297961 ], [ 79.912105490667116, 8.977664300654894 ], [ 79.912445150487073, 8.977514638056302 ], [ 79.912671899128966, 8.977414982263161 ], [ 79.912905012998152, 8.97731812675538 ], [ 79.913172232240782, 8.977210952850937 ], [ 79.913264180824498, 8.977182009221305 ], [ 79.913521329580789, 8.977211377315411 ], [ 79.913597050157037, 8.977264596049219 ], [ 79.913631763813086, 8.977388600806441 ], [ 79.913607338494387, 8.977561794929313 ], [ 79.913563036348364, 8.977679608105461 ], [ 79.913492907105166, 8.977811009136202 ], [ 79.913416376485401, 8.977909270548714 ], [ 79.913365948338111, 8.977979295064063 ], [ 79.913284237831959, 8.978089179687998 ], [ 79.913343408887471, 8.978321849389028 ], [ 79.913278105793424, 8.978638695621893 ], [ 79.913228846533656, 8.978849243157663 ], [ 79.913187417297792, 8.979027915598897 ], [ 79.91312307380089, 8.979227799044823 ], [ 79.913289031679014, 8.979254694116836 ], [ 79.913491220199234, 8.979298067979011 ], [ 79.913634905184807, 8.97933645328796 ], [ 79.913779662498641, 8.979373229870484 ], [ 79.913813149112315, 8.979292411286389 ], [ 79.913886385878698, 8.979044175424086 ], [ 79.913969899686819, 8.978773728064864 ], [ 79.914063204812237, 8.978494261179362 ], [ 79.914174336571378, 8.978200672408132 ], [ 79.914260013430848, 8.97800682179108 ], [ 79.91432460287065, 8.977806386203158 ], [ 79.91436017105373, 8.977653029243418 ], [ 79.914391207620781, 8.977495113061366 ], [ 79.914427663382938, 8.977318089747801 ], [ 79.914434909546273, 8.97715376317271 ], [ 79.91444397095897, 8.977039319129013 ], [ 79.914463711357683, 8.976980892846367 ], [ 79.914513995317094, 8.976898928730844 ], [ 79.91463217127621, 8.976874797743976 ], [ 79.914816902945674, 8.976958681549894 ], [ 79.915319074228321, 8.977193417537285 ], [ 79.915605450149542, 8.977324455784972 ], [ 79.915687476475227, 8.977359519270729 ], [ 79.915746570552912, 8.977262271122331 ], [ 79.915669798620343, 8.977077882287167 ], [ 79.915588626641693, 8.976822014197934 ], [ 79.915390255702704, 8.97619671665843 ], [ 79.915410690359394, 8.976112049438736 ], [ 79.915453645812207, 8.976004326583991 ], [ 79.915529899509536, 8.975698393571836 ], [ 79.915182813014624, 8.975604985671746 ], [ 79.915172493726374, 8.975551425284431 ], [ 79.915157998572269, 8.975476190366095 ], [ 79.915141584629168, 8.975474621603176 ], [ 79.915186181286828, 8.975442178025821 ], [ 79.915128139878902, 8.975248177313189 ], [ 79.915120710569809, 8.975271748022969 ], [ 79.914735570726052, 8.975301483072888 ], [ 79.914606896084194, 8.975283655169626 ], [ 79.914317192643878, 8.975230589182988 ], [ 79.913895872153802, 8.975124824622927 ], [ 79.912973388139022, 8.975253663779299 ], [ 79.912816071158232, 8.975273872450106 ], [ 79.911971858811754, 8.975382316589853 ], [ 79.911445024035146, 8.975328697252392 ], [ 79.911023767236429, 8.975196733292508 ], [ 79.910944908597926, 8.9751179596163 ], [ 79.910995826446779, 8.975084380344335 ], [ 79.910942123362304, 8.97507238394047 ], [ 79.91099785091987, 8.97501329673384 ], [ 79.911262009213232, 8.974725749733144 ], [ 79.911446998994634, 8.974490412630137 ], [ 79.911394735784484, 8.974306914720191 ], [ 79.911315895967448, 8.974277310621495 ], [ 79.910867499716275, 8.973910802016009 ], [ 79.910702686665573, 8.973739269243143 ] ] ] ] } },
{ "type": "Feature", "properties": { "OBJECTID_1": 39, "PROVINCE_N": "Northern", "DISTRICT_N": "Mannar", "DSD_N": "Mannar Town", "GND_N": "Periyakarisal", "GND_C": "MN/59", "TOTAL_POPU": 852, "EXIS_COVE": "Yes", "SUP_LEV": "24", "SCH_NAME": "Mannar Wss", "RWS_SCHE": "<Null>", "PROJ_DETAI": "<Null>", "WATER_SOUR": "Borehole", "PROJ_NAME": "<Null>", "COVER_PER": 25, "P_POP": 926, "GRO_RATE": 1.2, "COVE_2018": 25.0, "WATER_QUAL": "Complied", "COVE_2020": 25.0, "COVE_2025": 25.0, "COVE_2030": 25.0, "Shape_Leng": 12466.8286553, "Shape_Area": 7015354.4825900011, "OBJECTID_2": null, "OBJECTID_3": null, "OBJECTID": null, "EX_SCH_NAM": null, "RWS_Name": null, "SUP_LEVEL": null, "layer": "Sche_Mannar", "path": "C:/Users/MB/Downloads/New folder (2)/Sem 05/Advanced GIS and Remote Sensing for Planning/WEB MAP/pipebornewatermaps (2)/Shape Files/Shape Files/WSS Shape Files/Sche_Mannar.shx|layername=Sche_Mannar" }, "geometry": { "type": "MultiPolygon", "coordinates": [ [ [ [ 79.863276569277744, 9.072619120392782 ], [ 79.862295136541604, 9.071921159387584 ], [ 79.86206930641309, 9.071727028876289 ], [ 79.861612078123287, 9.071459081588168 ], [ 79.861407286889218, 9.0712702352218 ], [ 79.861003035683567, 9.070866397588013 ], [ 79.860703851533373, 9.070541294167089 ], [ 79.860504285455264, 9.070368154953542 ], [ 79.860188942227822, 9.070189494907607 ], [ 79.859816113016578, 9.06984851362375 ], [ 79.859507197701888, 9.069209491409268 ], [ 79.859323804518482, 9.068884675921012 ], [ 79.859145980178852, 9.068439549085486 ], [ 79.859083178727829, 9.06829813870959 ], [ 79.858884420846891, 9.067805874999904 ], [ 79.858628086376939, 9.067187910194313 ], [ 79.858523590109669, 9.066884218063366 ], [ 79.858330162493715, 9.066365809590286 ], [ 79.858183522993684, 9.066077706707359 ], [ 79.857869599996434, 9.065339272570133 ], [ 79.857634254428518, 9.06474751672428 ], [ 79.857503761517179, 9.064318202186984 ], [ 79.857320439353728, 9.063967228321879 ], [ 79.857194878891121, 9.063668714524857 ], [ 79.85704334819016, 9.063234116090673 ], [ 79.856818332825725, 9.062720859363045 ], [ 79.856692812844173, 9.062406651012806 ], [ 79.856603951212179, 9.0621657767187 ], [ 79.856363532048732, 9.061500765259424 ], [ 79.856285023120847, 9.061327927102214 ], [ 79.855959481445922, 9.06102368153249 ], [ 79.855417214312681, 9.061090335463023 ], [ 79.854927432660588, 9.06121466608686 ], [ 79.854616752567736, 9.061276666736257 ], [ 79.854227180491591, 9.061317542689338 ], [ 79.853595454837588, 9.061378737447711 ], [ 79.853021608175865, 9.061445307601746 ], [ 79.852621483920473, 9.061496617735596 ], [ 79.852326738700626, 9.061501109498431 ], [ 79.852008420583402, 9.061941782489683 ], [ 79.851371175045472, 9.062872163207009 ], [ 79.851000365193599, 9.063413544308357 ], [ 79.850389194063524, 9.0643058483055 ], [ 79.849829842604763, 9.065138604596857 ], [ 79.849381447743994, 9.065806165024588 ], [ 79.849045395846673, 9.066306469539489 ], [ 79.848608958894147, 9.066956221607242 ], [ 79.847980394261356, 9.066264371231457 ], [ 79.847724668599554, 9.065998238786698 ], [ 79.847618486149926, 9.065743105531345 ], [ 79.847427324410276, 9.065296605398219 ], [ 79.847203757867007, 9.064988076883957 ], [ 79.846905436372566, 9.064668738681828 ], [ 79.846553642428731, 9.064370505395914 ], [ 79.84637235081523, 9.064242613973725 ], [ 79.846202149059437, 9.063955457560933 ], [ 79.846075362123216, 9.063402926270044 ], [ 79.845852505817717, 9.062818292751466 ], [ 79.845671703897267, 9.062499251125448 ], [ 79.845277697207337, 9.061999140080662 ], [ 79.844788141405076, 9.061265159430304 ], [ 79.844276892578947, 9.060658556204991 ], [ 79.843904255989315, 9.060158498164794 ], [ 79.843456565547243, 9.059764444762102 ], [ 79.8426353414565, 9.059220769860397 ], [ 79.841971692407199, 9.058887758449247 ], [ 79.841288481778108, 9.058684253688346 ], [ 79.841021564543738, 9.058619857888869 ], [ 79.840306004655972, 9.058533083116858 ], [ 79.839270058069744, 9.058403012286742 ], [ 79.838522447909753, 9.058316151570342 ], [ 79.837996914856575, 9.058282953390938 ], [ 79.836907279397082, 9.058258935065949 ], [ 79.836116664624299, 9.058278152950562 ], [ 79.834951507624211, 9.058414114357834 ], [ 79.834780847080026, 9.058434028242845 ], [ 79.833825440863919, 9.058505495509003 ], [ 79.832996387441696, 9.058567509028194 ], [ 79.832183543697454, 9.058655174771488 ], [ 79.831856798878974, 9.058690413631041 ], [ 79.830591969661938, 9.058826821002361 ], [ 79.829692359424442, 9.059003261239921 ], [ 79.830151084224752, 9.059709681972597 ], [ 79.830430817472575, 9.060140459139898 ], [ 79.830629272706162, 9.060446072019868 ], [ 79.83107579815514, 9.061133699356549 ], [ 79.831511770224253, 9.061805072219654 ], [ 79.831899709414003, 9.062402475473815 ], [ 79.832238036225831, 9.062923476737673 ], [ 79.832468159613953, 9.063277851071003 ], [ 79.832817043102096, 9.063815105095557 ], [ 79.83313426125018, 9.064303596750081 ], [ 79.833651521200892, 9.065100133284469 ], [ 79.834027757190157, 9.065874289104878 ], [ 79.834167481476896, 9.065894664248047 ], [ 79.834539153592061, 9.066467003402 ], [ 79.834997829423969, 9.067173315552482 ], [ 79.835633859599582, 9.068152730192621 ], [ 79.836250362254887, 9.06910206945815 ], [ 79.837074308177463, 9.070370837055247 ], [ 79.837522659912196, 9.07106123615468 ], [ 79.838122087710786, 9.071879159461199 ], [ 79.83897645301073, 9.073044942856789 ], [ 79.839444503714034, 9.073610046323692 ], [ 79.840139122491721, 9.074448690695865 ], [ 79.841032527088473, 9.075527332189624 ], [ 79.841570805750749, 9.07617721186201 ], [ 79.842332769014561, 9.077097149375975 ], [ 79.842086070306479, 9.077402239789198 ], [ 79.842526251739201, 9.078181174829627 ], [ 79.843030834585065, 9.079074067422843 ], [ 79.842725262328955, 9.07935343387129 ], [ 79.84282253009944, 9.079553783713925 ], [ 79.842966592696342, 9.079451240460392 ], [ 79.84319125651713, 9.079320315840759 ], [ 79.843387130155307, 9.079200752198339 ], [ 79.843629034073857, 9.079075587789541 ], [ 79.843744262162957, 9.079001557128592 ], [ 79.843940122584655, 9.078887710722066 ], [ 79.843986196141955, 9.078864959135299 ], [ 79.844049481599455, 9.078859402253908 ], [ 79.844107000968904, 9.07885954832229 ], [ 79.844135687180525, 9.078888207374463 ], [ 79.844215964153193, 9.078985604142108 ], [ 79.844434330552048, 9.079066198657895 ], [ 79.844560754653983, 9.079112257687564 ], [ 79.844721618292368, 9.079186990290209 ], [ 79.844934292280442, 9.079244702377625 ], [ 79.845095183614532, 9.079307998785454 ], [ 79.845261915384128, 9.079337007928643 ], [ 79.845365464371739, 9.079331552945668 ], [ 79.845474765667362, 9.079326113423697 ], [ 79.845716595736818, 9.079229534506721 ], [ 79.845900774245592, 9.079184263232671 ], [ 79.846015871810167, 9.079161686320445 ], [ 79.846142428173678, 9.079156289416538 ], [ 79.846274560909166, 9.079219514257147 ], [ 79.84636653286617, 9.07924261587895 ], [ 79.846487308546145, 9.079248639427016 ], [ 79.846573573098169, 9.079254574625381 ], [ 79.846648274411066, 9.079283349139235 ], [ 79.846751663117033, 9.079340783415722 ], [ 79.846912466979163, 9.07943838357612 ], [ 79.84699287672386, 9.079484325300854 ], [ 79.847119369676733, 9.079504083934525 ], [ 79.847326410125959, 9.07951604227144 ], [ 79.847458688761904, 9.079522093715353 ], [ 79.847533449693429, 9.079527999585945 ], [ 79.847602370463079, 9.079568195412051 ], [ 79.847734474376196, 9.079642853098452 ], [ 79.847901134359489, 9.079700447125747 ], [ 79.847947148375241, 9.079700563502564 ], [ 79.848033222846055, 9.079780822284187 ], [ 79.848163002804142, 9.079938676739381 ], [ 79.848851430009077, 9.080394538281391 ], [ 79.849816936504794, 9.079893410037425 ], [ 79.850780457377851, 9.079560940840029 ], [ 79.851599392687348, 9.079299869667592 ], [ 79.852988310878047, 9.078529782264518 ], [ 79.853939290824229, 9.078168970140563 ], [ 79.853960780212489, 9.078181502712239 ], [ 79.854562930124146, 9.077991643767653 ], [ 79.855020619952469, 9.07782534237562 ], [ 79.855334032134465, 9.077610835468105 ], [ 79.855984738573923, 9.077253646509989 ], [ 79.856233845681359, 9.077126881917373 ], [ 79.856779962651657, 9.076848974228385 ], [ 79.857310091827131, 9.076587165890114 ], [ 79.858009109418916, 9.076158327874529 ], [ 79.858539478851284, 9.075800832002813 ], [ 79.859214246190049, 9.075443695859679 ], [ 79.859816872847091, 9.075062456324179 ], [ 79.86063627691918, 9.074609991948883 ], [ 79.860639833581885, 9.074605972978668 ], [ 79.860750822652761, 9.074480528700843 ], [ 79.860829230880825, 9.074443023400043 ], [ 79.861425150545429, 9.074050615493736 ], [ 79.8618175790442, 9.073799604624984 ], [ 79.862348182514424, 9.073346417704993 ], [ 79.862736883080387, 9.073041909795148 ], [ 79.863276569277744, 9.072619120392782 ] ] ] ] } },
{ "type": "Feature", "properties": { "OBJECTID_1": 44, "PROVINCE_N": "Northern", "DISTRICT_N": "Mannar", "DSD_N": "Mannar Town", "GND_N": "Pettah", "GND_C": "MN/79", "TOTAL_POPU": 941, "EXIS_COVE": "Yes", "SUP_LEV": "24", "SCH_NAME": "Mannar Wss", "RWS_SCHE": "<Null>", "PROJ_DETAI": "ON_GO", "WATER_SOUR": "Borehole", "PROJ_NAME": "ADB 5th Project", "COVER_PER": 100, "P_POP": 1023, "GRO_RATE": 1.2, "COVE_2018": 100.0, "WATER_QUAL": "Complied", "COVE_2020": 100.0, "COVE_2025": 100.0, "COVE_2030": 100.0, "Shape_Leng": 2555.4582786400001, "Shape_Area": 258040.78400499999, "OBJECTID_2": null, "OBJECTID_3": null, "OBJECTID": null, "EX_SCH_NAM": null, "RWS_Name": null, "SUP_LEVEL": null, "layer": "Sche_Mannar", "path": "C:/Users/MB/Downloads/New folder (2)/Sem 05/Advanced GIS and Remote Sensing for Planning/WEB MAP/pipebornewatermaps (2)/Shape Files/Shape Files/WSS Shape Files/Sche_Mannar.shx|layername=Sche_Mannar" }, "geometry": { "type": "MultiPolygon", "coordinates": [ [ [ [ 79.91312307380089, 8.979227799044823 ], [ 79.913187417297792, 8.979027915598897 ], [ 79.913228846533656, 8.978849243157663 ], [ 79.913278105793424, 8.978638695621893 ], [ 79.913343408887471, 8.978321849389028 ], [ 79.913284237831959, 8.978089179687998 ], [ 79.913365948338111, 8.977979295064063 ], [ 79.913416376485401, 8.977909270548714 ], [ 79.913492907105166, 8.977811009136202 ], [ 79.913563036348364, 8.977679608105461 ], [ 79.913607338494387, 8.977561794929313 ], [ 79.913631763813086, 8.977388600806441 ], [ 79.913597050157037, 8.977264596049219 ], [ 79.913521329580789, 8.977211377315411 ], [ 79.913264180824498, 8.977182009221305 ], [ 79.913172232240782, 8.977210952850937 ], [ 79.912905012998152, 8.97731812675538 ], [ 79.912671899128966, 8.977414982263161 ], [ 79.912445150487073, 8.977514638056302 ], [ 79.912105490667116, 8.977664300654894 ], [ 79.911872990695656, 8.977766747297961 ], [ 79.911640279240544, 8.977869745714511 ], [ 79.911332343917039, 8.978016709359457 ], [ 79.910954281743727, 8.978197141175617 ], [ 79.910706864046773, 8.978308772586912 ], [ 79.910394988946763, 8.978453682852148 ], [ 79.910200882354303, 8.97854387288473 ], [ 79.909943717738372, 8.978661228565677 ], [ 79.909676561966165, 8.978781950316474 ], [ 79.909335372620546, 8.978936470802914 ], [ 79.909133833424207, 8.979036215813263 ], [ 79.90880974277124, 8.979188326422532 ], [ 79.908523964926786, 8.97931682176972 ], [ 79.908257510164432, 8.97943414721791 ], [ 79.90794031836927, 8.979590046974719 ], [ 79.907865655822391, 8.979635969437316 ], [ 79.907716174944298, 8.979727910689176 ], [ 79.907575951839064, 8.979824272142643 ], [ 79.907404880243647, 8.979945895985308 ], [ 79.907548924169134, 8.979978373255332 ], [ 79.907643633522184, 8.980020570149096 ], [ 79.907669692665792, 8.980033933628331 ], [ 79.907875627983827, 8.980156143316067 ], [ 79.907987593282684, 8.980225400480672 ], [ 79.908209479985075, 8.980345366197156 ], [ 79.90854471958319, 8.980499803773034 ], [ 79.908791890618105, 8.980613342048107 ], [ 79.909163382821276, 8.980783987231503 ], [ 79.909551378096609, 8.980962211980899 ], [ 79.909806801616298, 8.981079540040184 ], [ 79.910116134621077, 8.981221631371751 ], [ 79.910364775581442, 8.981335842975778 ], [ 79.910499588849177, 8.981034096019759 ], [ 79.91055402509825, 8.980908798183846 ], [ 79.910593652601463, 8.980873864545835 ], [ 79.911392689476784, 8.981102832128242 ], [ 79.911498233986777, 8.981135367380267 ], [ 79.911464553085295, 8.981330698118432 ], [ 79.911370054344346, 8.981538978030567 ], [ 79.911643196878103, 8.981677681017946 ], [ 79.911799400005719, 8.981757001937135 ], [ 79.911858588786387, 8.981787418316495 ], [ 79.911858946463653, 8.981787294379455 ], [ 79.912163160087786, 8.981947230617065 ], [ 79.912367998008492, 8.98203345189534 ], [ 79.912390005672478, 8.981941638744919 ], [ 79.912445234135035, 8.981712212579554 ], [ 79.91252412477867, 8.981401564473797 ], [ 79.91263416649312, 8.98100492534847 ], [ 79.912778387554027, 8.980467708858038 ], [ 79.912898714604381, 8.980031241149081 ], [ 79.913047370483909, 8.979496813171329 ], [ 79.91311663752289, 8.979247793441544 ], [ 79.913122236589587, 8.979227663286244 ], [ 79.91312307380089, 8.979227799044823 ] ] ] ] } },
{ "type": "Feature", "properties": { "OBJECTID_1": 45, "PROVINCE_N": "Northern", "DISTRICT_N": "Mannar", "DSD_N": "Mannar Town", "GND_N": "Puthukamam", "GND_C": "MN/91", "TOTAL_POPU": 849, "EXIS_COVE": "Yes", "SUP_LEV": "24", "SCH_NAME": "Mannar Wss", "RWS_SCHE": "<Null>", "PROJ_DETAI": "<Null>", "WATER_SOUR": "Borehole", "PROJ_NAME": "<Null>", "COVER_PER": 50, "P_POP": 923, "GRO_RATE": 1.2, "COVE_2018": 50.0, "WATER_QUAL": "Complied", "COVE_2020": 50.0, "COVE_2025": 50.0, "COVE_2030": 50.0, "Shape_Leng": 13606.6014063, "Shape_Area": 7903700.6183599997, "OBJECTID_2": null, "OBJECTID_3": null, "OBJECTID": null, "EX_SCH_NAM": null, "RWS_Name": null, "SUP_LEVEL": null, "layer": "Sche_Mannar", "path": "C:/Users/MB/Downloads/New folder (2)/Sem 05/Advanced GIS and Remote Sensing for Planning/WEB MAP/pipebornewatermaps (2)/Shape Files/Shape Files/WSS Shape Files/Sche_Mannar.shx|layername=Sche_Mannar" }, "geometry": { "type": "MultiPolygon", "coordinates": [ [ [ [ 79.972494429159099, 8.892911779758043 ], [ 79.974932044578026, 8.890153311298324 ], [ 79.977004852241933, 8.888237615494671 ], [ 79.976320327207219, 8.885904580019105 ], [ 79.97563906530759, 8.882062884174012 ], [ 79.975509440693969, 8.878222364589899 ], [ 79.97570035240598, 8.876723730378945 ], [ 79.975902813336049, 8.875134416857595 ], [ 79.97590514005266, 8.875116153434856 ], [ 79.97398684524282, 8.875312021314079 ], [ 79.973081521224046, 8.875527304700251 ], [ 79.972395415550864, 8.87537068066916 ], [ 79.972178883449303, 8.874501342672326 ], [ 79.971992345635698, 8.874190630563044 ], [ 79.97130678097021, 8.873785756011197 ], [ 79.970747303496537, 8.872791557809283 ], [ 79.970873051393198, 8.872357390333304 ], [ 79.9715914949184, 8.871986555550448 ], [ 79.971623570204216, 8.871583218398261 ], [ 79.971312293887479, 8.871241208428533 ], [ 79.970937674324404, 8.871333499630927 ], [ 79.970563323745083, 8.871301665609968 ], [ 79.970065041957128, 8.870866159559197 ], [ 79.969816776931097, 8.870245002483014 ], [ 79.969868944444684, 8.86949844255675 ], [ 79.969848769642226, 8.869347510100045 ], [ 79.969809826204269, 8.869191154049854 ], [ 79.969747314212, 8.869034747412455 ], [ 79.969621950320317, 8.868878205854648 ], [ 79.969488662203347, 8.868752901923585 ], [ 79.969355357214724, 8.868635411583927 ], [ 79.969127859329078, 8.86847865056397 ], [ 79.968821645901357, 8.868392043305199 ], [ 79.968515312873024, 8.868360130313691 ], [ 79.968161807979442, 8.868343743876997 ], [ 79.967878976557643, 8.868343135571207 ], [ 79.967729773270193, 8.868311559921409 ], [ 79.967596265058631, 8.868287831653735 ], [ 79.967400075088349, 8.868185832684413 ], [ 79.96729037444392, 8.868052765154864 ], [ 79.967259203640467, 8.867935493988506 ], [ 79.96725206139007, 8.867607306504588 ], [ 79.96722357174464, 8.867301566508287 ], [ 79.967166287461708, 8.867310205308451 ], [ 79.966828411586548, 8.867332918763809 ], [ 79.966380528308818, 8.867363207627179 ], [ 79.966058264040285, 8.867432835995087 ], [ 79.965751625588609, 8.867541565179883 ], [ 79.965523500443894, 8.867673904465653 ], [ 79.965342547099809, 8.867790718065523 ], [ 79.96517732453259, 8.867899751857983 ], [ 79.964862863133988, 8.867992836049565 ], [ 79.96438343468472, 8.868077750841218 ], [ 79.963574002118904, 8.868177577878443 ], [ 79.963204768018784, 8.868168965521063 ], [ 79.962882724053799, 8.868137013975799 ], [ 79.962678509107675, 8.868113130933741 ], [ 79.962521363641613, 8.868120604334313 ], [ 79.962450313320701, 8.868276722681824 ], [ 79.962112060122877, 8.868471329551985 ], [ 79.961923284110483, 8.868572498008627 ], [ 79.961592988720668, 8.868720239680655 ], [ 79.961066248710054, 8.868883183109601 ], [ 79.960657475516555, 8.868991686272254 ], [ 79.960146517318663, 8.869123407984596 ], [ 79.959674650556408, 8.869341163172374 ], [ 79.959336566855569, 8.86945763298802 ], [ 79.958306445951692, 8.869877325141555 ], [ 79.957512153822563, 8.870235020008533 ], [ 79.957119091407591, 8.870343553307539 ], [ 79.956569105599343, 8.87035798098797 ], [ 79.956492647667545, 8.870696653420163 ], [ 79.956494133963957, 8.870697111449767 ], [ 79.956457994988995, 8.870865621754797 ], [ 79.956410011129634, 8.871248382844938 ], [ 79.956393246331231, 8.871724974866861 ], [ 79.956334129858888, 8.873592292825025 ], [ 79.956231288143599, 8.873912424880618 ], [ 79.956050954315316, 8.874299799053238 ], [ 79.957016418457016, 8.874622203575537 ], [ 79.956964529593392, 8.875395659076725 ], [ 79.956600543822461, 8.876665897869353 ], [ 79.956264399986964, 8.877908564277417 ], [ 79.955707818507193, 8.878321815355129 ], [ 79.954985085734663, 8.878486020873519 ], [ 79.954152137746192, 8.878235517252985 ], [ 79.953431671489909, 8.877377374471459 ], [ 79.952821788894369, 8.876768152301464 ], [ 79.95151622516201, 8.876654761665369 ], [ 79.950710145456924, 8.876818776826056 ], [ 79.949737119927761, 8.87709294633234 ], [ 79.949014019524668, 8.877422927232322 ], [ 79.948623638463474, 8.878057580672163 ], [ 79.948094523867084, 8.878609035409662 ], [ 79.946814085454506, 8.879683820415107 ], [ 79.946099389096659, 8.87965482819914 ], [ 79.945464737255307, 8.87981112915636 ], [ 79.944487448129081, 8.879546121283118 ], [ 79.943773449426459, 8.879728528725748 ], [ 79.943455828751809, 8.879938098111712 ], [ 79.943217318490241, 8.88022669505764 ], [ 79.942873325932297, 8.880409921855513 ], [ 79.941547729649969, 8.8822468728365 ], [ 79.941361304445067, 8.882877280900587 ], [ 79.941491854826054, 8.883587244717212 ], [ 79.941984660647634, 8.884183966658712 ], [ 79.94404958615749, 8.885834360447511 ], [ 79.946664634622238, 8.888171714017155 ], [ 79.946897948902048, 8.888934946761465 ], [ 79.946935167048736, 8.890062366365836 ], [ 79.946936158982851, 8.890092421423349 ], [ 79.945826116455763, 8.893107275138064 ], [ 79.945351940214209, 8.894766630362016 ], [ 79.94415638105896, 8.897523824087017 ], [ 79.941116413833939, 8.902285876238199 ], [ 79.94276830143275, 8.903661061653107 ], [ 79.947587966489408, 8.906963372985262 ], [ 79.95342716106893, 8.910085880512369 ], [ 79.953956370365745, 8.909536993091788 ], [ 79.954722459481914, 8.910263933846535 ], [ 79.958763166802541, 8.905204996820293 ], [ 79.963737789732107, 8.900826997607373 ], [ 79.96871229656459, 8.896448921280985 ], [ 79.971638889631222, 8.893658408262228 ], [ 79.972443694323985, 8.892891012029988 ], [ 79.972494429159099, 8.892911779758043 ] ] ] ] } },
{ "type": "Feature", "properties": { "OBJECTID_1": 48, "PROVINCE_N": "Northern", "DISTRICT_N": "Mannar", "DSD_N": "Mannar Town", "GND_N": "Sinnakadai", "GND_C": "MN/78", "TOTAL_POPU": 1386, "EXIS_COVE": "Yes", "SUP_LEV": "24", "SCH_NAME": "Mannar Wss", "RWS_SCHE": "<Null>", "PROJ_DETAI": "ON_GO", "WATER_SOUR": "Borehole", "PROJ_NAME": "ADB 5th Project", "COVER_PER": 100, "P_POP": 1507, "GRO_RATE": 1.2, "COVE_2018": 100.0, "WATER_QUAL": "Complied", "COVE_2020": 100.0, "COVE_2025": 100.0, "COVE_2030": 100.0, "Shape_Leng": 8908.3957477500007, "Shape_Area": 1334677.3905799999, "OBJECTID_2": null, "OBJECTID_3": null, "OBJECTID": null, "EX_SCH_NAM": null, "RWS_Name": null, "SUP_LEVEL": null, "layer": "Sche_Mannar", "path": "C:/Users/MB/Downloads/New folder (2)/Sem 05/Advanced GIS and Remote Sensing for Planning/WEB MAP/pipebornewatermaps (2)/Shape Files/Shape Files/WSS Shape Files/Sche_Mannar.shx|layername=Sche_Mannar" }, "geometry": { "type": "MultiPolygon", "coordinates": [ [ [ [ 79.910709027872613, 8.990910175991147 ], [ 79.9106948069808, 8.990644034206882 ], [ 79.910653884144253, 8.990435720725479 ], [ 79.910684519233854, 8.990091846966779 ], [ 79.910699836744456, 8.989919910534121 ], [ 79.91074437013971, 8.989420035033865 ], [ 79.910788408245153, 8.988925716950394 ], [ 79.910813298832792, 8.988646319640759 ], [ 79.91084393436978, 8.988302446713863 ], [ 79.910865160167802, 8.988064180641391 ], [ 79.910876648334224, 8.987935228512171 ], [ 79.91089021682015, 8.987782931124265 ], [ 79.910899789969093, 8.987675470258914 ], [ 79.910909528444293, 8.98756615721161 ], [ 79.910918013102275, 8.987511826926559 ], [ 79.910929289475931, 8.987457543841325 ], [ 79.910972518786167, 8.987413800642157 ], [ 79.9110642995375, 8.987370834348695 ], [ 79.911186222117095, 8.987251917115717 ], [ 79.911233782082533, 8.987168014299824 ], [ 79.911281253028136, 8.98701160530085 ], [ 79.911333940948609, 8.98687992562105 ], [ 79.911402106418365, 8.986800759659593 ], [ 79.911495504021488, 8.986636677660538 ], [ 79.911511159417344, 8.986537874439097 ], [ 79.911581084457225, 8.98638776257312 ], [ 79.911640504545929, 8.986251378048371 ], [ 79.911697178967287, 8.986062624291874 ], [ 79.91176766436196, 8.985897706704051 ], [ 79.911797997698628, 8.985850733595973 ], [ 79.911840950028946, 8.985685203908016 ], [ 79.911837235310358, 8.985571753775799 ], [ 79.911804758244529, 8.985419466514534 ], [ 79.911744609763502, 8.985248555635126 ], [ 79.911661744941185, 8.985108474245552 ], [ 79.911570291835133, 8.984951473686275 ], [ 79.911492905692128, 8.984818540451636 ], [ 79.911448822961589, 8.984746958794213 ], [ 79.911399001572335, 8.984670174938326 ], [ 79.911377313513341, 8.984573470830552 ], [ 79.911453093044926, 8.984472979616704 ], [ 79.91150912954474, 8.984408080540222 ], [ 79.911597705133886, 8.984239245019523 ], [ 79.911532214053111, 8.984219979006204 ], [ 79.911369648946959, 8.984179946592233 ], [ 79.911246462348004, 8.984135130854019 ], [ 79.911116172411866, 8.984078058370041 ], [ 79.910997628417249, 8.984009291167323 ], [ 79.910946090432404, 8.983979852661436 ], [ 79.910824976459395, 8.983918847717199 ], [ 79.91083524083777, 8.983837081159017 ], [ 79.910909952442694, 8.983708961803636 ], [ 79.910960817167208, 8.983616734197385 ], [ 79.911020565899747, 8.983495476630276 ], [ 79.911085461644177, 8.98334301407974 ], [ 79.911184456023719, 8.983176818594011 ], [ 79.911304899159958, 8.982941899352388 ], [ 79.911387342032995, 8.982767851691342 ], [ 79.911523995225224, 8.982489839405261 ], [ 79.911580840972675, 8.982370832558914 ], [ 79.911640139874009, 8.982235368973825 ], [ 79.911710040715136, 8.982067688715787 ], [ 79.911763930809684, 8.981970690564729 ], [ 79.911867902259033, 8.981792204790638 ], [ 79.911858588786387, 8.981787418316495 ], [ 79.911799400005719, 8.981757001937135 ], [ 79.911643196878103, 8.981677681017946 ], [ 79.911370054344346, 8.981538978030567 ], [ 79.911464553085295, 8.981330698118432 ], [ 79.911498233986777, 8.981135367380267 ], [ 79.911392689476784, 8.981102832128242 ], [ 79.910593652601463, 8.980873864545835 ], [ 79.91055402509825, 8.980908798183846 ], [ 79.910499588849177, 8.981034096019759 ], [ 79.910364775581442, 8.981335842975778 ], [ 79.910116134621077, 8.981221631371751 ], [ 79.909806801616298, 8.981079540040184 ], [ 79.909551378096609, 8.980962211980899 ], [ 79.909163382821276, 8.980783987231503 ], [ 79.908791890618105, 8.980613342048107 ], [ 79.90854471958319, 8.980499803773034 ], [ 79.908209479985075, 8.980345366197156 ], [ 79.907987593282684, 8.980225400480672 ], [ 79.907875627983827, 8.980156143316067 ], [ 79.907669692665792, 8.980033933628331 ], [ 79.907643633522184, 8.980020570149096 ], [ 79.907548924169134, 8.979978373255332 ], [ 79.907404880243647, 8.979945895985308 ], [ 79.90737137597624, 8.9799383412815 ], [ 79.907281706542477, 8.979972105881584 ], [ 79.906996764090877, 8.980029670068259 ], [ 79.906591892497559, 8.980138732605825 ], [ 79.90631966921741, 8.980207042721249 ], [ 79.90600126585808, 8.980282365272059 ], [ 79.905729016783411, 8.980342692297025 ], [ 79.905507558043467, 8.980396442296543 ], [ 79.905149332498993, 8.980488059821049 ], [ 79.904906022685182, 8.980564237556072 ], [ 79.90472428773289, 8.980653633473072 ], [ 79.904646846996002, 8.980708905549868 ], [ 79.904476658853639, 8.980853900853663 ], [ 79.904411692899131, 8.980923295771202 ], [ 79.904338326622508, 8.981001664325166 ], [ 79.904334984613286, 8.981024643997214 ], [ 79.904495192803722, 8.98107275942197 ], [ 79.904789869564055, 8.981286850892456 ], [ 79.905020218998175, 8.981451693196647 ], [ 79.905179321313284, 8.981569273749015 ], [ 79.905396830549478, 8.981699722397734 ], [ 79.905687167666201, 8.981882507462643 ], [ 79.905831289084546, 8.981968389043772 ], [ 79.905988863381921, 8.982042220224887 ], [ 79.906134406698939, 8.982105700664951 ], [ 79.906428057921687, 8.982239187992739 ], [ 79.906855616440808, 8.982429309055069 ], [ 79.90713335529793, 8.982549250857419 ], [ 79.907310890087629, 8.982631911009465 ], [ 79.907444194741132, 8.982694174280587 ], [ 79.907891766269856, 8.982891179951748 ], [ 79.908447821641317, 8.983116325026655 ], [ 79.909013333922317, 8.983320142168388 ], [ 79.910061343906264, 8.98365469359911 ], [ 79.910413866308843, 8.983793813472049 ], [ 79.910392112868252, 8.983924038177729 ], [ 79.910316874316365, 8.984196260348707 ], [ 79.910265317770424, 8.984358754458245 ], [ 79.910213346310982, 8.984507464998902 ], [ 79.910161475747216, 8.984626915341178 ], [ 79.910047493599748, 8.984811680687587 ], [ 79.909884886589253, 8.984954088663738 ], [ 79.909807189004525, 8.985027492658878 ], [ 79.909656603259251, 8.98516554446131 ], [ 79.90546791081988, 8.988853517891688 ], [ 79.905453526827714, 8.988856247131634 ], [ 79.90545870974735, 8.988861484275741 ], [ 79.904278680152103, 8.989885419610898 ], [ 79.902656458819237, 8.991311180757927 ], [ 79.899968009199767, 8.993679420546341 ], [ 79.897647513381742, 8.995718869303841 ], [ 79.897406888136231, 8.995778100325385 ], [ 79.897559763312287, 8.99579593795224 ], [ 79.896914992987718, 8.996364543275408 ], [ 79.896692245943655, 8.996561316044074 ], [ 79.89636762753689, 8.99684807958459 ], [ 79.896039816831845, 8.997135876756762 ], [ 79.895690470003032, 8.99743834339826 ], [ 79.895365492896403, 8.997719710112197 ], [ 79.894997186911866, 8.99803859144064 ], [ 79.894636921570992, 8.998353975323152 ], [ 79.894256743080547, 8.998693127895327 ], [ 79.893800446908514, 8.999188729674959 ], [ 79.894012443037639, 8.99943612850676 ], [ 79.89415206420162, 8.999599065744009 ], [ 79.894279384904721, 8.999746823176151 ], [ 79.894495639554947, 8.999990076555767 ], [ 79.894783273306913, 9.000313621744233 ], [ 79.895026170837298, 9.000580733126048 ], [ 79.895253875588168, 9.000791323751191 ], [ 79.895584822414406, 9.001090443398754 ], [ 79.895585322958866, 9.001090670621291 ], [ 79.896128793619425, 9.00062466257679 ], [ 79.896139635610595, 9.000587274629146 ], [ 79.896205853817094, 9.00056169511361 ], [ 79.89634009449847, 9.0004155933294 ], [ 79.89747558031226, 8.999396628546618 ], [ 79.898611248244535, 8.99829907138048 ], [ 79.89961484893567, 8.997332180444284 ], [ 79.899876575714899, 8.997224487837345 ], [ 79.900033651905773, 8.997092387358659 ], [ 79.900089828430026, 8.997045142973807 ], [ 79.900501900317423, 8.996753985165624 ], [ 79.900828864236644, 8.99652296097222 ], [ 79.902095509077554, 8.995740058304621 ], [ 79.9040876583379, 8.994579009807683 ], [ 79.904958367353473, 8.99408332553566 ], [ 79.906910882774767, 8.992961461241462 ], [ 79.908045509828142, 8.992283012024545 ], [ 79.909905506637145, 8.991278798477998 ], [ 79.910709027872613, 8.990910175991147 ] ] ] ] } },
{ "type": "Feature", "properties": { "OBJECTID_1": 50, "PROVINCE_N": "Northern", "DISTRICT_N": "Mannar", "DSD_N": "Mannar Town", "GND_N": "South Bar", "GND_C": "MN/73", "TOTAL_POPU": 2005, "EXIS_COVE": "Yes", "SUP_LEV": "24", "SCH_NAME": "Mannar Wss", "RWS_SCHE": "<Null>", "PROJ_DETAI": "<Null>", "WATER_SOUR": "Borehole", "PROJ_NAME": "<Null>", "COVER_PER": 100, "P_POP": 2180, "GRO_RATE": 1.2, "COVE_2018": 100.0, "WATER_QUAL": "Complied", "COVE_2020": 100.0, "COVE_2025": 100.0, "COVE_2030": 100.0, "Shape_Leng": 6932.2085499300001, "Shape_Area": 2073462.68992, "OBJECTID_2": null, "OBJECTID_3": null, "OBJECTID": null, "EX_SCH_NAM": null, "RWS_Name": null, "SUP_LEVEL": null, "layer": "Sche_Mannar", "path": "C:/Users/MB/Downloads/New folder (2)/Sem 05/Advanced GIS and Remote Sensing for Planning/WEB MAP/pipebornewatermaps (2)/Shape Files/Shape Files/WSS Shape Files/Sche_Mannar.shx|layername=Sche_Mannar" }, "geometry": { "type": "MultiPolygon", "coordinates": [ [ [ [ 79.89838122220489, 8.975071041007379 ], [ 79.898507786488736, 8.974481269904993 ], [ 79.898747406252696, 8.973631088067968 ], [ 79.898885738874938, 8.973674880966309 ], [ 79.899225742808255, 8.97378253961911 ], [ 79.899506005037821, 8.973877660404067 ], [ 79.899818387098406, 8.973983681949123 ], [ 79.900052185900762, 8.974064058430312 ], [ 79.900273584687255, 8.974140310715692 ], [ 79.900527229197493, 8.974228814845933 ], [ 79.900730733204242, 8.974280196351051 ], [ 79.900713187138521, 8.974220358517195 ], [ 79.900656644225606, 8.974108312855185 ], [ 79.90054324228079, 8.974004577680905 ], [ 79.900491127986811, 8.973948953841237 ], [ 79.900440841673898, 8.973869630724804 ], [ 79.900399012584728, 8.973794032675938 ], [ 79.900326123261237, 8.973696093538782 ], [ 79.900236421614935, 8.973541468262397 ], [ 79.900156465600119, 8.973350635656796 ], [ 79.900171178718182, 8.973176203076566 ], [ 79.900225135451365, 8.972974872065231 ], [ 79.900304823961221, 8.972785392491909 ], [ 79.900389995089029, 8.97261487639194 ], [ 79.900573719301306, 8.972280620469643 ], [ 79.900679228219488, 8.97207293550712 ], [ 79.900807529491914, 8.971762047106013 ], [ 79.900879917927853, 8.971547821266777 ], [ 79.900904867884222, 8.971447437502503 ], [ 79.900928974131432, 8.97134468834952 ], [ 79.900945474618666, 8.971251838677709 ], [ 79.900945681108325, 8.971165213520427 ], [ 79.900932373158142, 8.971097922087463 ], [ 79.900850838528228, 8.970999791823855 ], [ 79.90080737973247, 8.970956376131502 ], [ 79.900807716981674, 8.970773717260066 ], [ 79.900854011352806, 8.970556486956434 ], [ 79.900949653878158, 8.970293545254092 ], [ 79.901022413600558, 8.97009351325152 ], [ 79.901193323157628, 8.969831749642166 ], [ 79.90093257686469, 8.969632523221648 ], [ 79.900718050606372, 8.969560862650431 ], [ 79.900537677657297, 8.969500610317171 ], [ 79.899325760068791, 8.969471555441963 ], [ 79.898614568875004, 8.969391286383061 ], [ 79.898562249258035, 8.969233984304651 ], [ 79.898615445239798, 8.969024538054768 ], [ 79.898615695623178, 8.968919752687624 ], [ 79.898537026114099, 8.96881494273136 ], [ 79.898548185224527, 8.968701300057354 ], [ 79.89840554289961, 8.968657291780275 ], [ 79.898168478856064, 8.968630535340731 ], [ 79.89772038654219, 8.968708065771938 ], [ 79.897140809360025, 8.968680497731725 ], [ 79.896640586391513, 8.968522135410383 ], [ 79.896008941558819, 8.968232478082463 ], [ 79.895430181232754, 8.96786435640062 ], [ 79.894851484981515, 8.967470036921441 ], [ 79.894536135724238, 8.967128734971279 ], [ 79.894299891673342, 8.966761424311548 ], [ 79.894300520559597, 8.966499460711809 ], [ 79.894351907854698, 8.966463149872524 ], [ 79.89435670916896, 8.966418817346982 ], [ 79.894432570462897, 8.966368791971641 ], [ 79.894802121328809, 8.966081507294103 ], [ 79.895119040699043, 8.965767901167469 ], [ 79.895172363544944, 8.965506063322012 ], [ 79.895104668778515, 8.965463005515142 ], [ 79.895105145372895, 8.965460307818811 ], [ 79.895040941586188, 8.96537476962188 ], [ 79.894699121240123, 8.965085797651582 ], [ 79.894146022145065, 8.965005895787852 ], [ 79.893540103903035, 8.964978261058382 ], [ 79.893541110777818, 8.964559120065646 ], [ 79.893620780319466, 8.964297345081395 ], [ 79.893880344686352, 8.963912220941381 ], [ 79.893927743643701, 8.963714049778654 ], [ 79.894091208085044, 8.963161712774458 ], [ 79.894253953497937, 8.962908767314129 ], [ 79.894115420562613, 8.962724196970902 ], [ 79.893858104303916, 8.962451058273169 ], [ 79.893745761665741, 8.962331806410395 ], [ 79.893193366459968, 8.962305959452671 ], [ 79.893124682141803, 8.962318207291402 ], [ 79.89271029365716, 8.96334116145885 ], [ 79.892639341123072, 8.964296668818347 ], [ 79.892520270770845, 8.964488024901188 ], [ 79.89250224097664, 8.964688630825298 ], [ 79.892455793723357, 8.964984105411419 ], [ 79.8920430759444, 8.965437868901189 ], [ 79.891539433554911, 8.96566404332925 ], [ 79.890234807496668, 8.966138417278167 ], [ 79.889433163916195, 8.96665946188568 ], [ 79.888892499010979, 8.967084971128957 ], [ 79.888608156741029, 8.967385084479719 ], [ 79.888240838439728, 8.967975374338533 ], [ 79.887942342602457, 8.968474880257849 ], [ 79.887689692716108, 8.968929019695246 ], [ 79.887666164633345, 8.969201811016266 ], [ 79.887848670065395, 8.969384145299156 ], [ 79.88812248354165, 8.969634909715431 ], [ 79.888716672863922, 8.969795489718669 ], [ 79.889310752960895, 8.970001544374927 ], [ 79.889515781369752, 8.970093867020125 ], [ 79.889511354410374, 8.970097371701724 ], [ 79.88956202934466, 8.970115830186135 ], [ 79.889584458168656, 8.970297781594908 ], [ 79.889492436057012, 8.9705249347159 ], [ 79.889309380027484, 8.970569971680051 ], [ 79.888829311328593, 8.970500614065799 ], [ 79.888418231791093, 8.970272259025425 ], [ 79.887938822869216, 8.969930054283198 ], [ 79.887321710776121, 8.969792154280677 ], [ 79.886727191846106, 8.969767994158396 ], [ 79.886131901508918, 8.970062152689117 ], [ 79.885811030080518, 8.970356967195121 ], [ 79.885600882842382, 8.970541794027685 ], [ 79.885262613283444, 8.971501272159255 ], [ 79.884847473360381, 8.971627940521797 ], [ 79.883955001105448, 8.971875906822525 ], [ 79.883268674453234, 8.971987942966924 ], [ 79.883223656321832, 8.971692250508918 ], [ 79.883064075764082, 8.971487232237308 ], [ 79.882858537972155, 8.971373052141153 ], [ 79.882698459742571, 8.971372667048682 ], [ 79.882606875919834, 8.971417920629952 ], [ 79.882423431437758, 8.971622114585379 ], [ 79.882194637259886, 8.971667037806538 ], [ 79.882012078516524, 8.971507437744874 ], [ 79.881989598113307, 8.971348223979071 ], [ 79.882105157445807, 8.970848283591483 ], [ 79.882403884448692, 8.970257835177629 ], [ 79.882839874352072, 8.969644979591932 ], [ 79.883436270710888, 8.968896085218523 ], [ 79.883986653566907, 8.968260766720858 ], [ 79.884468594765593, 8.967557070188233 ], [ 79.884561226080919, 8.967079810452871 ], [ 79.88442473597226, 8.96678389941596 ], [ 79.884150651171211, 8.966646817818337 ], [ 79.883830995861018, 8.966441415662947 ], [ 79.883694505650709, 8.966145503520567 ], [ 79.883649212121668, 8.96596349709735 ], [ 79.883466157993468, 8.966008532233914 ], [ 79.883236980578332, 8.966212616176197 ], [ 79.882892965613266, 8.966621059362485 ], [ 79.882548728593861, 8.967120450398712 ], [ 79.882204545942329, 8.96759710327083 ], [ 79.881917837385586, 8.967948839862059 ], [ 79.881298571101013, 8.968697676581284 ], [ 79.880403386770325, 8.97005974989494 ], [ 79.879713899538231, 8.971467791710053 ], [ 79.879024294523205, 8.972921306132983 ], [ 79.87857519655897, 8.974012809876783 ], [ 79.878910764861473, 8.974171645844079 ], [ 79.884053529150378, 8.975852914653768 ], [ 79.885524781369924, 8.974384305176894 ], [ 79.890185053481019, 8.983984730682833 ], [ 79.890127785706426, 8.984021114290583 ], [ 79.890200051424884, 8.984015384783689 ], [ 79.890165940665369, 8.984095158538532 ], [ 79.890790773697361, 8.984100269912554 ], [ 79.891135375890954, 8.984279675677135 ], [ 79.891265718239183, 8.984410315785656 ], [ 79.891376506650388, 8.984555881558792 ], [ 79.89152677169632, 8.984763091772777 ], [ 79.891854782445236, 8.985211989594669 ], [ 79.891981943850553, 8.985369985338849 ], [ 79.891993278879426, 8.985381842876357 ], [ 79.891993739012918, 8.985381471472849 ], [ 79.892190348113502, 8.985078318719934 ], [ 79.892966303463993, 8.983998116211087 ], [ 79.893676319888854, 8.982989276675776 ], [ 79.894314464116221, 8.982082299018206 ], [ 79.894778371648215, 8.981420351616224 ], [ 79.895345431651336, 8.980611213890588 ], [ 79.895845499261966, 8.979897662438983 ], [ 79.896347888959056, 8.979180793835951 ], [ 79.896603853983564, 8.978815552015169 ], [ 79.897012112384928, 8.978248530076405 ], [ 79.89711761640001, 8.978236592325453 ], [ 79.897313062182334, 8.978231052690562 ], [ 79.897504275742477, 8.978214519568491 ], [ 79.897711703982083, 8.97810806113932 ], [ 79.897788985217517, 8.978044340185363 ], [ 79.897929263725416, 8.977914447682696 ], [ 79.89799982048892, 8.977835002419051 ], [ 79.898071690242332, 8.977754079281008 ], [ 79.898169684074546, 8.977569452789046 ], [ 79.898204424831292, 8.977476583220298 ], [ 79.898253253032181, 8.977287722984284 ], [ 79.898303936717099, 8.977021140008056 ], [ 79.898328281280314, 8.976785464780031 ], [ 79.898356733066905, 8.976589834116586 ], [ 79.898359310387704, 8.976503844827386 ], [ 79.898364592403524, 8.976330315062162 ], [ 79.898379502047803, 8.97626426477205 ], [ 79.898413610957519, 8.976189110086956 ], [ 79.898453062411591, 8.976119628785018 ], [ 79.898496402339092, 8.976017801486391 ], [ 79.898454137967747, 8.975850922184152 ], [ 79.898163860728914, 8.975712486179004 ], [ 79.898225511337102, 8.975496320779358 ], [ 79.898257328403815, 8.97538475861424 ], [ 79.8982875387711, 8.975278832605413 ], [ 79.898333712280703, 8.975116894626423 ], [ 79.89838122220489, 8.975071041007379 ] ] ] ] } },
{ "type": "Feature", "properties": { "OBJECTID_1": 56, "PROVINCE_N": "Northern", "DISTRICT_N": "Mannar", "DSD_N": "Mannar Town", "GND_N": "Thalvupadu", "GND_C": "MN/70", "TOTAL_POPU": 2353, "EXIS_COVE": "Yes", "SUP_LEV": "24", "SCH_NAME": "Mannar Wss", "RWS_SCHE": "<Null>", "PROJ_DETAI": "ON_GO", "WATER_SOUR": "Borehole", "PROJ_NAME": "ADB 5th Project", "COVER_PER": 50, "P_POP": 2558, "GRO_RATE": 1.2, "COVE_2018": 50.0, "WATER_QUAL": "Complied", "COVE_2020": 100.0, "COVE_2025": 100.0, "COVE_2030": 100.0, "Shape_Leng": 8581.0011353400005, "Shape_Area": 3086107.6268199999, "OBJECTID_2": null, "OBJECTID_3": null, "OBJECTID": null, "EX_SCH_NAM": null, "RWS_Name": null, "SUP_LEVEL": null, "layer": "Sche_Mannar", "path": "C:/Users/MB/Downloads/New folder (2)/Sem 05/Advanced GIS and Remote Sensing for Planning/WEB MAP/pipebornewatermaps (2)/Shape Files/Shape Files/WSS Shape Files/Sche_Mannar.shx|layername=Sche_Mannar" }, "geometry": { "type": "MultiPolygon", "coordinates": [ [ [ [ 79.877482484377566, 9.00042443624946 ], [ 79.877277628869663, 9.000295835434075 ], [ 79.877105003081155, 9.000055123716953 ], [ 79.877002028234486, 8.999911533887317 ], [ 79.876860325110457, 8.99971394160028 ], [ 79.876669687009141, 8.999448112819939 ], [ 79.876547281267094, 8.999267821615394 ], [ 79.876426935121117, 8.999066214346438 ], [ 79.876299842682755, 8.998853306288613 ], [ 79.876235624202238, 8.998735123229192 ], [ 79.876181567789743, 8.998575780233615 ], [ 79.876078934921765, 8.998247959628554 ], [ 79.876049078978838, 8.998087485621266 ], [ 79.875972640006751, 8.997805891403946 ], [ 79.875785474612101, 8.997484262819974 ], [ 79.875638461849178, 8.997217267623734 ], [ 79.875519931032812, 8.996991650144048 ], [ 79.875410493884914, 8.996787312502358 ], [ 79.87519863609792, 8.996414804683456 ], [ 79.875440834444021, 8.99622145211826 ], [ 79.875775686319088, 8.995954132256747 ], [ 79.876212441028571, 8.995509563026586 ], [ 79.876090381345179, 8.995219030127323 ], [ 79.875974785315847, 8.994943884817811 ], [ 79.875832805731946, 8.994605940038451 ], [ 79.87566933869708, 8.994305870970317 ], [ 79.875600686410408, 8.994113548911132 ], [ 79.875532069284276, 8.993934687519603 ], [ 79.875440307437628, 8.993685452550771 ], [ 79.875392078537203, 8.993329757098298 ], [ 79.875397877001106, 8.993095303955993 ], [ 79.875452902224239, 8.992647033170803 ], [ 79.875881987261579, 8.992566638014754 ], [ 79.875858865975772, 8.991732384039414 ], [ 79.875350115348041, 8.991769178628742 ], [ 79.874785427550307, 8.99183493474256 ], [ 79.874107803307666, 8.991913841275512 ], [ 79.873576259420815, 8.991975736916967 ], [ 79.873201301060121, 8.991950265555605 ], [ 79.873003643194906, 8.991725433842454 ], [ 79.872779877280237, 8.991465798374529 ], [ 79.872592339740194, 8.991240188296288 ], [ 79.872369244473163, 8.990952973996704 ], [ 79.8721359795544, 8.99062534400008 ], [ 79.871878993029185, 8.990250067505741 ], [ 79.871634933206963, 8.989850052175148 ], [ 79.871244506830735, 8.989210142934526 ], [ 79.870918814228276, 8.98867632934823 ], [ 79.870663604331654, 8.988258037502332 ], [ 79.870469935744055, 8.987941240799598 ], [ 79.870033405611295, 8.987267945351299 ], [ 79.86976599603139, 8.986861961784783 ], [ 79.869481758568242, 8.986428939824505 ], [ 79.869277073834027, 8.986682840225546 ], [ 79.869104337536271, 8.986870820440654 ], [ 79.86855632319886, 8.987467194319256 ], [ 79.867054763951543, 8.98909530447375 ], [ 79.865805337164176, 8.990497720500574 ], [ 79.865569239511913, 8.990735700040558 ], [ 79.864532236638084, 8.991780964122002 ], [ 79.86375311625369, 8.99264374829713 ], [ 79.863727335672522, 8.992672297512376 ], [ 79.863102878594745, 8.993266301428726 ], [ 79.862948310188486, 8.993413442153912 ], [ 79.861829937308613, 8.994478069697523 ], [ 79.860988934683533, 8.995428861017412 ], [ 79.859960656248219, 8.996593708027197 ], [ 79.859499138672291, 8.997116516696847 ], [ 79.859369890032411, 8.997218791672084 ], [ 79.859339667610001, 8.997308187598634 ], [ 79.859258875105169, 8.997377960061641 ], [ 79.85841767967969, 8.998400207880277 ], [ 79.857553235224941, 8.999136536683055 ], [ 79.856809132674712, 8.99965876650611 ], [ 79.856136489871744, 9.000347923319673 ], [ 79.855391962322273, 9.001036900714848 ], [ 79.855382500393773, 9.001054044574522 ], [ 79.855299798937807, 9.001106609497439 ], [ 79.854803148046344, 9.001738173932514 ], [ 79.854034233632262, 9.002593838278393 ], [ 79.853338280098143, 9.003020892116632 ], [ 79.85249783692143, 9.003733444974493 ], [ 79.852189831464528, 9.003952369269475 ], [ 79.85669427605913, 9.010788020730701 ], [ 79.856929750778477, 9.010579502670778 ], [ 79.857490253144718, 9.010310140273599 ], [ 79.858096670660743, 9.01001058488408 ], [ 79.858794237806094, 9.009590829530451 ], [ 79.859340463813297, 9.009140591268809 ], [ 79.860127171783333, 9.008727591724524 ], [ 79.860310801239933, 9.008631190939662 ], [ 79.860947872903111, 9.00818117489254 ], [ 79.861336150554251, 9.008005415405487 ], [ 79.861675490569311, 9.007851806557937 ], [ 79.862018807830466, 9.00773542889711 ], [ 79.862282555106518, 9.007646023101255 ], [ 79.862645369442035, 9.007523035050506 ], [ 79.863050925222808, 9.007393377561288 ], [ 79.863269552024278, 9.007323480832175 ], [ 79.86376673640892, 9.007164528209813 ], [ 79.864184706068642, 9.007046919383701 ], [ 79.864615257179167, 9.006925770688872 ], [ 79.865014640412028, 9.006746478468811 ], [ 79.865262269182523, 9.006635311006603 ], [ 79.865584762869489, 9.006490535241014 ], [ 79.865847812578068, 9.006355588059215 ], [ 79.866224013645081, 9.006159378220161 ], [ 79.866765339923035, 9.00588307007027 ], [ 79.867296411770241, 9.005661233548279 ], [ 79.867520268577195, 9.005572783544272 ], [ 79.867981711509984, 9.005474240808393 ], [ 79.868270728838581, 9.005407970132945 ], [ 79.868635511738916, 9.005308890069852 ], [ 79.86910210032616, 9.005179660854578 ], [ 79.869993210550632, 9.004860176005767 ], [ 79.870228079324178, 9.004759674856192 ], [ 79.870633468409565, 9.004586207848059 ], [ 79.871148564142246, 9.004360006353291 ], [ 79.871598083591223, 9.004159503475996 ], [ 79.872046464730758, 9.003954285838562 ], [ 79.872465688079572, 9.003688099245688 ], [ 79.872733922733289, 9.003460740864167 ], [ 79.873134910236146, 9.003120881670986 ], [ 79.873419862657229, 9.002841646066264 ], [ 79.873736978398526, 9.002667720355435 ], [ 79.874152747056854, 9.00238969359865 ], [ 79.874465926093563, 9.002224267194661 ], [ 79.874936216297513, 9.002013723997401 ], [ 79.875223358246799, 9.00191357897379 ], [ 79.875543310149766, 9.001793819031873 ], [ 79.875825078060316, 9.001691080966108 ], [ 79.876313018510587, 9.001509096651194 ], [ 79.876536385184664, 9.001385957328623 ], [ 79.876353715637563, 9.00107286387273 ], [ 79.876118782825614, 9.000727369700012 ], [ 79.876520345250768, 9.000672361594482 ], [ 79.876893660348486, 9.000562540650362 ], [ 79.877177706203241, 9.000481182237957 ], [ 79.877347279771158, 9.000392956429351 ], [ 79.877482484377566, 9.00042443624946 ] ] ] ] } },
{ "type": "Feature", "properties": { "OBJECTID_1": 57, "PROVINCE_N": "Northern", "DISTRICT_N": "Mannar", "DSD_N": "Mannar Town", "GND_N": "Tharapuram East", "GND_C": "MN/69", "TOTAL_POPU": 334, "EXIS_COVE": "Yes", "SUP_LEV": "24", "SCH_NAME": "Mannar Wss", "RWS_SCHE": "<Null>", "PROJ_DETAI": "ON_GO", "WATER_SOUR": "Borehole", "PROJ_NAME": "ADB 5th Project", "COVER_PER": 50, "P_POP": 363, "GRO_RATE": 1.2, "COVE_2018": 50.0, "WATER_QUAL": "Complied", "COVE_2020": 100.0, "COVE_2025": 100.0, "COVE_2030": 100.0, "Shape_Leng": 8696.58345156, "Shape_Area": 3801714.5221000002, "OBJECTID_2": null, "OBJECTID_3": null, "OBJECTID": null, "EX_SCH_NAM": null, "RWS_Name": null, "SUP_LEVEL": null, "layer": "Sche_Mannar", "path": "C:/Users/MB/Downloads/New folder (2)/Sem 05/Advanced GIS and Remote Sensing for Planning/WEB MAP/pipebornewatermaps (2)/Shape Files/Shape Files/WSS Shape Files/Sche_Mannar.shx|layername=Sche_Mannar" }, "geometry": { "type": "MultiPolygon", "coordinates": [ [ [ [ 79.895585322958866, 9.001090670621291 ], [ 79.895584822414406, 9.001090443398754 ], [ 79.895253875588168, 9.000791323751191 ], [ 79.895026170837298, 9.000580733126048 ], [ 79.894783273306913, 9.000313621744233 ], [ 79.894495639554947, 8.999990076555767 ], [ 79.894279384904721, 8.999746823176151 ], [ 79.89415206420162, 8.999599065744009 ], [ 79.894012443037639, 8.99943612850676 ], [ 79.893800446908514, 8.999188729674959 ], [ 79.894256743080547, 8.998693127895327 ], [ 79.894636921570992, 8.998353975323152 ], [ 79.894997186911866, 8.99803859144064 ], [ 79.895365492896403, 8.997719710112197 ], [ 79.895690470003032, 8.99743834339826 ], [ 79.896039816831845, 8.997135876756762 ], [ 79.89636762753689, 8.99684807958459 ], [ 79.896692245943655, 8.996561316044074 ], [ 79.896914992987718, 8.996364543275408 ], [ 79.897559763312287, 8.99579593795224 ], [ 79.897406888136231, 8.995778100325385 ], [ 79.897176449425828, 8.995751211806622 ], [ 79.896758318289457, 8.995736303043486 ], [ 79.896224525870352, 8.995717269298833 ], [ 79.895538220742893, 8.995692796469497 ], [ 79.895156586732028, 8.995677696905615 ], [ 79.894335180658956, 8.995546987362131 ], [ 79.893584900985488, 8.995440791859291 ], [ 79.893232200068127, 8.995380905501037 ], [ 79.89290240564064, 8.995316030211457 ], [ 79.892433669481306, 8.995212373374677 ], [ 79.892033340808837, 8.995123844354248 ], [ 79.891637392455607, 8.995036283750524 ], [ 79.891148271013122, 8.994928117514565 ], [ 79.890582738955885, 8.994803052501249 ], [ 79.890109624311989, 8.99469842489121 ], [ 79.889515703089202, 8.994567079957497 ], [ 79.889034586176919, 8.994460680577607 ], [ 79.888521455770118, 8.994347201431847 ], [ 79.888097119486901, 8.994253358715421 ], [ 79.887733187212035, 8.994172873292957 ], [ 79.887285801662969, 8.994063315842631 ], [ 79.886932522561693, 8.993939014146944 ], [ 79.886681105102909, 8.993850552149874 ], [ 79.886517398999203, 8.993746206277303 ], [ 79.886168001143986, 8.993549602128997 ], [ 79.886158951487218, 8.993596088629641 ], [ 79.88608922567407, 8.993954251551903 ], [ 79.886189441745486, 8.994031695625097 ], [ 79.886206080131174, 8.994184748063031 ], [ 79.886175863783748, 8.994327532797548 ], [ 79.886089349658548, 8.994422537543246 ], [ 79.885885325643841, 8.994578692520127 ], [ 79.885702544330655, 8.994704134644778 ], [ 79.885460529606092, 8.994988539582597 ], [ 79.885056273339927, 8.99592782633081 ], [ 79.882252324892036, 9.002442603286031 ], [ 79.881977453760513, 9.00228754559638 ], [ 79.881691841923953, 9.002002213588797 ], [ 79.881321146512107, 9.001613732110243 ], [ 79.880877119832519, 9.00114690961713 ], [ 79.88061755230288, 9.000874015564994 ], [ 79.880359877331557, 9.000603111399245 ], [ 79.880229621316218, 9.00046616673527 ], [ 79.880005244015507, 9.000230268364575 ], [ 79.879728847034286, 9.000040984433918 ], [ 79.879299922133271, 8.999912670249868 ], [ 79.878768349747588, 8.999863142602884 ], [ 79.878109612193626, 9.000183866312987 ], [ 79.877847542904121, 9.000311460549174 ], [ 79.877693777916079, 9.000386324954402 ], [ 79.87754292958931, 9.000438510099231 ], [ 79.877482484377566, 9.00042443624946 ], [ 79.877347279771158, 9.000392956429351 ], [ 79.877177706203241, 9.000481182237957 ], [ 79.876893660348486, 9.000562540650362 ], [ 79.876520345250768, 9.000672361594482 ], [ 79.876118782825614, 9.000727369700012 ], [ 79.876353715637563, 9.00107286387273 ], [ 79.876536385184664, 9.001385957328623 ], [ 79.876313018510587, 9.001509096651194 ], [ 79.875825078060316, 9.001691080966108 ], [ 79.875543310149766, 9.001793819031873 ], [ 79.875223358246799, 9.00191357897379 ], [ 79.874936216297513, 9.002013723997401 ], [ 79.874465926093563, 9.002224267194661 ], [ 79.874152747056854, 9.00238969359865 ], [ 79.873736978398526, 9.002667720355435 ], [ 79.873419862657229, 9.002841646066264 ], [ 79.873134910236146, 9.003120881670986 ], [ 79.872733922733289, 9.003460740864167 ], [ 79.872465688079572, 9.003688099245688 ], [ 79.872046464730758, 9.003954285838562 ], [ 79.871598083591223, 9.004159503475996 ], [ 79.871148564142246, 9.004360006353291 ], [ 79.870633468409565, 9.004586207848059 ], [ 79.870228079324178, 9.004759674856192 ], [ 79.869993210550632, 9.004860176005767 ], [ 79.86910210032616, 9.005179660854578 ], [ 79.868635511738916, 9.005308890069852 ], [ 79.868270728838581, 9.005407970132945 ], [ 79.867981711509984, 9.005474240808393 ], [ 79.867520268577195, 9.005572783544272 ], [ 79.867296411770241, 9.005661233548279 ], [ 79.866765339923035, 9.00588307007027 ], [ 79.866224013645081, 9.006159378220161 ], [ 79.865847812578068, 9.006355588059215 ], [ 79.865584762869489, 9.006490535241014 ], [ 79.865610151560134, 9.0064791380063 ], [ 79.865856398244219, 9.006624161922964 ], [ 79.865987862950604, 9.006788365395007 ], [ 79.866003796404996, 9.007009642902013 ], [ 79.866159906058058, 9.00720668314715 ], [ 79.866324502698376, 9.007305415672946 ], [ 79.866472554938213, 9.007428690486678 ], [ 79.866694683543059, 9.007593116716697 ], [ 79.866884128261034, 9.007642746742002 ], [ 79.867155791463944, 9.007774518301675 ], [ 79.867320348828244, 9.007889638427452 ], [ 79.867451875750632, 9.008029260387644 ], [ 79.867616371325141, 9.008168962390737 ], [ 79.867748081721217, 9.00823483828302 ], [ 79.867879792168509, 9.008300714132606 ], [ 79.868102167150695, 9.008366811639036 ], [ 79.86829167448532, 9.008391859001252 ], [ 79.868794482346104, 9.008376704757222 ], [ 79.869280726449404, 9.00839428541407 ], [ 79.869536393752441, 9.008329359789142 ], [ 79.869627097991042, 9.008313194913866 ], [ 79.869725941875501, 9.008338018415866 ], [ 79.869799958661773, 9.008403752219994 ], [ 79.869923204921136, 9.008559741214567 ], [ 79.870104186086806, 9.008699481704827 ], [ 79.870260136314258, 9.008962071604763 ], [ 79.870399745458101, 9.009167263967289 ], [ 79.870506445154334, 9.009347794444635 ], [ 79.870448344792237, 9.009511532321797 ], [ 79.870250492908923, 9.009527434921218 ], [ 79.870356950754584, 9.00980629257973 ], [ 79.870356625844224, 9.009937395725387 ], [ 79.870347936893509, 9.010117643603287 ], [ 79.870355915082939, 9.010224184926839 ], [ 79.870421567404847, 9.010339062474838 ], [ 79.870585756598174, 9.010603311655824 ], [ 79.870783223393602, 9.010743093195494 ], [ 79.87098083331982, 9.010825517520757 ], [ 79.871178401853058, 9.010924329755051 ], [ 79.871310093685764, 9.01099839672033 ], [ 79.871639415224635, 9.011146695446193 ], [ 79.871853428020557, 9.011261934783461 ], [ 79.871968373032274, 9.011442485110111 ], [ 79.871959867242722, 9.011548986128382 ], [ 79.87197564207743, 9.01183581574494 ], [ 79.872057699464364, 9.011983508504876 ], [ 79.872164462445554, 9.012139455715223 ], [ 79.872279346140374, 9.012344587091214 ], [ 79.872336534224331, 9.012549577396733 ], [ 79.872410309110521, 9.012713638869204 ], [ 79.87250042671262, 9.012935096864316 ], [ 79.872573978829053, 9.013189291484656 ], [ 79.872622884374053, 9.013410649632355 ], [ 79.872671689559979, 9.013672976908207 ], [ 79.872753646275328, 9.013861639600329 ], [ 79.872893055022445, 9.014148771351969 ], [ 79.873057576627829, 9.014280278251729 ], [ 79.873305329476196, 9.01408422700802 ], [ 79.87364362660901, 9.01393756009066 ], [ 79.873990205329605, 9.01377452583276 ], [ 79.874394539461548, 9.013587049930306 ], [ 79.874633867836863, 9.01346472366485 ], [ 79.874741178214506, 9.013399432861913 ], [ 79.875013130967389, 9.013416484013048 ], [ 79.875276680765666, 9.013499066982854 ], [ 79.875663945657919, 9.013549174907112 ], [ 79.876314940748358, 9.013608117652419 ], [ 79.876916584209624, 9.013625969795541 ], [ 79.877732566606667, 9.013627953802166 ], [ 79.877955167808665, 9.013603912525289 ], [ 79.878210113829255, 9.013833964883034 ], [ 79.878349910584205, 9.01396540862166 ], [ 79.878510793512092, 9.014236202684605 ], [ 79.878625682439193, 9.014441332471002 ], [ 79.878699338905946, 9.014654554383497 ], [ 79.878773157380721, 9.014802226842768 ], [ 79.878888127117364, 9.014974580492495 ], [ 79.879200609060803, 9.015270324518744 ], [ 79.87938975919046, 9.015442858054337 ], [ 79.880098387792017, 9.015952058513085 ], [ 79.880122036500197, 9.015969051889595 ], [ 79.880122485142905, 9.01596930794013 ], [ 79.880718120425811, 9.015165952205241 ], [ 79.880726296203093, 9.015107415538555 ], [ 79.882131818305083, 9.013558302147011 ], [ 79.885088953974957, 9.010185717186381 ], [ 79.888498381194438, 9.006735902603571 ], [ 79.889766228240688, 9.005691579937583 ], [ 79.890664282577447, 9.004803053513804 ], [ 79.892802229120505, 9.003314968496381 ], [ 79.894940600439313, 9.001643496064862 ], [ 79.895585322958866, 9.001090670621291 ] ] ] ] } },
{ "type": "Feature", "properties": { "OBJECTID_1": 59, "PROVINCE_N": "Northern", "DISTRICT_N": "Mannar", "DSD_N": "Mannar Town", "GND_N": "Thiruketheeswaram", "GND_C": "MN/86", "TOTAL_POPU": 442, "EXIS_COVE": "Yes", "SUP_LEV": "24", "SCH_NAME": "Thiruketheeswaram Wss", "RWS_SCHE": "<Null>", "PROJ_DETAI": "ON_GO", "WATER_SOUR": "Borehole", "PROJ_NAME": "ADB 5th Project", "COVER_PER": 100, "P_POP": 480, "GRO_RATE": 1.2, "COVE_2018": 100.0, "WATER_QUAL": "Complied", "COVE_2020": 100.0, "COVE_2025": 100.0, "COVE_2030": 100.0, "Shape_Leng": 8869.4381194500002, "Shape_Area": 4025927.6000199998, "OBJECTID_2": null, "OBJECTID_3": null, "OBJECTID": null, "EX_SCH_NAM": null, "RWS_Name": null, "SUP_LEVEL": null, "layer": "Sche_Mannar", "path": "C:/Users/MB/Downloads/New folder (2)/Sem 05/Advanced GIS and Remote Sensing for Planning/WEB MAP/pipebornewatermaps (2)/Shape Files/Shape Files/WSS Shape Files/Sche_Mannar.shx|layername=Sche_Mannar" }, "geometry": { "type": "MultiPolygon", "coordinates": [ [ [ [ 79.973962379357857, 8.970999957403901 ], [ 79.97385839394066, 8.961855476665672 ], [ 79.974088301562389, 8.953056137250842 ], [ 79.974086246656725, 8.952976358087874 ], [ 79.97389401657172, 8.94551300137473 ], [ 79.973887228506996, 8.945492603652974 ], [ 79.973273640079157, 8.9436489636629 ], [ 79.972114613209584, 8.940166407424503 ], [ 79.971487972045495, 8.937650815528171 ], [ 79.969485554410326, 8.937960769303176 ], [ 79.967659078286772, 8.937574946555921 ], [ 79.9668352540684, 8.936875565251215 ], [ 79.966342070502094, 8.935951207323209 ], [ 79.96624088349148, 8.935048218926868 ], [ 79.96626471602238, 8.933591529447344 ], [ 79.965771627773549, 8.932626136616676 ], [ 79.965093471566433, 8.931373096455829 ], [ 79.964579709202653, 8.930428175318058 ], [ 79.964519704060663, 8.929566310024466 ], [ 79.964376624656609, 8.928950474904259 ], [ 79.963820155759279, 8.9286620196721 ], [ 79.962747854992372, 8.928372440007596 ], [ 79.962088131654539, 8.928124792021364 ], [ 79.961841572911652, 8.927652352405984 ], [ 79.961409405977648, 8.927138472983426 ], [ 79.960419554658387, 8.926890101696676 ], [ 79.959905346203712, 8.927100842642176 ], [ 79.959816852102804, 8.927149476627836 ], [ 79.959659164722169, 8.927204727697969 ], [ 79.957953722192812, 8.927802283828516 ], [ 79.956548416687355, 8.928294671463265 ], [ 79.955596994944102, 8.929759214984616 ], [ 79.955176055035665, 8.929548770027415 ], [ 79.954543014384754, 8.929966415334837 ], [ 79.953489264630264, 8.930068853529427 ], [ 79.952437386211116, 8.929333216491086 ], [ 79.951383639156091, 8.92943564882343 ], [ 79.950011491526851, 8.930584968193267 ], [ 79.949695202086446, 8.930689027291283 ], [ 79.947585582256423, 8.931836703366624 ], [ 79.946846469616048, 8.932568376955022 ], [ 79.946212942929535, 8.933195524339732 ], [ 79.945897593585869, 8.932880544555893 ], [ 79.94547854399697, 8.931832018204167 ], [ 79.94400338132246, 8.931933489358146 ], [ 79.942104917109475, 8.932872084423696 ], [ 79.941576023556323, 8.933813734782635 ], [ 79.93978503390862, 8.933809723275807 ], [ 79.938309150673518, 8.934225447692702 ], [ 79.936199718457317, 8.935268293346832 ], [ 79.933143535127854, 8.935680433513888 ], [ 79.931667160108077, 8.936305646951592 ], [ 79.932187207465859, 8.939240076754654 ], [ 79.931972660817621, 8.940915734367083 ], [ 79.931337173712961, 8.942380919560167 ], [ 79.931626489710979, 8.94383656151467 ], [ 79.931649635067942, 8.943953012793209 ], [ 79.932919993611634, 8.944283031972963 ], [ 79.933165904460125, 8.944590108765794 ], [ 79.933538948734849, 8.944939445846048 ], [ 79.934145698022306, 8.945266078152287 ], [ 79.93517291512606, 8.94564012455298 ], [ 79.936994921777199, 8.945853329252291 ], [ 79.938490399323356, 8.945810229519854 ], [ 79.939190986082551, 8.945974434652413 ], [ 79.940335301754217, 8.946232564669184 ], [ 79.940353759273549, 8.946210641797835 ], [ 79.942694875613114, 8.946377249247538 ], [ 79.945023830402121, 8.946602067886097 ], [ 79.945731206408254, 8.946895154343293 ], [ 79.946338337936837, 8.947059138057773 ], [ 79.947129066734348, 8.947444834508836 ], [ 79.947528768057936, 8.94759614602445 ], [ 79.948183101624764, 8.947237660328627 ], [ 79.94934343262149, 8.946611681525095 ], [ 79.950914155170551, 8.946823469038982 ], [ 79.950923306315332, 8.946824703575668 ], [ 79.953028326362897, 8.94777219603422 ], [ 79.95346134192242, 8.948608314346737 ], [ 79.954078385507586, 8.949345908105363 ], [ 79.954370002783804, 8.949771969262098 ], [ 79.954392586293579, 8.950184677369233 ], [ 79.95488088179566, 8.951190307705644 ], [ 79.955486472751289, 8.952051262849759 ], [ 79.955507973554319, 8.952887697230437 ], [ 79.955646613535862, 8.95358499257666 ], [ 79.9560902019156, 8.953748601081166 ], [ 79.956371108729726, 8.953516889265389 ], [ 79.956698747445174, 8.953285280979626 ], [ 79.95702571265204, 8.953355699212986 ], [ 79.957352058649818, 8.953704912177811 ], [ 79.957607584613569, 8.954379231316434 ], [ 79.957490031368224, 8.954704234010297 ], [ 79.95704520081901, 8.955098216968564 ], [ 79.957183844240703, 8.955795511088823 ], [ 79.95690833757584, 8.95595199515301 ], [ 79.956389143472848, 8.955909926710483 ], [ 79.956038446958999, 8.956002085531843 ], [ 79.955780696544096, 8.956326779401214 ], [ 79.955872762272989, 8.956954272504152 ], [ 79.956804814731314, 8.958117974070291 ], [ 79.958060532370197, 8.958992556018767 ], [ 79.960301535140587, 8.96181970429582 ], [ 79.96123433465219, 8.962658137873884 ], [ 79.963752362327583, 8.965172811258617 ], [ 79.964592277500387, 8.965755470889906 ], [ 79.965021086893572, 8.966021016443609 ], [ 79.965245517482785, 8.966221556240674 ], [ 79.965992226417939, 8.966687844279638 ], [ 79.966598991728532, 8.96703766164857 ], [ 79.967229023518613, 8.967433994581373 ], [ 79.968057495482597, 8.967912074141248 ], [ 79.968990840119844, 8.968518160866651 ], [ 79.969947656694444, 8.969077829631557 ], [ 79.970577594062561, 8.969520623086012 ], [ 79.971160901176134, 8.969916848711865 ], [ 79.971767933446245, 8.970150493396572 ], [ 79.972631645357168, 8.970547323740957 ], [ 79.973518880288495, 8.970874504185 ], [ 79.973939181786761, 8.971014810372438 ], [ 79.973962379357857, 8.970999957403901 ] ] ] ] } },
{ "type": "Feature", "properties": { "OBJECTID_1": 60, "PROVINCE_N": "Northern", "DISTRICT_N": "Mannar", "DSD_N": "Mannar Town", "GND_N": "Thoddaveli", "GND_C": "MN/62", "TOTAL_POPU": 1834, "EXIS_COVE": "Yes", "SUP_LEV": "24", "SCH_NAME": "Mannar Wss", "RWS_SCHE": "<Null>", "PROJ_DETAI": "<Null>", "WATER_SOUR": "Borehole", "PROJ_NAME": "<Null>", "COVER_PER": 75, "P_POP": 1994, "GRO_RATE": 1.2, "COVE_2018": 75.0, "WATER_QUAL": "Complied", "COVE_2020": 75.0, "COVE_2025": 75.0, "COVE_2030": 75.0, "Shape_Leng": 13668.201055699999, "Shape_Area": 10300829.033500001, "OBJECTID_2": null, "OBJECTID_3": null, "OBJECTID": null, "EX_SCH_NAM": null, "RWS_Name": null, "SUP_LEVEL": null, "layer": "Sche_Mannar", "path": "C:/Users/MB/Downloads/New folder (2)/Sem 05/Advanced GIS and Remote Sensing for Planning/WEB MAP/pipebornewatermaps (2)/Shape Files/Shape Files/WSS Shape Files/Sche_Mannar.shx|layername=Sche_Mannar" }, "geometry": { "type": "MultiPolygon", "coordinates": [ [ [ [ 79.861725451567381, 9.045222999119709 ], [ 79.861994854361782, 9.044826067478036 ], [ 79.862200959792361, 9.044486525657534 ], [ 79.862607731780614, 9.043875439425308 ], [ 79.862882460587358, 9.043452361270479 ], [ 79.863172951633658, 9.043039787060778 ], [ 79.863415801029291, 9.042736957569955 ], [ 79.863639889125039, 9.042449115096073 ], [ 79.863875145284311, 9.042146925515924 ], [ 79.864376617229411, 9.041546534492165 ], [ 79.864830617378942, 9.0409878768798 ], [ 79.865210688310142, 9.040528437379661 ], [ 79.865611823686038, 9.040063816377213 ], [ 79.866076397979711, 9.039484258006359 ], [ 79.866414272392362, 9.039061332282943 ], [ 79.866630698054792, 9.038800286553503 ], [ 79.866799771364612, 9.03853389263169 ], [ 79.868023063906435, 9.036952523421508 ], [ 79.86932573816452, 9.03509607761082 ], [ 79.871035218400408, 9.032548991806737 ], [ 79.85669427605913, 9.010788020730701 ], [ 79.852189831464528, 9.003952369269475 ], [ 79.851883901033389, 9.004169818411542 ], [ 79.851729695737589, 9.004279424453273 ], [ 79.85088966948355, 9.004825221410227 ], [ 79.850289251828244, 9.005371616844329 ], [ 79.850218734689918, 9.005504009196331 ], [ 79.850233077444457, 9.005724400970466 ], [ 79.85024631288104, 9.005927774493014 ], [ 79.850335990100021, 9.006174882511697 ], [ 79.850595069977473, 9.006388749639395 ], [ 79.850763535143116, 9.006725830816517 ], [ 79.850785173180299, 9.007096211234391 ], [ 79.850772209408603, 9.007758277152108 ], [ 79.850906299772518, 9.008297269192896 ], [ 79.851120114922651, 9.008555910453428 ], [ 79.851255427985947, 9.008612358387451 ], [ 79.851266460189663, 9.008713383977591 ], [ 79.851209679630315, 9.008847905661421 ], [ 79.851108031918059, 9.008870095208142 ], [ 79.850803430567311, 9.008802000848387 ], [ 79.850623421088557, 9.008565889624347 ], [ 79.850494447749355, 9.008172615978451 ], [ 79.850468516591661, 9.007331081441972 ], [ 79.850315113863502, 9.006791644065984 ], [ 79.850199826343967, 9.006455091846806 ], [ 79.849928185952564, 9.006259083670958 ], [ 79.849592021191086, 9.006298914371008 ], [ 79.848825916536356, 9.006962170227462 ], [ 79.848115818809319, 9.007877990361946 ], [ 79.847669794627777, 9.008390396162286 ], [ 79.847237216903181, 9.008889562639986 ], [ 79.845940024965657, 9.010172667585055 ], [ 79.845891010261894, 9.010601332820746 ], [ 79.846440792744517, 9.011126790871838 ], [ 79.847007963839957, 9.011647078814708 ], [ 79.847499526229271, 9.012040941631938 ], [ 79.847971551417089, 9.012226431144748 ], [ 79.848187190183353, 9.012472016893327 ], [ 79.848278641172371, 9.012784038099019 ], [ 79.847945834539715, 9.012917192524 ], [ 79.847639731911585, 9.012747141602654 ], [ 79.847006196857805, 9.012341892746731 ], [ 79.846523220003476, 9.011912914233612 ], [ 79.845804809542855, 9.011518247063336 ], [ 79.84551763461252, 9.011374594460088 ], [ 79.845206195732416, 9.011349988709648 ], [ 79.84496645789136, 9.011397028194517 ], [ 79.844582039991877, 9.011801026463143 ], [ 79.843885147552186, 9.01258538225434 ], [ 79.843234676864995, 9.013330318440357 ], [ 79.842971926811771, 9.013631226223739 ], [ 79.8423235590692, 9.014177484731061 ], [ 79.841087058877264, 9.015139130416031 ], [ 79.840246502160952, 9.015875471029483 ], [ 79.838949750673066, 9.016967974406581 ], [ 79.837820908518765, 9.017989435091479 ], [ 79.837627803809227, 9.018536839826611 ], [ 79.83765554097053, 9.018790919977974 ], [ 79.837914062010782, 9.019037819170187 ], [ 79.83824928661349, 9.019133956813945 ], [ 79.838631700590327, 9.019516071981229 ], [ 79.83903826100574, 9.019826783347625 ], [ 79.83982907074143, 9.019804967370105 ], [ 79.840235632614863, 9.020115677543664 ], [ 79.840617989672779, 9.02052161237774 ], [ 79.84056835547662, 9.021188489327093 ], [ 79.840792262836615, 9.021557358107001 ], [ 79.841238076539653, 9.0216666163527 ], [ 79.841813536703725, 9.021525143237982 ], [ 79.84238911839816, 9.021336027187946 ], [ 79.842701053653045, 9.021170064572173 ], [ 79.843007586063479, 9.021155789354134 ], [ 79.843204382304279, 9.021123693238998 ], [ 79.843227796555482, 9.021338146838835 ], [ 79.842532098982332, 9.02164606859467 ], [ 79.841596656057177, 9.022001025422298 ], [ 79.841117288518518, 9.022047455084969 ], [ 79.840710357434887, 9.021879674227669 ], [ 79.840555093315146, 9.021752728465204 ], [ 79.840327633398843, 9.02161666705258 ], [ 79.840021038757286, 9.021198070134831 ], [ 79.840018324252284, 9.020758307822001 ], [ 79.839881028561337, 9.020421285056422 ], [ 79.839686599263345, 9.02021081716148 ], [ 79.839660297527246, 9.020209504602414 ], [ 79.839388062769004, 9.020208814214508 ], [ 79.839482701020799, 9.020344796937671 ], [ 79.839668066932134, 9.020611142388276 ], [ 79.839762891704552, 9.021455054564369 ], [ 79.839979570946298, 9.022058227261219 ], [ 79.84017249843015, 9.022468498579796 ], [ 79.840461611788811, 9.023192378469922 ], [ 79.840653057900369, 9.02418116557245 ], [ 79.840941431744525, 9.025194301873929 ], [ 79.841254610216339, 9.025990556096843 ], [ 79.841615606940749, 9.027052086994559 ], [ 79.841784475445905, 9.027389982244365 ], [ 79.841927801058802, 9.028234017020294 ], [ 79.841925948464279, 9.028957159541266 ], [ 79.84206558926671, 9.029577603065988 ], [ 79.842213649203956, 9.030235448457271 ], [ 79.84221210551307, 9.030838067059559 ], [ 79.842305700580198, 9.032164072754478 ], [ 79.842303539126789, 9.033007739087338 ], [ 79.842350059209579, 9.033779214027737 ], [ 79.842638505479357, 9.034768244404873 ], [ 79.84283100831297, 9.035347249563154 ], [ 79.843289380258213, 9.036264396883528 ], [ 79.843796558806488, 9.037061141651082 ], [ 79.844036944628741, 9.037881314184533 ], [ 79.844205387826747, 9.038387944334362 ], [ 79.844503541139616, 9.03908698942719 ], [ 79.844709974218475, 9.03957098693806 ], [ 79.845016305862174, 9.040289201562356 ], [ 79.845360282261908, 9.041095673968536 ], [ 79.845647915024173, 9.041770043936701 ], [ 79.845907255922057, 9.042378078913792 ], [ 79.846188738121668, 9.043038022407947 ], [ 79.846457673194621, 9.043668546776571 ], [ 79.846729806937446, 9.044306567865464 ], [ 79.846998501407569, 9.044936524492185 ], [ 79.847311236930125, 9.045669732495242 ], [ 79.847561231602725, 9.046255843696862 ], [ 79.847951972027928, 9.047171926998322 ], [ 79.848299158108318, 9.047985894497817 ], [ 79.848533652632469, 9.048535657890042 ], [ 79.848856855439209, 9.049293392006444 ], [ 79.848855367247324, 9.049295254350664 ], [ 79.848857585068728, 9.049295103524301 ], [ 79.849320731265209, 9.048694477437181 ], [ 79.849603285697413, 9.048328048363965 ], [ 79.8501669181382, 9.047597101482278 ], [ 79.850753048612518, 9.046836972742682 ], [ 79.851287165951916, 9.046144292996798 ], [ 79.85182578268514, 9.045445776624893 ], [ 79.852662149484175, 9.044407495953223 ], [ 79.853049326646101, 9.043926843882197 ], [ 79.853555282881615, 9.04329873270348 ], [ 79.854257576541656, 9.042728009738374 ], [ 79.854832560445374, 9.043052712785457 ], [ 79.855424791648289, 9.043387153867874 ], [ 79.856265879849403, 9.043862126623385 ], [ 79.856898312812959, 9.04421926704868 ], [ 79.85777362350278, 9.044713559885722 ], [ 79.858412042126432, 9.045074076206662 ], [ 79.85893097423984, 9.045367116336541 ], [ 79.859475657413299, 9.04446980767889 ], [ 79.859810750383346, 9.043917773563358 ], [ 79.860172828592155, 9.043321281041385 ], [ 79.860462784021991, 9.043731786666838 ], [ 79.860825124049313, 9.044287102735622 ], [ 79.861725451567381, 9.045222999119709 ] ] ] ] } },
{ "type": "Feature", "properties": { "OBJECTID_1": 62, "PROVINCE_N": "Northern", "DISTRICT_N": "Mannar", "DSD_N": "Mannar Town", "GND_N": "Uppukkulam North", "GND_C": "MN/82", "TOTAL_POPU": 2064, "EXIS_COVE": "Yes", "SUP_LEV": "24", "SCH_NAME": "Mannar Wss", "RWS_SCHE": "<Null>", "PROJ_DETAI": "ON_GO", "WATER_SOUR": "Borehole", "PROJ_NAME": "ADB 5th Project", "COVER_PER": 75, "P_POP": 2244, "GRO_RATE": 1.2, "COVE_2018": 75.0, "WATER_QUAL": "Complied", "COVE_2020": 100.0, "COVE_2025": 100.0, "COVE_2030": 100.0, "Shape_Leng": 2301.4307150200002, "Shape_Area": 210922.38640700001, "OBJECTID_2": null, "OBJECTID_3": null, "OBJECTID": null, "EX_SCH_NAM": null, "RWS_Name": null, "SUP_LEVEL": null, "layer": "Sche_Mannar", "path": "C:/Users/MB/Downloads/New folder (2)/Sem 05/Advanced GIS and Remote Sensing for Planning/WEB MAP/pipebornewatermaps (2)/Shape Files/Shape Files/WSS Shape Files/Sche_Mannar.shx|layername=Sche_Mannar" }, "geometry": { "type": "MultiPolygon", "coordinates": [ [ [ [ 79.920993376469241, 8.985641608882268 ], [ 79.920926859891111, 8.985547376713345 ], [ 79.920874549242072, 8.985473268063108 ], [ 79.920821197910982, 8.985400873958151 ], [ 79.920757507853097, 8.985348711323306 ], [ 79.920668313143679, 8.985314856435529 ], [ 79.920559880456409, 8.985358891712707 ], [ 79.920514543967982, 8.985304671074468 ], [ 79.920422031616113, 8.985205072494011 ], [ 79.92033698646452, 8.985111633812103 ], [ 79.920263433090241, 8.985014770552267 ], [ 79.920203219455999, 8.984935475556174 ], [ 79.920149832526562, 8.984831289219111 ], [ 79.920075223878854, 8.984675045387425 ], [ 79.919974468692374, 8.984564339391124 ], [ 79.919847489857901, 8.984421989620754 ], [ 79.919756348201034, 8.984275732612367 ], [ 79.919721069888382, 8.984219120176084 ], [ 79.919660251765009, 8.98412152313665 ], [ 79.919594223334087, 8.984015565284105 ], [ 79.919783144475687, 8.983852735652514 ], [ 79.919922469698022, 8.98373265372366 ], [ 79.920170718960492, 8.983518689153227 ], [ 79.920122968280026, 8.983412288042564 ], [ 79.920025475802902, 8.983195049147472 ], [ 79.920185654903705, 8.982959141361816 ], [ 79.920215777334121, 8.982925606902699 ], [ 79.92001961826378, 8.982661487933575 ], [ 79.919583898008113, 8.982079547049503 ], [ 79.919700928821385, 8.982001262422697 ], [ 79.920326156642119, 8.981427842951501 ], [ 79.920460627997016, 8.981275131955302 ], [ 79.920431783856188, 8.981237146039041 ], [ 79.920278344576573, 8.981071900639941 ], [ 79.920001162652269, 8.980807413102578 ], [ 79.919846393478593, 8.980682616358848 ], [ 79.919935310426538, 8.980476149085941 ], [ 79.920088522609191, 8.980246780105105 ], [ 79.920143484174005, 8.980154878666674 ], [ 79.920250123150581, 8.979950553371721 ], [ 79.920292712283384, 8.979863460485973 ], [ 79.920365452458725, 8.979714446047121 ], [ 79.920435920115366, 8.979520567714641 ], [ 79.920446731009207, 8.979490824917518 ], [ 79.92033740315479, 8.979434026444407 ], [ 79.920017553386117, 8.979267853836571 ], [ 79.919538599946151, 8.979025053674546 ], [ 79.919189477986976, 8.97884109724275 ], [ 79.918935044182319, 8.978725450465268 ], [ 79.918663551443899, 8.978580716997554 ], [ 79.918431151325564, 8.978458380486575 ], [ 79.918269469822832, 8.978375547984326 ], [ 79.918051657811915, 8.978257608324974 ], [ 79.917893058565639, 8.978166130236415 ], [ 79.917574986428804, 8.978042629509357 ], [ 79.917316389948937, 8.977960707122438 ], [ 79.917054241153025, 8.977873152630419 ], [ 79.916826975187789, 8.97782044447343 ], [ 79.916459593785419, 8.977701010303763 ], [ 79.91627666054012, 8.977629327279404 ], [ 79.916156881362923, 8.977569960133254 ], [ 79.915965006677666, 8.977467532886058 ], [ 79.915907993951905, 8.977445788354366 ], [ 79.915829303488252, 8.977595968815507 ], [ 79.915869307792974, 8.977712192063539 ], [ 79.915985993164995, 8.978056333412106 ], [ 79.916116219788478, 8.978399854234929 ], [ 79.916167790725964, 8.978595912135061 ], [ 79.916218659934174, 8.978782160364043 ], [ 79.916292991027689, 8.979014939029836 ], [ 79.916356744460046, 8.9791825015326 ], [ 79.916428356028987, 8.979380633810599 ], [ 79.916456899754962, 8.979655221113324 ], [ 79.916378417383456, 8.979755267022753 ], [ 79.916144829518558, 8.980008148970709 ], [ 79.915780026773319, 8.980426599752152 ], [ 79.915366463434665, 8.980884160989628 ], [ 79.915168907883228, 8.981103458554964 ], [ 79.91504097075412, 8.981224580425573 ], [ 79.915052646168562, 8.98123158200508 ], [ 79.915106897313905, 8.981220145849486 ], [ 79.915237691881558, 8.981351150850463 ], [ 79.9154561119135, 8.981582687143588 ], [ 79.915591521823103, 8.981729971721043 ], [ 79.915722045739017, 8.981863307711382 ], [ 79.91584758580575, 8.981993776853699 ], [ 79.91592550300436, 8.982078368314003 ], [ 79.916051827222361, 8.982226234743065 ], [ 79.916137857543376, 8.982316449697972 ], [ 79.91620149573076, 8.98238749664076 ], [ 79.916299112145509, 8.982475162543908 ], [ 79.916443165136769, 8.982625304970149 ], [ 79.916586178452093, 8.982816342514207 ], [ 79.916661909453467, 8.982934855486207 ], [ 79.916707778295802, 8.98301299028182 ], [ 79.916789951437764, 8.983164096800767 ], [ 79.91684462237022, 8.983262355382465 ], [ 79.916901436412644, 8.983407325555458 ], [ 79.916960952806818, 8.983583503629513 ], [ 79.91701512130652, 8.983718870286305 ], [ 79.917056205967953, 8.983834299424103 ], [ 79.917125905596791, 8.984021031508441 ], [ 79.917190086930503, 8.98415040432746 ], [ 79.917212589776142, 8.984231867333317 ], [ 79.91725228244384, 8.984347613296929 ], [ 79.917356128534308, 8.984486685263299 ], [ 79.917388012598607, 8.984532062504806 ], [ 79.917424161480326, 8.984599659659194 ], [ 79.91746743604152, 8.984699603316058 ], [ 79.917494967388336, 8.984783992879148 ], [ 79.91753177309306, 8.984862375148008 ], [ 79.917564629342266, 8.984926780312007 ], [ 79.917620561427611, 8.985071509678129 ], [ 79.917653528835075, 8.985162245272594 ], [ 79.917672224813614, 8.985203067685372 ], [ 79.917754543087796, 8.985353131922986 ], [ 79.917776324606777, 8.985411056831751 ], [ 79.917784407464566, 8.985504565666815 ], [ 79.917802838538535, 8.985571928304227 ], [ 79.917847980487679, 8.985719554835242 ], [ 79.917915716959342, 8.985828413769557 ], [ 79.917951106914657, 8.985884269860895 ], [ 79.91798949237986, 8.985951791684435 ], [ 79.918038840511954, 8.986045744094334 ], [ 79.918104938537255, 8.986175513631133 ], [ 79.918180662806108, 8.986333903178069 ], [ 79.918229374268236, 8.986448530729557 ], [ 79.918283770512858, 8.98656348064126 ], [ 79.918362169846745, 8.986706931924793 ], [ 79.918400145137397, 8.986798241430103 ], [ 79.918446076828459, 8.98687589793021 ], [ 79.918515221819874, 8.986954654197261 ], [ 79.919811366916335, 8.986258973759274 ], [ 79.920993376469241, 8.985641608882268 ] ] ] ] } },
{ "type": "Feature", "properties": { "OBJECTID_1": 63, "PROVINCE_N": "Northern", "DISTRICT_N": "Mannar", "DSD_N": "Mannar Town", "GND_N": "Uppukkulam South", "GND_C": "MN/83", "TOTAL_POPU": 977, "EXIS_COVE": "Yes", "SUP_LEV": "24", "SCH_NAME": "Mannar Wss", "RWS_SCHE": "<Null>", "PROJ_DETAI": "ON_GO", "WATER_SOUR": "Borehole", "PROJ_NAME": "ADB 5th Project", "COVER_PER": 100, "P_POP": 1062, "GRO_RATE": 1.2, "COVE_2018": 100.0, "WATER_QUAL": "Complied", "COVE_2020": 100.0, "COVE_2025": 100.0, "COVE_2030": 100.0, "Shape_Leng": 4930.3614810600002, "Shape_Area": 508265.15688099997, "OBJECTID_2": null, "OBJECTID_3": null, "OBJECTID": null, "EX_SCH_NAM": null, "RWS_Name": null, "SUP_LEVEL": null, "layer": "Sche_Mannar", "path": "C:/Users/MB/Downloads/New folder (2)/Sem 05/Advanced GIS and Remote Sensing for Planning/WEB MAP/pipebornewatermaps (2)/Shape Files/Shape Files/WSS Shape Files/Sche_Mannar.shx|layername=Sche_Mannar" }, "geometry": { "type": "MultiPolygon", "coordinates": [ [ [ [ 79.915529899509536, 8.975698393571836 ], [ 79.915453645812207, 8.976004326583991 ], [ 79.915410690359394, 8.976112049438736 ], [ 79.915390255702704, 8.97619671665843 ], [ 79.915588626641693, 8.976822014197934 ], [ 79.915669798620343, 8.977077882287167 ], [ 79.915746570552912, 8.977262271122331 ], [ 79.915687476475227, 8.977359519270729 ], [ 79.915605450149542, 8.977324455784972 ], [ 79.915319074228321, 8.977193417537285 ], [ 79.914816902945674, 8.976958681549894 ], [ 79.91463217127621, 8.976874797743976 ], [ 79.914513995317094, 8.976898928730844 ], [ 79.914463711357683, 8.976980892846367 ], [ 79.91444397095897, 8.977039319129013 ], [ 79.914434909546273, 8.97715376317271 ], [ 79.914427663382938, 8.977318089747801 ], [ 79.914391207620781, 8.977495113061366 ], [ 79.91436017105373, 8.977653029243418 ], [ 79.91432460287065, 8.977806386203158 ], [ 79.914260013430848, 8.97800682179108 ], [ 79.914174336571378, 8.978200672408132 ], [ 79.914063204812237, 8.978494261179362 ], [ 79.913969899686819, 8.978773728064864 ], [ 79.913886385878698, 8.979044175424086 ], [ 79.913813149112315, 8.979292411286389 ], [ 79.913779662498641, 8.979373229870484 ], [ 79.913869360265451, 8.979396018112304 ], [ 79.914025926715013, 8.979440155464141 ], [ 79.914209229939473, 8.979487653130464 ], [ 79.914177462154811, 8.979705064036537 ], [ 79.914157275940951, 8.979916348306846 ], [ 79.914299856710727, 8.979985939685315 ], [ 79.914433018130069, 8.980044355754318 ], [ 79.914547128990293, 8.980077278911518 ], [ 79.914681109718785, 8.980109413648492 ], [ 79.914932724394177, 8.980140356668207 ], [ 79.915044250728968, 8.980178777139207 ], [ 79.915049592012039, 8.980207217291314 ], [ 79.914985269553782, 8.980439892276133 ], [ 79.914966439553055, 8.980498977080087 ], [ 79.914880899177049, 8.980767391092771 ], [ 79.914809075508174, 8.980999866878767 ], [ 79.914839477665325, 8.981044053725387 ], [ 79.914867375767898, 8.981084601950537 ], [ 79.914946538173126, 8.981153794564966 ], [ 79.915018579786377, 8.981211152713721 ], [ 79.91504097075412, 8.981224580425573 ], [ 79.915168907883228, 8.981103458554964 ], [ 79.915366463434665, 8.980884160989628 ], [ 79.915780026773319, 8.980426599752152 ], [ 79.916144829518558, 8.980008148970709 ], [ 79.916378417383456, 8.979755267022753 ], [ 79.916456899754962, 8.979655221113324 ], [ 79.916428356028987, 8.979380633810599 ], [ 79.916356744460046, 8.9791825015326 ], [ 79.916292991027689, 8.979014939029836 ], [ 79.916218659934174, 8.978782160364043 ], [ 79.916167790725964, 8.978595912135061 ], [ 79.916116219788478, 8.978399854234929 ], [ 79.915985993164995, 8.978056333412106 ], [ 79.915869307792974, 8.977712192063539 ], [ 79.915829303488252, 8.977595968815507 ], [ 79.915907993951905, 8.977445788354366 ], [ 79.915965006677666, 8.977467532886058 ], [ 79.916156881362923, 8.977569960133254 ], [ 79.91627666054012, 8.977629327279404 ], [ 79.916459593785419, 8.977701010303763 ], [ 79.916826975187789, 8.97782044447343 ], [ 79.917054241153025, 8.977873152630419 ], [ 79.917316389948937, 8.977960707122438 ], [ 79.917574986428804, 8.978042629509357 ], [ 79.917893058565639, 8.978166130236415 ], [ 79.918051657811915, 8.978257608324974 ], [ 79.918269469822832, 8.978375547984326 ], [ 79.918431151325564, 8.978458380486575 ], [ 79.918663551443899, 8.978580716997554 ], [ 79.918935044182319, 8.978725450465268 ], [ 79.919189477986976, 8.97884109724275 ], [ 79.919538599946151, 8.979025053674546 ], [ 79.920017553386117, 8.979267853836571 ], [ 79.92033740315479, 8.979434026444407 ], [ 79.920433441013273, 8.979269947669042 ], [ 79.920540133291112, 8.979100279650568 ], [ 79.920670967576797, 8.978869337077345 ], [ 79.920725113844682, 8.978756426066992 ], [ 79.920834406256333, 8.97855492844114 ], [ 79.920975532054612, 8.978399822030273 ], [ 79.921200074885036, 8.978213232246393 ], [ 79.921503618132107, 8.977979383351762 ], [ 79.921893234404294, 8.977679223196681 ], [ 79.922208166144131, 8.977431513234354 ], [ 79.922498512533963, 8.977202247742092 ], [ 79.922696056695358, 8.977055095572934 ], [ 79.922881680665867, 8.976881760158165 ], [ 79.923060314132826, 8.976693569901618 ], [ 79.923256503670132, 8.976480717089345 ], [ 79.923365692405156, 8.976304136232514 ], [ 79.923426571574694, 8.976152348785087 ], [ 79.923509971797458, 8.975920418045728 ], [ 79.92356041648803, 8.975771104725123 ], [ 79.923609733511611, 8.975592824826084 ], [ 79.923182451993483, 8.975604715637848 ], [ 79.922708310195191, 8.975551233242472 ], [ 79.922273903547534, 8.97540615238994 ], [ 79.921483768610742, 8.97527335149989 ], [ 79.920693024746754, 8.975402513379251 ], [ 79.920191985378693, 8.975584735215213 ], [ 79.920158603041031, 8.975605230027952 ], [ 79.9194267943288, 8.976054509891549 ], [ 79.918582924349508, 8.976366920931367 ], [ 79.917845118327804, 8.976391412254214 ], [ 79.917107741595174, 8.976232526649818 ], [ 79.916423368916213, 8.97594278052064 ], [ 79.915554437727891, 8.975704997283948 ], [ 79.915529899509536, 8.975698393571836 ] ] ] ] } },
{ "type": "Feature", "properties": { "OBJECTID_1": 64, "PROVINCE_N": "Northern", "DISTRICT_N": "Mannar", "DSD_N": "Mannar Town", "GND_N": "Uyilankulam", "GND_C": "MN/92", "TOTAL_POPU": 433, "EXIS_COVE": "Yes", "SUP_LEV": "24", "SCH_NAME": "Mannar Wss", "RWS_SCHE": "<Null>", "PROJ_DETAI": "<Null>", "WATER_SOUR": "Borehole", "PROJ_NAME": "<Null>", "COVER_PER": 50, "P_POP": 471, "GRO_RATE": 1.2, "COVE_2018": 50.0, "WATER_QUAL": "Complied", "COVE_2020": 50.0, "COVE_2025": 50.0, "COVE_2030": 50.0, "Shape_Leng": 8406.1979438199996, "Shape_Area": 3315202.7459800001, "OBJECTID_2": null, "OBJECTID_3": null, "OBJECTID": null, "EX_SCH_NAM": null, "RWS_Name": null, "SUP_LEVEL": null, "layer": "Sche_Mannar", "path": "C:/Users/MB/Downloads/New folder (2)/Sem 05/Advanced GIS and Remote Sensing for Planning/WEB MAP/pipebornewatermaps (2)/Shape Files/Shape Files/WSS Shape Files/Sche_Mannar.shx|layername=Sche_Mannar" }, "geometry": { "type": "MultiPolygon", "coordinates": [ [ [ [ 79.987060946095539, 8.875214664432379 ], [ 79.986752154559724, 8.873585805263518 ], [ 79.986564152255497, 8.873957785814307 ], [ 79.985720910080005, 8.874328387676467 ], [ 79.984815526732675, 8.874574731646897 ], [ 79.983785930922167, 8.874541529168086 ], [ 79.982943480370551, 8.874539750645836 ], [ 79.981882285134546, 8.87469266476185 ], [ 79.980696082759195, 8.874938403447153 ], [ 79.979510211020866, 8.875028983682638 ], [ 79.978293471242495, 8.874964337502981 ], [ 79.977138802419546, 8.875054976446862 ], [ 79.976699314327107, 8.875029957102477 ], [ 79.976756096026506, 8.875073713257322 ], [ 79.975902813336049, 8.875134416857595 ], [ 79.97570035240598, 8.876723730378945 ], [ 79.975509440693969, 8.878222364589899 ], [ 79.97563906530759, 8.882062884174012 ], [ 79.976320327207219, 8.885904580019105 ], [ 79.977004852241933, 8.888237615494671 ], [ 79.974932044578026, 8.890153311298324 ], [ 79.972494429159099, 8.892911779758043 ], [ 79.975475097355584, 8.89413186365414 ], [ 79.980158536160943, 8.896747722075403 ], [ 79.982767773752258, 8.898359265113175 ], [ 79.98493422288098, 8.897357113977405 ], [ 79.98655940465332, 8.896440596632809 ], [ 79.988707716270966, 8.895750818965009 ], [ 79.98968509866144, 8.895770228849369 ], [ 79.990092176340312, 8.895602552506471 ], [ 79.990104360910863, 8.895597533796062 ], [ 79.991885469336196, 8.89521940122431 ], [ 79.993264989136563, 8.894909851028387 ], [ 79.991750001686327, 8.890702192253839 ], [ 79.989788873598329, 8.888397884081149 ], [ 79.989981966528944, 8.887073625804073 ], [ 79.990375634437015, 8.884373762617349 ], [ 79.990380505168957, 8.882073572099342 ], [ 79.988651936264873, 8.879194697311982 ], [ 79.98764111479413, 8.876666029414675 ], [ 79.987060946095539, 8.875214664432379 ] ] ] ] } },
{ "type": "Feature", "properties": { "OBJECTID_1": 67, "PROVINCE_N": "Northern", "DISTRICT_N": "Mannar", "DSD_N": "Manthai West", "GND_N": "Adampan", "GND_C": "22", "TOTAL_POPU": 420, "EXIS_COVE": "Yes", "SUP_LEV": "24", "SCH_NAME": "Adampan Wss", "RWS_SCHE": "<Null>", "PROJ_DETAI": "<Null>", "WATER_SOUR": "Borehole", "PROJ_NAME": "<Null>", "COVER_PER": 100, "P_POP": 457, "GRO_RATE": 1.2, "COVE_2018": 100.0, "WATER_QUAL": "Non_complied", "COVE_2020": 100.0, "COVE_2025": 100.0, "COVE_2030": 100.0, "Shape_Leng": 9066.2933998099998, "Shape_Area": 3905810.5629199999, "OBJECTID_2": null, "OBJECTID_3": null, "OBJECTID": null, "EX_SCH_NAM": null, "RWS_Name": null, "SUP_LEVEL": null, "layer": "Sche_Mannar", "path": "C:/Users/MB/Downloads/New folder (2)/Sem 05/Advanced GIS and Remote Sensing for Planning/WEB MAP/pipebornewatermaps (2)/Shape Files/Shape Files/WSS Shape Files/Sche_Mannar.shx|layername=Sche_Mannar" }, "geometry": { "type": "MultiPolygon", "coordinates": [ [ [ [ 79.993049076608429, 8.930691451940442 ], [ 79.995527075637696, 8.929438543359691 ], [ 79.994998750263278, 8.92932063707433 ], [ 79.993655384537604, 8.928767303335929 ], [ 79.992546954986807, 8.929315498867062 ], [ 79.991201419681872, 8.929784547339782 ], [ 79.990646448996458, 8.930412546784881 ], [ 79.989143062227441, 8.930723963356439 ], [ 79.987640512647886, 8.930642146414502 ], [ 79.986055674784083, 8.932054417876207 ], [ 79.982971818901831, 8.931733293375204 ], [ 79.982734713265216, 8.931673814358321 ], [ 79.980553758254899, 8.933452002737191 ], [ 79.977366078600809, 8.936608114974208 ], [ 79.973725243556572, 8.939160760508912 ], [ 79.974328176092342, 8.940517594352198 ], [ 79.973567542188576, 8.942022110740204 ], [ 79.97432293346462, 8.942927427785619 ], [ 79.973887228506996, 8.945492603652974 ], [ 79.97389401657172, 8.94551300137473 ], [ 79.974086246656725, 8.952976358087874 ], [ 79.976359419582607, 8.953150794785453 ], [ 79.977513730578963, 8.953440364955807 ], [ 79.979173327007672, 8.953731014575721 ], [ 79.980617462829571, 8.953518783766262 ], [ 79.981917850029845, 8.95301914701888 ], [ 79.985023743142648, 8.952092707362365 ], [ 79.98589148269383, 8.951376817530052 ], [ 79.987122133997488, 8.949728642000583 ], [ 79.988422807421813, 8.949085434464081 ], [ 79.989722556173334, 8.948872860746844 ], [ 79.992464890291558, 8.949165733244405 ], [ 79.994629462758638, 8.949600921800561 ], [ 79.995580828985467, 8.949484701358841 ], [ 79.995784693774368, 8.949459796848853 ], [ 79.996218855158531, 8.948958292215318 ], [ 79.996581136412274, 8.948313088818701 ], [ 79.997449605586098, 8.947238303464491 ], [ 79.998462888652043, 8.94594849744812 ], [ 79.999620830969022, 8.944515441521441 ], [ 80.000200553756954, 8.943440045510584 ], [ 80.000996817748955, 8.94236509944251 ], [ 80.00172044322575, 8.941505320040125 ], [ 80.001938797175313, 8.940644491092231 ], [ 80.001875566923417, 8.940369425629445 ], [ 80.001875277733134, 8.940507133074746 ], [ 79.998855260181301, 8.938939211144769 ], [ 79.99693996716249, 8.937712746372691 ], [ 79.995438650926332, 8.937438250007474 ], [ 79.994151137648345, 8.936896020826827 ], [ 79.992708596013117, 8.936390580081396 ], [ 79.99133823894158, 8.935885285003168 ], [ 79.990537624032072, 8.935314093684912 ], [ 79.990329244918371, 8.935165427298607 ], [ 79.990492980964277, 8.934042729797019 ], [ 79.990581871062602, 8.933433225702375 ], [ 79.991978102331913, 8.931390177375675 ], [ 79.991997471551272, 8.931364945207747 ], [ 79.993049076608429, 8.930691451940442 ] ] ] ] } },
{ "type": "Feature", "properties": { "OBJECTID_1": 70, "PROVINCE_N": "Northern", "DISTRICT_N": "Mannar", "DSD_N": "Manthai West", "GND_N": "Anthoniyarpuram", "GND_C": "05", "TOTAL_POPU": 629, "EXIS_COVE": "Yes", "SUP_LEV": "24", "SCH_NAME": "Vidathalaitheevu Wss", "RWS_SCHE": "<Null>", "PROJ_DETAI": "<Null>", "WATER_SOUR": "Borehole", "PROJ_NAME": "<Null>", "COVER_PER": 75, "P_POP": 684, "GRO_RATE": 1.2, "COVE_2018": 75.0, "WATER_QUAL": "Complied", "COVE_2020": 75.0, "COVE_2025": 75.0, "COVE_2030": 75.0, "Shape_Leng": 23638.121959299999, "Shape_Area": 15347435.100500001, "OBJECTID_2": null, "OBJECTID_3": null, "OBJECTID": null, "EX_SCH_NAM": null, "RWS_Name": null, "SUP_LEVEL": null, "layer": "Sche_Mannar", "path": "C:/Users/MB/Downloads/New folder (2)/Sem 05/Advanced GIS and Remote Sensing for Planning/WEB MAP/pipebornewatermaps (2)/Shape Files/Shape Files/WSS Shape Files/Sche_Mannar.shx|layername=Sche_Mannar" }, "geometry": { "type": "MultiPolygon", "coordinates": [ [ [ [ 80.085595729587013, 9.136313792847282 ], [ 80.0856254144839, 9.136568723609413 ], [ 80.085414965410465, 9.136591559173803 ], [ 80.085227761071351, 9.136684139377037 ], [ 80.084946953937532, 9.136823009033737 ], [ 80.084806195140857, 9.137078309955275 ], [ 80.084642146030177, 9.137287100129647 ], [ 80.084291248040998, 9.137402603270424 ], [ 80.084103998461757, 9.137518415145163 ], [ 80.084080263753748, 9.137704237461522 ], [ 80.084173375800034, 9.137913514386872 ], [ 80.084271931753008, 9.137974045577179 ], [ 80.084605613355379, 9.138584763846115 ], [ 80.084359155663861, 9.138564402111278 ], [ 80.083985011713452, 9.13861016004623 ], [ 80.083634068550538, 9.138748895642021 ], [ 80.083376548323784, 9.138934274632064 ], [ 80.083168813406473, 9.139360774254387 ], [ 80.083257782611682, 9.139909852087252 ], [ 80.083427940324881, 9.140556345254151 ], [ 80.08348920311289, 9.141141659850211 ], [ 80.083839257809501, 9.141467591418394 ], [ 80.084549269396859, 9.142013348454913 ], [ 80.085251041514297, 9.142561291186402 ], [ 80.085473580370405, 9.142609122673187 ], [ 80.085940798158205, 9.142795873305769 ], [ 80.086595001852757, 9.143006209798914 ], [ 80.087249472674657, 9.143077144942389 ], [ 80.088091239740663, 9.143009032025713 ], [ 80.088394986425996, 9.143102537440322 ], [ 80.088838783719282, 9.14331247369055 ], [ 80.08923560297518, 9.143638488530828 ], [ 80.089585886743606, 9.143848248016718 ], [ 80.089589542300672, 9.144155107140893 ], [ 80.090191337250161, 9.144492090503039 ], [ 80.09092231489025, 9.144234328695068 ], [ 80.091761373197514, 9.143715636248094 ], [ 80.092128798311975, 9.14296290343651 ], [ 80.092156221937316, 9.142287474932369 ], [ 80.091975047813591, 9.141325873850171 ], [ 80.091585115694315, 9.139898907579186 ], [ 80.091351279781989, 9.139402184258211 ], [ 80.091978841470251, 9.139325420437405 ], [ 80.0928399605978, 9.140158393164628 ], [ 80.093205166347374, 9.140574756223984 ], [ 80.093910125245358, 9.141131979209561 ], [ 80.09411847820401, 9.141459783315117 ], [ 80.094562260885766, 9.141798352254906 ], [ 80.095218028659957, 9.141784919817358 ], [ 80.096784956684459, 9.141490732653338 ], [ 80.09840803181028, 9.140298665652397 ], [ 80.098568478465438, 9.139189148997438 ], [ 80.098463683544807, 9.138506144650178 ], [ 80.098134004910094, 9.138176452258058 ], [ 80.097335891023235, 9.137163080731179 ], [ 80.096716410228026, 9.136242635107017 ], [ 80.096508252820186, 9.135722647679669 ], [ 80.096612140983723, 9.135282511962181 ], [ 80.096536009022032, 9.134865358064641 ], [ 80.097050007349253, 9.134488270368905 ], [ 80.097974597020624, 9.134452349302473 ], [ 80.098784167175253, 9.134895511265448 ], [ 80.099828775365083, 9.135469005802832 ], [ 80.100377076132503, 9.135833741204443 ], [ 80.101120218024832, 9.135869088359705 ], [ 80.101847908066134, 9.135653597834965 ], [ 80.102312461055945, 9.135369672916966 ], [ 80.10265308189652, 9.13495462057063 ], [ 80.102889522908157, 9.134331534104952 ], [ 80.102786602771999, 9.13344802106408 ], [ 80.102369059386874, 9.13305755099926 ], [ 80.101853037501158, 9.132907047429644 ], [ 80.100326563319925, 9.132470561622549 ], [ 80.099730047361177, 9.13235121572059 ], [ 80.099652303840031, 9.131987350589881 ], [ 80.099818821492221, 9.13174684292107 ], [ 80.100673241735819, 9.131235815936867 ], [ 80.101772745460309, 9.130406482262098 ], [ 80.102297226480502, 9.129524125433502 ], [ 80.102660591756646, 9.128860971238305 ], [ 80.103097896909532, 9.128355830474696 ], [ 80.103679982929691, 9.128212345081639 ], [ 80.104115671731137, 9.128574535600311 ], [ 80.104551362333183, 9.128936725654047 ], [ 80.104987725205362, 9.128937526576044 ], [ 80.105351897753238, 9.128649082652087 ], [ 80.10542596660197, 9.127926438583305 ], [ 80.10542757655881, 9.127059105631796 ], [ 80.105283867332318, 9.126119228229916 ], [ 80.105355222909864, 9.125445856035748 ], [ 80.105089381411858, 9.12544536860848 ], [ 80.104896112523832, 9.124514798080945 ], [ 80.104183183587509, 9.123771044248414 ], [ 80.10349480502552, 9.123078143820864 ], [ 80.102403911473587, 9.122494753524196 ], [ 80.101624652027255, 9.122105728550842 ], [ 80.100339711477019, 9.121018107894738 ], [ 80.099368075421609, 9.119233400765653 ], [ 80.097784872724986, 9.116293955062149 ], [ 80.093221065572166, 9.107636669492127 ], [ 80.092140909281255, 9.105150490284716 ], [ 80.090779749609794, 9.103171243223089 ], [ 80.08965030714036, 9.10239395312985 ], [ 80.087820770316839, 9.100646372931628 ], [ 80.085601286915121, 9.098898052713674 ], [ 80.084905946311395, 9.096878371334908 ], [ 80.084437459719751, 9.095717632100561 ], [ 80.083309018294301, 9.094436461530208 ], [ 80.081340279223625, 9.093412121435623 ], [ 80.078900736066331, 9.092862781970386 ], [ 80.078811407693195, 9.092842666494452 ], [ 80.078637774076213, 9.092841802257363 ], [ 80.078638247656514, 9.092868952406228 ], [ 80.078658825583759, 9.094049980640193 ], [ 80.078564251248366, 9.094607403413157 ], [ 80.078282582522903, 9.095210936146 ], [ 80.078374429813493, 9.096070748222134 ], [ 80.078326918465692, 9.096465626143903 ], [ 80.07827882548041, 9.097162536999827 ], [ 80.078137631452634, 9.097650170834806 ], [ 80.077902979154004, 9.098114392498323 ], [ 80.077481946023582, 9.098252991750602 ], [ 80.077037448212621, 9.098438012402916 ], [ 80.076608937017767, 9.09917824014757 ], [ 80.076591111119825, 9.099575599173775 ], [ 80.075982037334299, 9.100248205693267 ], [ 80.075879076160035, 9.100550123470102 ], [ 80.075887545453952, 9.100759159810128 ], [ 80.075828499660091, 9.101072698478131 ], [ 80.07564104288447, 9.101304674415459 ], [ 80.075172849876353, 9.101652281159978 ], [ 80.074868288097377, 9.102000200176006 ], [ 80.074517197999853, 9.102231862485556 ], [ 80.074189484287743, 9.102463569169526 ], [ 80.074072153510329, 9.102695678386507 ], [ 80.074141876052423, 9.102904912413559 ], [ 80.074191531703079, 9.102914881804343 ], [ 80.074211914742321, 9.102951513079642 ], [ 80.074188043517566, 9.103207035414092 ], [ 80.07428127724269, 9.10334661455156 ], [ 80.074701821594189, 9.103463585775714 ], [ 80.075426389892513, 9.103511437776856 ], [ 80.07591697306286, 9.10367500898643 ], [ 80.076010298331454, 9.103768121309066 ], [ 80.075975552449535, 9.103905135591937 ], [ 80.076005675141957, 9.103935189532658 ], [ 80.0757993742574, 9.104046518986223 ], [ 80.075355228000063, 9.104045670333534 ], [ 80.074864059824989, 9.104184131876762 ], [ 80.074700111731133, 9.104346452212081 ], [ 80.074629218545908, 9.104741284364483 ], [ 80.07446522506477, 9.104926837768037 ], [ 80.074067244432555, 9.105228109496045 ], [ 80.074066793987512, 9.105460442433422 ], [ 80.074066102952031, 9.105816856366907 ], [ 80.074050825196494, 9.105822895825966 ], [ 80.074156619684089, 9.106060712528766 ], [ 80.074159127359266, 9.106064688400767 ], [ 80.074485359736073, 9.106599679588749 ], [ 80.075045176192475, 9.107228053303357 ], [ 80.075269767606812, 9.107763227417246 ], [ 80.075440684336769, 9.108204612469661 ], [ 80.075673324262482, 9.108785892238336 ], [ 80.07571657874351, 9.109367686979088 ], [ 80.075881374884105, 9.109994426521139 ], [ 80.075931530848806, 9.11103048342871 ], [ 80.075892623278321, 9.111520847957451 ], [ 80.076018083498099, 9.111830125951652 ], [ 80.076461565580772, 9.112179473519696 ], [ 80.076530977428689, 9.11255134057412 ], [ 80.0764870506394, 9.112993594283422 ], [ 80.076509262947269, 9.113127637719721 ], [ 80.076557191952389, 9.113343957281412 ], [ 80.076575394663394, 9.113759561990184 ], [ 80.076551299168173, 9.11413125042383 ], [ 80.076456488382078, 9.114804838320758 ], [ 80.076245107981009, 9.11531556855067 ], [ 80.076080615414185, 9.115756689287245 ], [ 80.076150566835452, 9.115849756154626 ], [ 80.076363533455975, 9.116115374925396 ], [ 80.076406723632701, 9.116361380754212 ], [ 80.076592959710098, 9.116995190872681 ], [ 80.07690583565801, 9.117620096327787 ], [ 80.076895124229438, 9.117663384215533 ], [ 80.07712772663173, 9.118267895686078 ], [ 80.077453210120325, 9.119197853078759 ], [ 80.077661719055882, 9.120174053630388 ], [ 80.077869959664213, 9.121289653306528 ], [ 80.077798166522541, 9.122149152446879 ], [ 80.077633942360222, 9.122450872629164 ], [ 80.077258826664519, 9.123007757904974 ], [ 80.07660300048515, 9.123657039228878 ], [ 80.076064239600498, 9.124213609194474 ], [ 80.075852762056201, 9.124770805758253 ], [ 80.075908597405743, 9.124927130540735 ], [ 80.075966633275272, 9.126327660246726 ], [ 80.076129691279718, 9.126630006689187 ], [ 80.076456392153389, 9.126932666154275 ], [ 80.076829399802818, 9.127467746651943 ], [ 80.07720258835198, 9.127909894978069 ], [ 80.077622578877921, 9.128328898192494 ], [ 80.078019551080459, 9.128561989905606 ], [ 80.078510528024978, 9.128539693566561 ], [ 80.078814932440068, 9.128284707117297 ], [ 80.079142668290785, 9.128052997224696 ], [ 80.079443847637592, 9.128181957237665 ], [ 80.079461957413699, 9.128167017044309 ], [ 80.079820501577757, 9.128673875600178 ], [ 80.079819368377272, 9.128704821924398 ], [ 80.07993571922529, 9.128983843802198 ], [ 80.080285490819122, 9.129449177116804 ], [ 80.080261441636978, 9.129797631578855 ], [ 80.080236586504981, 9.13056428637665 ], [ 80.080356622142958, 9.130884265467955 ], [ 80.080347448835994, 9.130942776978873 ], [ 80.080983112575566, 9.131378876138285 ], [ 80.080963484951084, 9.131481820805984 ], [ 80.080982815936807, 9.13149468216506 ], [ 80.081124156888279, 9.132108726186061 ], [ 80.081027944961363, 9.132377997325138 ], [ 80.081003582952164, 9.132889085141755 ], [ 80.081119981497864, 9.133144874448581 ], [ 80.081126098785518, 9.133147319173615 ], [ 80.08112507053788, 9.133157338020554 ], [ 80.081330361674148, 9.133293915550272 ], [ 80.081493806005028, 9.133261751488188 ], [ 80.081751010004041, 9.133239006891966 ], [ 80.082194969657223, 9.133356017363528 ], [ 80.082475328475311, 9.133449482682824 ], [ 80.082686177393654, 9.133217548900262 ], [ 80.082827025151062, 9.132915781419406 ], [ 80.082991028463482, 9.132730225158181 ], [ 80.083248364915178, 9.132637779822694 ], [ 80.083482636238529, 9.132382656590986 ], [ 80.0836935284281, 9.132127487994905 ], [ 80.083887720265508, 9.132098173988064 ], [ 80.083963667406536, 9.13200628150763 ], [ 80.084908847663826, 9.132152625177739 ], [ 80.085052490981184, 9.132403550818914 ], [ 80.085002028839568, 9.132478465475826 ], [ 80.084861183048176, 9.132780233955012 ], [ 80.084720024634649, 9.133244634898007 ], [ 80.084672556715574, 9.133616279781464 ], [ 80.084672289713609, 9.133755680002407 ], [ 80.084882425715151, 9.133895477288229 ], [ 80.084975945995652, 9.133908935351155 ], [ 80.084975893277772, 9.133918888248788 ], [ 80.085341064716019, 9.134321772640373 ], [ 80.085363742152836, 9.134412658305109 ], [ 80.085348965230892, 9.134430728051838 ], [ 80.085184962215621, 9.134616285393314 ], [ 80.085137939245769, 9.134755597225404 ], [ 80.085209278112472, 9.134880215085438 ], [ 80.085194501150141, 9.13489971701342 ], [ 80.085703183749644, 9.135117510471579 ], [ 80.085744803752718, 9.135221489789256 ], [ 80.085534079160652, 9.135430113647855 ], [ 80.08527647429446, 9.13566196161301 ], [ 80.085206162008205, 9.13575476189907 ], [ 80.085252606963024, 9.135917483737138 ], [ 80.085374536838415, 9.136014802065418 ], [ 80.085337743979125, 9.136056429677879 ], [ 80.085595729587013, 9.136313792847282 ] ] ] ] } },
{ "type": "Feature", "properties": { "OBJECTID_1": 72, "PROVINCE_N": "Northern", "DISTRICT_N": "Mannar", "DSD_N": "Manthai West", "GND_N": "Illupaikadavai", "GND_C": "04", "TOTAL_POPU": 606, "EXIS_COVE": "Yes", "SUP_LEV": "24", "SCH_NAME": "Vidathalaitheevu Wss", "RWS_SCHE": "<Null>", "PROJ_DETAI": "<Null>", "WATER_SOUR": "Borehole", "PROJ_NAME": "<Null>", "COVER_PER": 50, "P_POP": 659, "GRO_RATE": 1.2, "COVE_2018": 50.0, "WATER_QUAL": "Complied", "COVE_2020": 50.0, "COVE_2025": 50.0, "COVE_2030": 50.0, "Shape_Leng": 22611.825129299999, "Shape_Area": 20274376.902800001, "OBJECTID_2": null, "OBJECTID_3": null, "OBJECTID": null, "EX_SCH_NAM": null, "RWS_Name": null, "SUP_LEVEL": null, "layer": "Sche_Mannar", "path": "C:/Users/MB/Downloads/New folder (2)/Sem 05/Advanced GIS and Remote Sensing for Planning/WEB MAP/pipebornewatermaps (2)/Shape Files/Shape Files/WSS Shape Files/Sche_Mannar.shx|layername=Sche_Mannar" }, "geometry": { "type": "MultiPolygon", "coordinates": [ [ [ [ 80.078811407693195, 9.092842666494452 ], [ 80.078900736066331, 9.092862781970386 ], [ 80.081340279223625, 9.093412121435623 ], [ 80.083309018294301, 9.094436461530208 ], [ 80.084437459719751, 9.095717632100561 ], [ 80.084905946311395, 9.096878371334908 ], [ 80.085601286915121, 9.098898052713674 ], [ 80.087820770316839, 9.100646372931628 ], [ 80.08965030714036, 9.10239395312985 ], [ 80.090779749609794, 9.103171243223089 ], [ 80.092140909281255, 9.105150490284716 ], [ 80.093221065572166, 9.107636669492127 ], [ 80.097784872724986, 9.116293955062149 ], [ 80.099368075421609, 9.119233400765653 ], [ 80.100339711477019, 9.121018107894738 ], [ 80.101624652027255, 9.122105728550842 ], [ 80.102403911473587, 9.122494753524196 ], [ 80.10349480502552, 9.123078143820864 ], [ 80.104183183587509, 9.123771044248414 ], [ 80.104896112523832, 9.124514798080945 ], [ 80.105089381411858, 9.12544536860848 ], [ 80.105355222909864, 9.125445856035748 ], [ 80.105830371660289, 9.12544672674901 ], [ 80.106650724707947, 9.124711807272108 ], [ 80.107479603895683, 9.124505403692631 ], [ 80.108094490578878, 9.124288096677432 ], [ 80.10790035352403, 9.123822634384794 ], [ 80.107511937448749, 9.122969227877579 ], [ 80.108409420249174, 9.122699553430513 ], [ 80.108527205492621, 9.122273419165422 ], [ 80.10837185293957, 9.121924304378915 ], [ 80.107515449557951, 9.121070043031057 ], [ 80.10697125713051, 9.120100074154827 ], [ 80.107480177242209, 9.119054510628906 ], [ 80.10818315722274, 9.118513167018245 ], [ 80.108964133054641, 9.117971964890296 ], [ 80.109315907410036, 9.117546257195905 ], [ 80.109746176624711, 9.116849378047363 ], [ 80.110214016532197, 9.116927746685665 ], [ 80.110408652868841, 9.117121895773295 ], [ 80.110643499935122, 9.116657214278451 ], [ 80.110878346361716, 9.116192532577104 ], [ 80.111074051380811, 9.115805297367132 ], [ 80.111582170906857, 9.11518607469327 ], [ 80.112352375073755, 9.11486399930468 ], [ 80.112675049832717, 9.114684188182769 ], [ 80.112403269216202, 9.114024792023661 ], [ 80.112638467668944, 9.113366314099702 ], [ 80.113380071988217, 9.113018824321632 ], [ 80.113965399426718, 9.112826087095881 ], [ 80.114279156015982, 9.111857678471798 ], [ 80.114475138170192, 9.111315404868224 ], [ 80.1143587114817, 9.111005122447679 ], [ 80.115257079570057, 9.110231561420127 ], [ 80.115725618722976, 9.109922333590749 ], [ 80.115726679099424, 9.109340948891369 ], [ 80.116350926414057, 9.109187036337122 ], [ 80.116702259709783, 9.108993872920918 ], [ 80.116944271273354, 9.108408418644688 ], [ 80.117328550859597, 9.107715948478754 ], [ 80.117641941753362, 9.106941329835097 ], [ 80.118696564096297, 9.106013004599218 ], [ 80.119788212016132, 9.106169995881629 ], [ 80.120704359062714, 9.105957066328655 ], [ 80.121714922811407, 9.104320140244953 ], [ 80.121976479283589, 9.103732080017021 ], [ 80.1220167357245, 9.103034487345116 ], [ 80.121783872614969, 9.102413925574263 ], [ 80.121004002419042, 9.102373774780965 ], [ 80.120528406087544, 9.101950967068749 ], [ 80.120254432377607, 9.101495273925659 ], [ 80.121355759924924, 9.100313714439704 ], [ 80.121908311675924, 9.098675969527962 ], [ 80.122916223262337, 9.098495683284025 ], [ 80.125022826029195, 9.098590467222065 ], [ 80.125482616553271, 9.097589834702625 ], [ 80.12603351205243, 9.096862486072103 ], [ 80.125851621461152, 9.096133838309408 ], [ 80.125760676405804, 9.0957695139503 ], [ 80.12530432099085, 9.094858298962897 ], [ 80.1258553754639, 9.09403990969102 ], [ 80.126222091894789, 9.093858477241561 ], [ 80.127228848561828, 9.094315460966406 ], [ 80.12841880350274, 9.094772766177822 ], [ 80.129335105189838, 9.094592299581977 ], [ 80.129977585891936, 9.093865104429462 ], [ 80.130163536634669, 9.092317737998172 ], [ 80.129891339208939, 9.090860607375362 ], [ 80.129620117443764, 9.08885723281162 ], [ 80.129806713006232, 9.086945704400234 ], [ 80.130266635473902, 9.085854023510885 ], [ 80.132283026655813, 9.085129234280849 ], [ 80.133933029396317, 9.084403793473188 ], [ 80.134667076870798, 9.083676747753538 ], [ 80.135310168904113, 9.082585379457173 ], [ 80.135654856388342, 9.080300438142592 ], [ 80.133789055482978, 9.078772691306748 ], [ 80.132241030694672, 9.077614447459204 ], [ 80.13065064240368, 9.076070942789302 ], [ 80.127900168715968, 9.07315586348005 ], [ 80.124475707312286, 9.070243054638965 ], [ 80.119074080204044, 9.065086684489032 ], [ 80.117409263868822, 9.064877296107127 ], [ 80.115644053605791, 9.06483133690649 ], [ 80.114395126448173, 9.065000285936787 ], [ 80.113089760555823, 9.065692441965748 ], [ 80.112284612185803, 9.065424463382762 ], [ 80.111571933504862, 9.064934659442793 ], [ 80.110908156806218, 9.064694420696117 ], [ 80.110348431909983, 9.064693409297742 ], [ 80.109445604013814, 9.064628797198024 ], [ 80.108381608709848, 9.064928888837379 ], [ 80.106864351478436, 9.063869069563331 ], [ 80.100794853580751, 9.059931755879044 ], [ 80.09645496652675, 9.057435259083165 ], [ 80.104640225640537, 9.062456223794033 ], [ 80.103538634940136, 9.063819821084016 ], [ 80.102163277305479, 9.064636670996697 ], [ 80.101978242481238, 9.065637776578727 ], [ 80.101517929492772, 9.066911498370516 ], [ 80.100693281346238, 9.067092067482852 ], [ 80.09950379456491, 9.066452600744443 ], [ 80.09849613621688, 9.066541788055185 ], [ 80.096113437180051, 9.067265717579447 ], [ 80.094406166067174, 9.067874827314629 ], [ 80.093102852328855, 9.068633626988191 ], [ 80.092259740626872, 9.069012668794999 ], [ 80.091498161567714, 9.06911812614328 ], [ 80.090536008902376, 9.06935200925251 ], [ 80.089845487290688, 9.070099586495783 ], [ 80.089307611616249, 9.070986331284871 ], [ 80.089181852248359, 9.071848638419398 ], [ 80.089687933798274, 9.072357226840129 ], [ 80.090069696239112, 9.072966910722968 ], [ 80.089417954095666, 9.073384363456709 ], [ 80.088767003190071, 9.073383147770546 ], [ 80.088345151813826, 9.073724905440319 ], [ 80.087579037179339, 9.073875715354424 ], [ 80.08681292292988, 9.074026523615714 ], [ 80.086391069985154, 9.074368278827517 ], [ 80.086160382372015, 9.074862636083516 ], [ 80.085431399522435, 9.075622482069139 ], [ 80.084587611340154, 9.076344049730327 ], [ 80.083896913825711, 9.07710396413639 ], [ 80.083740918054318, 9.078588036451599 ], [ 80.083387662321172, 9.079956032006413 ], [ 80.08312265711119, 9.081517543980562 ], [ 80.082929525365458, 9.082392575475826 ], [ 80.081969965680813, 9.083570643644714 ], [ 80.081815778217063, 9.084103202271962 ], [ 80.081453939793164, 9.084414313250239 ], [ 80.081010253846131, 9.084824831685262 ], [ 80.080132186176712, 9.084958775550751 ], [ 80.079175909807915, 9.084322496171064 ], [ 80.078483405035954, 9.083861720424013 ], [ 80.075956836697287, 9.084206265186172 ], [ 80.075075894589347, 9.084318767292634 ], [ 80.07388846614775, 9.084506802837106 ], [ 80.0728918338841, 9.085037744538891 ], [ 80.071895863536525, 9.085226139792512 ], [ 80.070554516545045, 9.086253218018046 ], [ 80.069975035620288, 9.086600016135113 ], [ 80.069350415118279, 9.08689663773705 ], [ 80.068829987179726, 9.087758156310162 ], [ 80.068805932808061, 9.088106611087671 ], [ 80.068886570342869, 9.088690726942145 ], [ 80.069061518628502, 9.088897038649868 ], [ 80.06962193242336, 9.089200150073561 ], [ 80.069925402563285, 9.089409834357957 ], [ 80.070018314804315, 9.089712047622823 ], [ 80.070391232777837, 9.090270366290804 ], [ 80.070764422974577, 9.090689284511184 ], [ 80.071464957488743, 9.091062364265674 ], [ 80.072212650653739, 9.091226432609989 ], [ 80.07265637612943, 9.091436383737019 ], [ 80.073006329245558, 9.091785555485242 ], [ 80.073065009244317, 9.091799751975351 ], [ 80.073076320678595, 9.091855389439656 ], [ 80.07314581582034, 9.09218079056129 ], [ 80.073168290313902, 9.092645501439065 ], [ 80.073003581295779, 9.093202787892714 ], [ 80.072908863460654, 9.093829908222242 ], [ 80.072977998222214, 9.094341175958579 ], [ 80.073140050013834, 9.095154654559416 ], [ 80.073349258764139, 9.095759123742541 ], [ 80.073559323737499, 9.095922159992497 ], [ 80.073653456913135, 9.095597072207772 ], [ 80.073490593290813, 9.09520179250215 ], [ 80.073304489705734, 9.094736769241582 ], [ 80.073305120259434, 9.094411502447848 ], [ 80.073469019041198, 9.094272416478429 ], [ 80.073632422515558, 9.094388895792788 ], [ 80.073889327676753, 9.094505554867455 ], [ 80.073983189218652, 9.09431986712689 ], [ 80.074030435796104, 9.094064389367832 ], [ 80.074170553057527, 9.09413435819758 ], [ 80.07431121095189, 9.093925526543977 ], [ 80.074147942378175, 9.093739346970608 ], [ 80.073751279769013, 9.093366853451217 ], [ 80.073658453633968, 9.093018174456148 ], [ 80.073612693272025, 9.092506951494775 ], [ 80.073519821507233, 9.092181506594686 ], [ 80.073452214072219, 9.091893432870831 ], [ 80.073539029361868, 9.091914436313832 ], [ 80.073543781897783, 9.091879517695823 ], [ 80.073590892400844, 9.091693740516719 ], [ 80.073801316120395, 9.091670909836749 ], [ 80.074081414792417, 9.091880546253194 ], [ 80.074338767988962, 9.091764871781702 ], [ 80.074549820045334, 9.091416773734522 ], [ 80.074784427470036, 9.09097578637933 ], [ 80.075066008192351, 9.090418722854558 ], [ 80.075347317781763, 9.090001057500151 ], [ 80.075581205319239, 9.089931803859351 ], [ 80.075884768679003, 9.090095017020946 ], [ 80.076912562021107, 9.090468710615538 ], [ 80.077753266797771, 9.090888512297481 ], [ 80.077822989766275, 9.091097745743825 ], [ 80.077798540963641, 9.091655301747078 ], [ 80.077844620428294, 9.092003891067508 ], [ 80.078008158663508, 9.092050668745523 ], [ 80.07817200993658, 9.091934812764721 ], [ 80.078359191648872, 9.091842235276436 ], [ 80.078593168436015, 9.091726512365652 ], [ 80.078657259587118, 9.091599716108627 ], [ 80.078612124269554, 9.091188814731055 ], [ 80.078596976385285, 9.090760143872599 ], [ 80.078595983306784, 9.090262811663507 ], [ 80.07859696616724, 9.089751677554826 ], [ 80.078695741521713, 9.089236271656921 ], [ 80.078645592468789, 9.088775966389257 ], [ 80.07848281597478, 9.08833422209479 ], [ 80.078600137728444, 9.088102110712404 ], [ 80.078809977840749, 9.088381310092128 ], [ 80.078996041436312, 9.088869566047876 ], [ 80.079065230059186, 9.089357598289341 ], [ 80.078970880468489, 9.089798854306256 ], [ 80.078876531515732, 9.090240111176822 ], [ 80.078916427429149, 9.090760750619291 ], [ 80.079155293087567, 9.091146743974083 ], [ 80.079061033187315, 9.091541533455191 ], [ 80.078732393216839, 9.092261146127358 ], [ 80.078614398765239, 9.092841757841468 ], [ 80.078638247656514, 9.092868952406228 ], [ 80.078637774076213, 9.092841802257363 ], [ 80.078811407693195, 9.092842666494452 ] ] ] ] } },
{ "type": "Feature", "properties": { "OBJECTID_1": 73, "PROVINCE_N": "Northern", "DISTRICT_N": "Mannar", "DSD_N": "Manthai West", "GND_N": "Kalliyadi", "GND_C": "06", "TOTAL_POPU": 216, "EXIS_COVE": "Yes", "SUP_LEV": "24", "SCH_NAME": "Vidathalaitheevu Wss", "RWS_SCHE": "<Null>", "PROJ_DETAI": "<Null>", "WATER_SOUR": "Borehole", "PROJ_NAME": "<Null>", "COVER_PER": 50, "P_POP": 235, "GRO_RATE": 1.2, "COVE_2018": 50.0, "WATER_QUAL": "Complied", "COVE_2020": 50.0, "COVE_2025": 50.0, "COVE_2030": 50.0, "Shape_Leng": 14367.2902847, "Shape_Area": 9307641.8060400002, "OBJECTID_2": null, "OBJECTID_3": null, "OBJECTID": null, "EX_SCH_NAM": null, "RWS_Name": null, "SUP_LEVEL": null, "layer": "Sche_Mannar", "path": "C:/Users/MB/Downloads/New folder (2)/Sem 05/Advanced GIS and Remote Sensing for Planning/WEB MAP/pipebornewatermaps (2)/Shape Files/Shape Files/WSS Shape Files/Sche_Mannar.shx|layername=Sche_Mannar" }, "geometry": { "type": "MultiPolygon", "coordinates": [ [ [ [ 80.069556904255393, 9.086582891925946 ], [ 80.069350415118279, 9.08689663773705 ], [ 80.069975035620288, 9.086600016135113 ], [ 80.070554516545045, 9.086253218018046 ], [ 80.071895863536525, 9.085226139792512 ], [ 80.0728918338841, 9.085037744538891 ], [ 80.07388846614775, 9.084506802837106 ], [ 80.075075894589347, 9.084318767292634 ], [ 80.075956836697287, 9.084206265186172 ], [ 80.078483405035954, 9.083861720424013 ], [ 80.079175909807915, 9.084322496171064 ], [ 80.080132186176712, 9.084958775550751 ], [ 80.081010253846131, 9.084824831685262 ], [ 80.081453939793164, 9.084414313250239 ], [ 80.081815778217063, 9.084103202271962 ], [ 80.081969965680813, 9.083570643644714 ], [ 80.082929525365458, 9.082392575475826 ], [ 80.08312265711119, 9.081517543980562 ], [ 80.083387662321172, 9.079956032006413 ], [ 80.083740918054318, 9.078588036451599 ], [ 80.083896913825711, 9.07710396413639 ], [ 80.084587611340154, 9.076344049730327 ], [ 80.085431399522435, 9.075622482069139 ], [ 80.086160382372015, 9.074862636083516 ], [ 80.086391069985154, 9.074368278827517 ], [ 80.08681292292988, 9.074026523615714 ], [ 80.087579037179339, 9.073875715354424 ], [ 80.088345151813826, 9.073724905440319 ], [ 80.088767003190071, 9.073383147770546 ], [ 80.089417954095666, 9.073384363456709 ], [ 80.090069696239112, 9.072966910722968 ], [ 80.089687933798274, 9.072357226840129 ], [ 80.089181852248359, 9.071848638419398 ], [ 80.089307611616249, 9.070986331284871 ], [ 80.089845487290688, 9.070099586495783 ], [ 80.090536008902376, 9.06935200925251 ], [ 80.091498161567714, 9.06911812614328 ], [ 80.092259740626872, 9.069012668794999 ], [ 80.093102852328855, 9.068633626988191 ], [ 80.094406166067174, 9.067874827314629 ], [ 80.096113437180051, 9.067265717579447 ], [ 80.09849613621688, 9.066541788055185 ], [ 80.09950379456491, 9.066452600744443 ], [ 80.100693281346238, 9.067092067482852 ], [ 80.101517929492772, 9.066911498370516 ], [ 80.101978242481238, 9.065637776578727 ], [ 80.102163277305479, 9.064636670996697 ], [ 80.103538634940136, 9.063819821084016 ], [ 80.104640225640537, 9.062456223794033 ], [ 80.09645496652675, 9.057435259083165 ], [ 80.091537811814632, 9.054629363395103 ], [ 80.08789703164679, 9.05215529524572 ], [ 80.085013765811127, 9.050237936958121 ], [ 80.079005026471933, 9.047057587295193 ], [ 80.070071543279056, 9.052720749380041 ], [ 80.060814009572326, 9.05617271976533 ], [ 80.060854003753093, 9.056208254029727 ], [ 80.060979517423334, 9.056250113423458 ], [ 80.06135293754032, 9.056529638401798 ], [ 80.06179620339374, 9.056948700021755 ], [ 80.062286535969577, 9.057205217507704 ], [ 80.062846851526899, 9.057531570676844 ], [ 80.06375726345702, 9.058114167399578 ], [ 80.064293980756915, 9.058556639415627 ], [ 80.064830654894124, 9.059022343952357 ], [ 80.065320720383923, 9.059418257937578 ], [ 80.065984974546112, 9.060383725967995 ], [ 80.066428477135489, 9.060686614746313 ], [ 80.066661484984692, 9.061058798438337 ], [ 80.066917731574677, 9.061500726695247 ], [ 80.067267743350584, 9.061803435440904 ], [ 80.067476791197052, 9.06247760654843 ], [ 80.067709574990289, 9.06296595673877 ], [ 80.068012208098594, 9.063593841034924 ], [ 80.068303631078166, 9.063977752885354 ], [ 80.06851263665051, 9.064675156791557 ], [ 80.068768615817689, 9.06525648430279 ], [ 80.068907637825347, 9.065884054527134 ], [ 80.068906642344587, 9.066395981189004 ], [ 80.068945366124325, 9.066570788265762 ], [ 80.068865833215156, 9.066915548345444 ], [ 80.068928616837383, 9.067115464988925 ], [ 80.068997609046633, 9.067696433086395 ], [ 80.069012750018857, 9.067993321633971 ], [ 80.069057277101081, 9.068093427246824 ], [ 80.069062243540529, 9.068250659478334 ], [ 80.069124560325264, 9.06852146320618 ], [ 80.069123611578831, 9.069009363647472 ], [ 80.069192649410013, 9.069567098475243 ], [ 80.069331807857537, 9.070124967994332 ], [ 80.069389497049357, 9.070508430252966 ], [ 80.069482405179414, 9.070810642657458 ], [ 80.069902368727398, 9.071206417160701 ], [ 80.070228341280028, 9.07185757915974 ], [ 80.070320708958306, 9.072438591032757 ], [ 80.070436316411062, 9.073089348315767 ], [ 80.070621820754525, 9.07385640711883 ], [ 80.070748056105671, 9.075053170263283 ], [ 80.070840470154423, 9.075610949708542 ], [ 80.070862716745168, 9.076191827871096 ], [ 80.07102548021102, 9.076633574742143 ], [ 80.071281470556286, 9.077214901065807 ], [ 80.071537237233528, 9.077912393384342 ], [ 80.071816558472733, 9.078516997449009 ], [ 80.071909381037159, 9.078865676773376 ], [ 80.072024946608337, 9.079539666923257 ], [ 80.072024090707771, 9.079981100924144 ], [ 80.071995735037149, 9.080009176850444 ], [ 80.071997381189291, 9.080020604073518 ], [ 80.071803187779935, 9.081100609854785 ], [ 80.071788137105031, 9.081119085560436 ], [ 80.071694007969981, 9.081444173279513 ], [ 80.071576367918226, 9.081838915803957 ], [ 80.07131866047547, 9.082140456419468 ], [ 80.071107566435103, 9.082511786165227 ], [ 80.070989970448124, 9.082883295186495 ], [ 80.070662091737987, 9.083207932956148 ], [ 80.070544631417349, 9.083509741225107 ], [ 80.070637317261628, 9.083928120421273 ], [ 80.070613174844624, 9.084323041967714 ], [ 80.070425724451226, 9.084555015838895 ], [ 80.07009806962084, 9.084763486870715 ], [ 80.070074242887188, 9.084995775850166 ], [ 80.069933044930124, 9.085483405453262 ], [ 80.069745503015682, 9.085761846199455 ], [ 80.069604574749093, 9.086110075460057 ], [ 80.069557146502447, 9.08645848541985 ], [ 80.069556904255393, 9.086582891925946 ] ] ] ] } },
{ "type": "Feature", "properties": { "OBJECTID_1": 78, "PROVINCE_N": "Northern", "DISTRICT_N": "Mannar", "DSD_N": "Manthai West", "GND_N": "Kayanagar", "GND_C": "15", "TOTAL_POPU": 534, "EXIS_COVE": "Yes", "SUP_LEV": "24", "SCH_NAME": "Periyamadhu Wss", "RWS_SCHE": "<Null>", "PROJ_DETAI": "<Null>", "WATER_SOUR": "Borehole", "PROJ_NAME": "<Null>", "COVER_PER": 25, "P_POP": 581, "GRO_RATE": 1.2, "COVE_2018": 25.0, "WATER_QUAL": "Complied", "COVE_2020": 25.0, "COVE_2025": 25.0, "COVE_2030": 25.0, "Shape_Leng": 16357.424699200001, "Shape_Area": 7416823.6635699989, "OBJECTID_2": null, "OBJECTID_3": null, "OBJECTID": null, "EX_SCH_NAM": null, "RWS_Name": null, "SUP_LEVEL": null, "layer": "Sche_Mannar", "path": "C:/Users/MB/Downloads/New folder (2)/Sem 05/Advanced GIS and Remote Sensing for Planning/WEB MAP/pipebornewatermaps (2)/Shape Files/Shape Files/WSS Shape Files/Sche_Mannar.shx|layername=Sche_Mannar" }, "geometry": { "type": "MultiPolygon", "coordinates": [ [ [ [ 80.141259256592122, 8.957510700302739 ], [ 80.138998431027375, 8.959487317075936 ], [ 80.135079377109363, 8.96316616507551 ], [ 80.133901235198479, 8.965872150361033 ], [ 80.133338072716782, 8.967925482055765 ], [ 80.132645769032052, 8.969978587149328 ], [ 80.131563141552107, 8.971964505681935 ], [ 80.128376734503561, 8.974293771537999 ], [ 80.124762208525851, 8.974819208202609 ], [ 80.122079569730701, 8.977885798520733 ], [ 80.120842117247847, 8.978907386172425 ], [ 80.122499522517799, 8.985976004309599 ], [ 80.124807320985411, 8.993354340580169 ], [ 80.128538500823367, 9.006675001577712 ], [ 80.130570707505299, 9.013776465401236 ], [ 80.13429285010389, 9.007354033769088 ], [ 80.13583068298216, 9.005175139654344 ], [ 80.136661654982689, 9.003605673473235 ], [ 80.138423301609052, 9.000278431340401 ], [ 80.140912170248342, 8.995465107882037 ], [ 80.143004048837795, 8.991419540288607 ], [ 80.143007788036428, 8.989251566108369 ], [ 80.141923374494937, 8.985842889582431 ], [ 80.140532025115775, 8.979801137930558 ], [ 80.141628442182864, 8.976241326946507 ], [ 80.144124987998296, 8.973613027921767 ], [ 80.149584686633148, 8.968666866973528 ], [ 80.146630767816873, 8.965564762593008 ], [ 80.14569999919118, 8.963395203356392 ], [ 80.143524611457806, 8.960449250824468 ], [ 80.141259256592122, 8.957510700302739 ] ] ] ] } },
{ "type": "Feature", "properties": { "OBJECTID_1": 80, "PROVINCE_N": "Northern", "DISTRICT_N": "Mannar", "DSD_N": "Manthai West", "GND_N": "Kovilkulam", "GND_C": "09", "TOTAL_POPU": 261, "EXIS_COVE": "Yes", "SUP_LEV": "24", "SCH_NAME": "Vidathalaitheevu Wss", "RWS_SCHE": "<Null>", "PROJ_DETAI": "<Null>", "WATER_SOUR": "Borehole", "PROJ_NAME": "<Null>", "COVER_PER": 100, "P_POP": 284, "GRO_RATE": 1.2, "COVE_2018": 100.0, "WATER_QUAL": "Complied", "COVE_2020": 100.0, "COVE_2025": 100.0, "COVE_2030": 100.0, "Shape_Leng": 23759.235777099999, "Shape_Area": 25622361.718499999, "OBJECTID_2": null, "OBJECTID_3": null, "OBJECTID": null, "EX_SCH_NAM": null, "RWS_Name": null, "SUP_LEVEL": null, "layer": "Sche_Mannar", "path": "C:/Users/MB/Downloads/New folder (2)/Sem 05/Advanced GIS and Remote Sensing for Planning/WEB MAP/pipebornewatermaps (2)/Shape Files/Shape Files/WSS Shape Files/Sche_Mannar.shx|layername=Sche_Mannar" }, "geometry": { "type": "MultiPolygon", "coordinates": [ [ [ [ 80.09535161765676, 9.050504996210114 ], [ 80.096004368374196, 9.050165026916329 ], [ 80.09773200891641, 9.049096103842722 ], [ 80.099137077361092, 9.04749052556752 ], [ 80.099247318036902, 9.046204201032849 ], [ 80.099249706238098, 9.044917677610716 ], [ 80.099358552417598, 9.044381823572927 ], [ 80.099683299158116, 9.043739155388414 ], [ 80.100401268221574, 9.042377364725617 ], [ 80.101484335056668, 9.041525612406966 ], [ 80.102216336487913, 9.041305610847786 ], [ 80.102724220151742, 9.04187569327979 ], [ 80.103455406376014, 9.042098364873565 ], [ 80.104250208533273, 9.042321150859044 ], [ 80.104854045903252, 9.042606827324219 ], [ 80.105235747718709, 9.042607521230867 ], [ 80.10533099942117, 9.042702553354147 ], [ 80.106093822548061, 9.043020136433263 ], [ 80.106283803166207, 9.043494778229862 ], [ 80.106759770940613, 9.044128036206549 ], [ 80.107268071774541, 9.044476775108436 ], [ 80.108031306892954, 9.044573016534418 ], [ 80.108381839229779, 9.044225833387893 ], [ 80.108446614028409, 9.04359355492517 ], [ 80.108447945223091, 9.042866303491431 ], [ 80.108862787214079, 9.042139797843973 ], [ 80.109659038656417, 9.041572079689141 ], [ 80.110645619342293, 9.041289280995068 ], [ 80.111450523566603, 9.04126927311928 ], [ 80.111790549342544, 9.041386202884565 ], [ 80.112204807649121, 9.040975890769195 ], [ 80.112524444326596, 9.040122730149454 ], [ 80.113098545621199, 9.039270026042043 ], [ 80.113736030784068, 9.038543914325524 ], [ 80.113928027700808, 9.037911862107253 ], [ 80.113801483080664, 9.037532197492926 ], [ 80.113324419309137, 9.037499722039252 ], [ 80.112751471005325, 9.037720032516278 ], [ 80.112178234468487, 9.038098439247708 ], [ 80.111541265435875, 9.038539971564349 ], [ 80.11134851523704, 9.0395830780704 ], [ 80.111251419916741, 9.040499877731657 ], [ 80.110773486937532, 9.040941693719317 ], [ 80.109914775662162, 9.040876905917518 ], [ 80.108992333564572, 9.040875240382372 ], [ 80.107942426002822, 9.040999820651392 ], [ 80.107689349062525, 9.040240488132937 ], [ 80.107308691850704, 9.039670642591537 ], [ 80.107214136768576, 9.039196175040779 ], [ 80.107754934632538, 9.039165533617883 ], [ 80.108517811789085, 9.03945149173911 ], [ 80.108932243676975, 9.038946324586645 ], [ 80.109124364624435, 9.038251036308964 ], [ 80.109475235953084, 9.037714133859231 ], [ 80.110079877553616, 9.037557125213773 ], [ 80.110430112462495, 9.037368038309539 ], [ 80.110717768587548, 9.036609680690116 ], [ 80.110686882877999, 9.036103708657681 ], [ 80.110210743458964, 9.035565313699102 ], [ 80.10893894798123, 9.035278440818646 ], [ 80.107635867201935, 9.034706928836689 ], [ 80.106554400780084, 9.034704970509736 ], [ 80.105410771288177, 9.033912401201555 ], [ 80.102899010745432, 9.033338677191884 ], [ 80.101403757948418, 9.033494049070212 ], [ 80.099177631465537, 9.033268638766657 ], [ 80.096360891684029, 9.032475938566993 ], [ 80.093882402511454, 9.031399265629984 ], [ 80.091187230975365, 9.030858226838831 ], [ 80.089463696854253, 9.02978292325488 ], [ 80.089573558593116, 9.028711022105137 ], [ 80.091194066811838, 9.027213081012194 ], [ 80.092489620281853, 9.026465004099556 ], [ 80.09367812487001, 9.025287884468861 ], [ 80.09519055554405, 9.023896933569842 ], [ 80.096594533106042, 9.022827408700328 ], [ 80.097567522759945, 9.021542665881945 ], [ 80.098756987774294, 9.019829474631059 ], [ 80.099514670995987, 9.018329910311023 ], [ 80.100595678754246, 9.016938144094008 ], [ 80.100596111427961, 9.016703837659296 ], [ 80.100335899302138, 9.016861271245597 ], [ 80.097763477171981, 9.017655275457011 ], [ 80.096682948970368, 9.018775284628537 ], [ 80.094679489149044, 9.018700463525034 ], [ 80.093248352933827, 9.018697825331854 ], [ 80.092316917851434, 9.01933633802596 ], [ 80.091101116425961, 9.018978404320345 ], [ 80.088954544989861, 9.01890328705171 ], [ 80.087309810802154, 9.018331133954998 ], [ 80.086879800444592, 9.018686017828408 ], [ 80.086021255794776, 9.018613280538887 ], [ 80.084158933549801, 9.019146125702244 ], [ 80.082370920988794, 9.01910441279135 ], [ 80.080079481229305, 9.019953750314961 ], [ 80.078147717947701, 9.019807836800254 ], [ 80.076501366993668, 9.020089274750097 ], [ 80.074784822549802, 9.019659203806164 ], [ 80.073424561797779, 9.020012306096984 ], [ 80.072425367940028, 9.01865880862435 ], [ 80.070778470860063, 9.01922476651457 ], [ 80.069204089736289, 9.019292897358349 ], [ 80.067071598880474, 9.019298327086151 ], [ 80.066673427529707, 9.019626896778819 ], [ 80.065702502471737, 9.020828657965225 ], [ 80.06481353610512, 9.021388642074035 ], [ 80.064006221041083, 9.021467330163011 ], [ 80.063360339177422, 9.02154632761118 ], [ 80.062473247933241, 9.02114340868739 ], [ 80.061746649919002, 9.021222247559356 ], [ 80.06037322431834, 9.021861524932799 ], [ 80.059080196152365, 9.022661435849459 ], [ 80.058271775473685, 9.023301800722354 ], [ 80.054555665224271, 9.024899398016622 ], [ 80.05584348955891, 9.026747464208899 ], [ 80.057291339560905, 9.02931801351046 ], [ 80.058014797049253, 9.030844010134798 ], [ 80.05889969830379, 9.032370318266386 ], [ 80.057848625900192, 9.033250933496564 ], [ 80.055747572950395, 9.034450463678855 ], [ 80.050499911272226, 9.034921638004409 ], [ 80.050422246259629, 9.034959333465714 ], [ 80.050286117074634, 9.034971366083264 ], [ 80.050398181720738, 9.035307786934027 ], [ 80.050537255386487, 9.03588889455242 ], [ 80.050512959795086, 9.036353513874289 ], [ 80.050488571671792, 9.0368646004244 ], [ 80.050534529220243, 9.037259658011978 ], [ 80.05067438996879, 9.037445799878522 ], [ 80.050875757812051, 9.037755096847217 ], [ 80.050984841197419, 9.038577451823555 ], [ 80.050929030349465, 9.038677667627162 ], [ 80.050717529257838, 9.039258086255767 ], [ 80.050715958096745, 9.040048017609463 ], [ 80.050901038718152, 9.041000949504278 ], [ 80.051320486402574, 9.041629074328823 ], [ 80.051394065818386, 9.041662495503562 ], [ 80.051395105322428, 9.041670334792274 ], [ 80.051658757032058, 9.041943389455893 ], [ 80.052078483889545, 9.042432113632556 ], [ 80.052474700659531, 9.042990491987164 ], [ 80.052754243967669, 9.043455707279827 ], [ 80.05301059937797, 9.043827943890186 ], [ 80.053220211226787, 9.044200088758265 ], [ 80.053429915611133, 9.044525766275472 ], [ 80.053639482206592, 9.044921144131775 ], [ 80.053732418910982, 9.045200127164842 ], [ 80.054082450000209, 9.045479612632564 ], [ 80.054245134547031, 9.045944599150108 ], [ 80.054337703828224, 9.046409447501709 ], [ 80.054547318385346, 9.04678159178121 ], [ 80.054756933352579, 9.047153735966805 ], [ 80.054896477935031, 9.047502509756221 ], [ 80.055036114717495, 9.047804816241621 ], [ 80.055339173973451, 9.048200376144006 ], [ 80.055642142902997, 9.048642403109783 ], [ 80.055804969318757, 9.049037688670287 ], [ 80.05601467860464, 9.049363364117344 ], [ 80.056271270780215, 9.049619432991159 ], [ 80.056481072588483, 9.049898642753407 ], [ 80.05659706373639, 9.050340303172657 ], [ 80.056703668993904, 9.050749814144412 ], [ 80.056782943166354, 9.05089826722206 ], [ 80.057016210293654, 9.051131055980528 ], [ 80.057132384916855, 9.051479783534189 ], [ 80.057248331374254, 9.051944677900906 ], [ 80.057598004874009, 9.052410027031314 ], [ 80.057666976831698, 9.05299099611581 ], [ 80.057970272110026, 9.053270388347231 ], [ 80.058179802375292, 9.053688997385583 ], [ 80.058716735844556, 9.054015309795149 ], [ 80.059066595229837, 9.054387724999454 ], [ 80.059626446160593, 9.054946414536772 ], [ 80.059999452590887, 9.055435041305376 ], [ 80.060372460008608, 9.0559236668545 ], [ 80.060559169575214, 9.056063430119375 ], [ 80.060814009572326, 9.05617271976533 ], [ 80.070071543279056, 9.052720749380041 ], [ 80.079005026471933, 9.047057587295193 ], [ 80.078312872885476, 9.045030017566864 ], [ 80.076748828107569, 9.042654243292326 ], [ 80.075185456344499, 9.039939489538089 ], [ 80.0748792360599, 9.036457452895242 ], [ 80.076693367325049, 9.036010257296406 ], [ 80.078877779370615, 9.034929672204576 ], [ 80.079970369122762, 9.034185991046694 ], [ 80.08038045995211, 9.033712200333571 ], [ 80.081539433443638, 9.033917765009642 ], [ 80.083107468147603, 9.034191889859434 ], [ 80.085082254163339, 9.035754870203005 ], [ 80.087122951312068, 9.038538271786242 ], [ 80.088415660209762, 9.04016775843224 ], [ 80.089707487437948, 9.042271803605564 ], [ 80.091818110221354, 9.04417397851269 ], [ 80.093520313213432, 9.045668619199919 ], [ 80.094400957010521, 9.048856608868691 ], [ 80.09535161765676, 9.050504996210114 ] ] ] ] } },
{ "type": "Feature", "properties": { "OBJECTID_1": 81, "PROVINCE_N": "Northern", "DISTRICT_N": "Mannar", "DSD_N": "Manthai West", "GND_N": "Maligaithidal", "GND_C": "21", "TOTAL_POPU": 331, "EXIS_COVE": "Yes", "SUP_LEV": "24", "SCH_NAME": "Adampan Wss", "RWS_SCHE": "<Null>", "PROJ_DETAI": "<Null>", "WATER_SOUR": "Borehole", "PROJ_NAME": "<Null>", "COVER_PER": 100, "P_POP": 360, "GRO_RATE": 1.2, "COVE_2018": 100.0, "WATER_QUAL": "Non_complied", "COVE_2020": 100.0, "COVE_2025": 100.0, "COVE_2030": 100.0, "Shape_Leng": 11089.6680235, "Shape_Area": 6513143.1451700004, "OBJECTID_2": null, "OBJECTID_3": null, "OBJECTID": null, "EX_SCH_NAM": null, "RWS_Name": null, "SUP_LEVEL": null, "layer": "Sche_Mannar", "path": "C:/Users/MB/Downloads/New folder (2)/Sem 05/Advanced GIS and Remote Sensing for Planning/WEB MAP/pipebornewatermaps (2)/Shape Files/Shape Files/WSS Shape Files/Sche_Mannar.shx|layername=Sche_Mannar" }, "geometry": { "type": "MultiPolygon", "coordinates": [ [ [ [ 79.982615499538696, 8.969159777034992 ], [ 79.982589611260622, 8.969330998219126 ], [ 79.982588648136712, 8.969337364984373 ], [ 79.983779660590557, 8.96966516978911 ], [ 79.985739838536887, 8.970900698626814 ], [ 79.986641123112861, 8.972049099096033 ], [ 79.987324310444606, 8.97299504694845 ], [ 79.988000663096159, 8.973600543551731 ], [ 79.988946500633332, 8.97420718795774 ], [ 79.989914340812689, 8.974743021253811 ], [ 79.990040007393858, 8.974891781131078 ], [ 79.990229079316066, 8.975080568017438 ], [ 79.990601515001714, 8.975755116456927 ], [ 79.990786963517806, 8.976452503217031 ], [ 79.990901465669253, 8.977544702375635 ], [ 79.990946858781314, 8.978172093833946 ], [ 79.991179490966587, 8.978660481137968 ], [ 79.991645602166187, 8.979242294734361 ], [ 79.991831401459265, 8.979777049751089 ], [ 79.991842315693958, 8.980137186644171 ], [ 79.991724682316075, 8.980508667564097 ], [ 79.991560611423083, 8.980740652092031 ], [ 79.991303268505831, 8.980879507231309 ], [ 79.991046024814764, 8.980971895422162 ], [ 79.99069570734126, 8.980878222296445 ], [ 79.990228900252291, 8.980621669284437 ], [ 79.989831848177403, 8.980527896446278 ], [ 79.98943454641028, 8.980550287772196 ], [ 79.989270823751099, 8.980619639855277 ], [ 79.989036947465038, 8.980712077051198 ], [ 79.988966396108466, 8.98092102552762 ], [ 79.988983537705778, 8.98119424964934 ], [ 79.989219095530245, 8.981743952805939 ], [ 79.989477646625318, 8.982246397690394 ], [ 79.989578195087645, 8.982605992017289 ], [ 79.989825923468899, 8.98329262606566 ], [ 79.989864029852498, 8.98397028890448 ], [ 79.990262130096582, 8.984810491002373 ], [ 79.990429855925925, 8.9849899237941 ], [ 79.99068625689614, 8.985292496790592 ], [ 79.991070859589243, 8.985746357367162 ], [ 79.991514057130317, 8.986119025036883 ], [ 79.991886654773808, 8.986723873278013 ], [ 79.992234941893358, 8.987770100080988 ], [ 79.992396930284428, 8.988513902827828 ], [ 79.992371227868048, 8.989605806155735 ], [ 79.992088025009153, 8.990906262289721 ], [ 79.991757885041324, 8.992299551637949 ], [ 79.991560424803197, 8.992731794564019 ], [ 79.991533531994847, 8.993053489076438 ], [ 79.991541460298777, 8.993059880105932 ], [ 79.9915726878166, 8.993085051697998 ], [ 79.992083647574432, 8.99251599867651 ], [ 79.993243461710293, 8.990293479263384 ], [ 79.99498200907253, 8.987497987938491 ], [ 79.997371000427449, 8.984344984860297 ], [ 79.999399609989183, 8.980904114290006 ], [ 80.001064357707648, 8.978826164743298 ], [ 80.002152335262181, 8.976388137489518 ], [ 80.002367135627594, 8.974739284813747 ], [ 80.002091979068283, 8.974601779594304 ], [ 80.002081463827565, 8.974145318149555 ], [ 80.002128069091114, 8.973814497336708 ], [ 80.002025306167113, 8.973563240865708 ], [ 80.001888112749043, 8.973311913537056 ], [ 80.001808063898991, 8.973174814688392 ], [ 80.001900503885395, 8.972878322417591 ], [ 80.002004276576898, 8.972650318837442 ], [ 80.002464695913758, 8.972012261698303 ], [ 80.002451067126486, 8.971651712503702 ], [ 80.002018547644141, 8.971363718148709 ], [ 80.001720867712393, 8.970983723828379 ], [ 80.001721661391869, 8.970607163230126 ], [ 80.000734105054377, 8.970867556133301 ], [ 79.999854140283446, 8.970785015535881 ], [ 79.999437736244104, 8.970625219196762 ], [ 79.998699752892165, 8.970495509151284 ], [ 79.997761621685271, 8.970861342742456 ], [ 79.996671425251719, 8.970813414545152 ], [ 79.996462103512727, 8.970419048545242 ], [ 79.996680034990348, 8.969773545597686 ], [ 79.997191822482421, 8.968954516941871 ], [ 79.997319590546255, 8.968235892884739 ], [ 79.997708445973174, 8.967866870417591 ], [ 79.995316259358745, 8.966110241871474 ], [ 79.992961616850693, 8.96484761984736 ], [ 79.992213784119969, 8.965385981246522 ], [ 79.99156288478359, 8.965958794693259 ], [ 79.990913669028728, 8.965742104505345 ], [ 79.990553505749006, 8.965382476591911 ], [ 79.990265682487376, 8.964951228912243 ], [ 79.989616469436456, 8.964734536653395 ], [ 79.989181203546124, 8.965738442013603 ], [ 79.989107481720538, 8.966456018285951 ], [ 79.988743628599792, 8.967818940015455 ], [ 79.988308971494206, 8.968535751233418 ], [ 79.987298513138015, 8.968461835120179 ], [ 79.984561145251192, 8.965800407618142 ], [ 79.981969583195024, 8.96249331695828 ], [ 79.981249591665716, 8.961630501583265 ], [ 79.979666648868616, 8.959258601651328 ], [ 79.979519170796664, 8.960693748741013 ], [ 79.979085128459872, 8.961123457559703 ], [ 79.978722336287902, 8.961983957875198 ], [ 79.979297795060674, 8.962918241166003 ], [ 79.980306370420337, 8.963853450863869 ], [ 79.981098237791144, 8.96485996894415 ], [ 79.981528714436166, 8.966081031902407 ], [ 79.981815131511524, 8.96715824143657 ], [ 79.981814233258731, 8.967573836737326 ], [ 79.981813269936183, 8.968019515617179 ], [ 79.982244993316982, 8.968666395864329 ], [ 79.982615499538696, 8.969159777034992 ] ] ] ] } },
{ "type": "Feature", "properties": { "OBJECTID_1": 82, "PROVINCE_N": "Northern", "DISTRICT_N": "Mannar", "DSD_N": "Manthai West", "GND_N": "Minukkan", "GND_C": "20", "TOTAL_POPU": 181, "EXIS_COVE": "Yes", "SUP_LEV": "24", "SCH_NAME": "Adampan Wss", "RWS_SCHE": "<Null>", "PROJ_DETAI": "<Null>", "WATER_SOUR": "Borehole", "PROJ_NAME": "<Null>", "COVER_PER": 75, "P_POP": 197, "GRO_RATE": 1.2, "COVE_2018": 75.0, "WATER_QUAL": "Non_complied", "COVE_2020": 75.0, "COVE_2025": 75.0, "COVE_2030": 75.0, "Shape_Leng": 8186.6197055700004, "Shape_Area": 2732557.56886, "OBJECTID_2": null, "OBJECTID_3": null, "OBJECTID": null, "EX_SCH_NAM": null, "RWS_Name": null, "SUP_LEVEL": null, "layer": "Sche_Mannar", "path": "C:/Users/MB/Downloads/New folder (2)/Sem 05/Advanced GIS and Remote Sensing for Planning/WEB MAP/pipebornewatermaps (2)/Shape Files/Shape Files/WSS Shape Files/Sche_Mannar.shx|layername=Sche_Mannar" }, "geometry": { "type": "MultiPolygon", "coordinates": [ [ [ [ 80.00879995371524, 8.95229600448776 ], [ 80.007284379533672, 8.952711238246055 ], [ 80.006733557543697, 8.954550882527311 ], [ 80.003739455413637, 8.957766047263943 ], [ 80.003821235984319, 8.958895786558143 ], [ 80.003229890279115, 8.959982292203133 ], [ 80.002515481667629, 8.959562448805151 ], [ 80.00201277279541, 8.95851550639903 ], [ 80.00117416769038, 8.957133177641213 ], [ 79.998611056518371, 8.954246793275523 ], [ 79.998733738958236, 8.954418332095456 ], [ 79.99743306077103, 8.955061574695449 ], [ 79.995697903595172, 8.956349862992525 ], [ 79.994973470809285, 8.957568491458202 ], [ 79.994032326225863, 8.958858435065622 ], [ 79.993739159373973, 8.960939246263903 ], [ 79.993444308573942, 8.963809559605112 ], [ 79.993009054130354, 8.964813469608318 ], [ 79.992961616850693, 8.96484761984736 ], [ 79.995316259358745, 8.966110241871474 ], [ 79.997708445973174, 8.967866870417591 ], [ 79.997766792593922, 8.967909714647323 ], [ 79.998922993205056, 8.967337946437359 ], [ 79.999480246140905, 8.966802629579682 ], [ 79.999710574475984, 8.96642654753906 ], [ 80.000514731807769, 8.965618707510243 ], [ 80.000997808966218, 8.965550587774473 ], [ 80.001708878885125, 8.965780289080106 ], [ 80.002120715509051, 8.966408750467002 ], [ 80.002819406342084, 8.968135579736597 ], [ 80.003539764766586, 8.968854811953687 ], [ 80.004332916922422, 8.969287100257723 ], [ 80.005052678210362, 8.970293422565467 ], [ 80.005556031708608, 8.971227522547139 ], [ 80.00620391410088, 8.972090147980845 ], [ 80.006852849768336, 8.972450359315884 ], [ 80.00772045350304, 8.971806191819061 ], [ 80.00793881686522, 8.970945361057401 ], [ 80.007651868728658, 8.97008348481153 ], [ 80.008013104713513, 8.969940684405749 ], [ 80.009237441393594, 8.971306910457354 ], [ 80.010824819034568, 8.971669051097271 ], [ 80.012629807371042, 8.971529216253037 ], [ 80.014002711842878, 8.970886070554192 ], [ 80.014075196992025, 8.970742671938847 ], [ 80.014870745568018, 8.970026565782232 ], [ 80.015737588115911, 8.969741245338334 ], [ 80.016819359854821, 8.970245872073267 ], [ 80.017829835039734, 8.970319708377378 ], [ 80.018550229420384, 8.971038914970983 ], [ 80.018909983939864, 8.971613837528796 ], [ 80.019992209288574, 8.971903135532902 ], [ 80.020425631046493, 8.97176046960436 ], [ 80.021075026578288, 8.97190533681839 ], [ 80.021651644460889, 8.972337150122074 ], [ 80.022300451695784, 8.97276910995984 ], [ 80.023094961554449, 8.97255539938393 ], [ 80.025406003389435, 8.972057658122178 ], [ 80.027569447515091, 8.973138628754537 ], [ 80.028582918556523, 8.973140668645968 ], [ 80.028724458485428, 8.973140953313081 ], [ 80.026923413242358, 8.971342980783314 ], [ 80.025267200349504, 8.9693299718506 ], [ 80.023393416850951, 8.967818933717435 ], [ 80.022024071627314, 8.966739552012706 ], [ 80.020147066792461, 8.966807514857695 ], [ 80.017568043710696, 8.966134350621685 ], [ 80.015891165822666, 8.965291590934868 ], [ 80.014096719112032, 8.964174148801703 ], [ 80.013084086859593, 8.961338291179787 ], [ 80.013501343332464, 8.959816003233628 ], [ 80.015772197462553, 8.95771730434846 ], [ 80.016077809878837, 8.956065300672371 ], [ 80.016994105531836, 8.955532616796864 ], [ 80.017215393850975, 8.952104068088605 ], [ 80.011153372736132, 8.953639597452716 ], [ 80.010607265791251, 8.953220115487571 ], [ 80.00879995371524, 8.95229600448776 ] ] ] ] } },
{ "type": "Feature", "properties": { "OBJECTID_1": 83, "PROVINCE_N": "Northern", "DISTRICT_N": "Mannar", "DSD_N": "Manthai West", "GND_N": "Nedunkandal", "GND_C": "24", "TOTAL_POPU": 379, "EXIS_COVE": "Yes", "SUP_LEV": "24", "SCH_NAME": "Adampan Wss", "RWS_SCHE": "<Null>", "PROJ_DETAI": "<Null>", "WATER_SOUR": "Borehole", "PROJ_NAME": "<Null>", "COVER_PER": 75, "P_POP": 412, "GRO_RATE": 1.2, "COVE_2018": 75.0, "WATER_QUAL": "Non_complied", "COVE_2020": 75.0, "COVE_2025": 75.0, "COVE_2030": 75.0, "Shape_Leng": 9102.2834120999996, "Shape_Area": 4133634.1386000002, "OBJECTID_2": null, "OBJECTID_3": null, "OBJECTID": null, "EX_SCH_NAM": null, "RWS_Name": null, "SUP_LEVEL": null, "layer": "Sche_Mannar", "path": "C:/Users/MB/Downloads/New folder (2)/Sem 05/Advanced GIS and Remote Sensing for Planning/WEB MAP/pipebornewatermaps (2)/Shape Files/Shape Files/WSS Shape Files/Sche_Mannar.shx|layername=Sche_Mannar" }, "geometry": { "type": "MultiPolygon", "coordinates": [ [ [ [ 80.001877411143511, 8.939491187796987 ], [ 80.001875566923417, 8.940369425629445 ], [ 80.001938797175313, 8.940644491092231 ], [ 80.00172044322575, 8.941505320040125 ], [ 80.000996817748955, 8.94236509944251 ], [ 80.000200553756954, 8.943440045510584 ], [ 79.999620830969022, 8.944515441521441 ], [ 79.998462888652043, 8.94594849744812 ], [ 79.997449605586098, 8.947238303464491 ], [ 79.996581136412274, 8.948313088818701 ], [ 79.996218855158531, 8.948958292215318 ], [ 79.995784693774368, 8.949459796848853 ], [ 79.995580828985467, 8.949484701358841 ], [ 79.996286934417469, 8.9508963176814 ], [ 79.997079734921499, 8.951472164134701 ], [ 79.997366799297268, 8.952262272111524 ], [ 79.997726654540941, 8.952765438420442 ], [ 79.998014327044075, 8.953268453616788 ], [ 79.998373880815748, 8.953915166554953 ], [ 79.998611056518371, 8.954246793275523 ], [ 80.00117416769038, 8.957133177641213 ], [ 80.00201277279541, 8.95851550639903 ], [ 80.002515481667629, 8.959562448805151 ], [ 80.003229890279115, 8.959982292203133 ], [ 80.003821235984319, 8.958895786558143 ], [ 80.003739455413637, 8.957766047263943 ], [ 80.006733557543697, 8.954550882527311 ], [ 80.007284379533672, 8.952711238246055 ], [ 80.00879995371524, 8.95229600448776 ], [ 80.010607265791251, 8.953220115487571 ], [ 80.011153372736132, 8.953639597452716 ], [ 80.017215393850975, 8.952104068088605 ], [ 80.017584148922097, 8.949433048719984 ], [ 80.01737306849688, 8.946776988211553 ], [ 80.016365617802279, 8.945267687062772 ], [ 80.016367689268435, 8.944262858777797 ], [ 80.016783202021116, 8.943133876712645 ], [ 80.016831757792716, 8.943001944319729 ], [ 80.016124647418494, 8.942824635167714 ], [ 80.015519304201845, 8.94224979664129 ], [ 80.01453406044196, 8.941962335212956 ], [ 80.013454176137557, 8.94209888061274 ], [ 80.012075095071893, 8.94312293394 ], [ 80.010448596761293, 8.944879956669887 ], [ 80.009414144188796, 8.945709110406927 ], [ 80.008563688758414, 8.945554748478555 ], [ 80.007499288563707, 8.944238201442085 ], [ 80.005978987722031, 8.942230211158813 ], [ 80.00544049612509, 8.941055526735527 ], [ 80.005148094880198, 8.939783553625865 ], [ 80.004415358913121, 8.937434894865786 ], [ 80.004263606815911, 8.936163662525878 ], [ 80.004567490024741, 8.935234762376698 ], [ 80.004568308158511, 8.934843573449809 ], [ 80.004421803596259, 8.934354282881793 ], [ 80.004028909163395, 8.934108975886968 ], [ 80.003727968627814, 8.9340014006477 ], [ 80.0033641068446, 8.934301634873993 ], [ 80.002796020659318, 8.93452622436436 ], [ 80.001543477078087, 8.93632975970724 ], [ 80.001539920988193, 8.938023002864655 ], [ 80.001877411143511, 8.939491187796987 ] ] ] ] } },
{ "type": "Feature", "properties": { "OBJECTID_1": 86, "PROVINCE_N": "Northern", "DISTRICT_N": "Mannar", "DSD_N": "Manthai West", "GND_N": "Pali Aru", "GND_C": "03", "TOTAL_POPU": 1219, "EXIS_COVE": "Yes", "SUP_LEV": "24", "SCH_NAME": "Thevanpiddy Wss", "RWS_SCHE": "<Null>", "PROJ_DETAI": "<Null>", "WATER_SOUR": "Borehole", "PROJ_NAME": "<Null>", "COVER_PER": 50, "P_POP": 1325, "GRO_RATE": 1.2, "COVE_2018": 50.0, "WATER_QUAL": "Complied", "COVE_2020": 50.0, "COVE_2025": 50.0, "COVE_2030": 50.0, "Shape_Leng": 55325.487818900001, "Shape_Area": 149398415.19, "OBJECTID_2": null, "OBJECTID_3": null, "OBJECTID": null, "EX_SCH_NAM": null, "RWS_Name": null, "SUP_LEVEL": null, "layer": "Sche_Mannar", "path": "C:/Users/MB/Downloads/New folder (2)/Sem 05/Advanced GIS and Remote Sensing for Planning/WEB MAP/pipebornewatermaps (2)/Shape Files/Shape Files/WSS Shape Files/Sche_Mannar.shx|layername=Sche_Mannar" }, "geometry": { "type": "MultiPolygon", "coordinates": [ [ [ [ 80.111650036271982, 9.168501447836743 ], [ 80.112243310569596, 9.168285476058976 ], [ 80.112867101700274, 9.168441650177229 ], [ 80.113459804083433, 9.168535751922523 ], [ 80.113834193899592, 9.168567440180412 ], [ 80.113928776012244, 9.168040481918384 ], [ 80.114397859794551, 9.167483196612162 ], [ 80.114990675155596, 9.167515280272356 ], [ 80.115457592790179, 9.168136280772917 ], [ 80.115988001362425, 9.168168249696608 ], [ 80.116550068493268, 9.167952214085938 ], [ 80.117175225463114, 9.16736419998991 ], [ 80.117799301470043, 9.167365328171881 ], [ 80.11854745582275, 9.167769779341944 ], [ 80.119108219491096, 9.168266914348807 ], [ 80.119700188397388, 9.168764103905289 ], [ 80.120729692520186, 9.16888998905759 ], [ 80.121228785724227, 9.168983909838575 ], [ 80.122072476668109, 9.168334262997192 ], [ 80.122884398001247, 9.167994635085876 ], [ 80.123477834693631, 9.167685621395144 ], [ 80.123852843608233, 9.167376215698622 ], [ 80.124538709903774, 9.167718527610544 ], [ 80.124819095997012, 9.167967091307581 ], [ 80.125224915080878, 9.167874793242909 ], [ 80.125625683866147, 9.167398638358152 ], [ 80.125850337973262, 9.167131724519624 ], [ 80.126287584372946, 9.166915449579102 ], [ 80.126942527704998, 9.167102663627103 ], [ 80.127503526576092, 9.16747575597482 ], [ 80.128127268995399, 9.16766291244082 ], [ 80.128657902499668, 9.167570832391842 ], [ 80.1290017584422, 9.167230358207561 ], [ 80.128971335601548, 9.166796194882796 ], [ 80.128597558956443, 9.166423438390689 ], [ 80.128473469467025, 9.166020116989904 ], [ 80.128661473177218, 9.165586341753835 ], [ 80.129285993349242, 9.165339388992498 ], [ 80.130035328166684, 9.165092656368309 ], [ 80.130722531455589, 9.164690772810715 ], [ 80.131035513596203, 9.164164194845567 ], [ 80.131473530049149, 9.16351380674698 ], [ 80.132581954414931, 9.163425171244254 ], [ 80.133393513374784, 9.163179025693646 ], [ 80.13423221615605, 9.162567235478408 ], [ 80.13440072457405, 9.162095455369114 ], [ 80.135015501890507, 9.162096536884178 ], [ 80.135798143646383, 9.161986835177592 ], [ 80.136021057558381, 9.162348226452931 ], [ 80.136747564171429, 9.162377270903601 ], [ 80.137530354029764, 9.162184257477442 ], [ 80.137726752747881, 9.161740294071345 ], [ 80.137559775468802, 9.161351232892779 ], [ 80.13756051412048, 9.160934695663611 ], [ 80.137784659930901, 9.160601856896841 ], [ 80.138147837841785, 9.160658030968078 ], [ 80.138315059606711, 9.160908246445187 ], [ 80.138566805410406, 9.160769840764477 ], [ 80.138762808812984, 9.160548030112638 ], [ 80.139237715271506, 9.160632167173192 ], [ 80.139489165108387, 9.160660375046017 ], [ 80.139685658647139, 9.160160871935894 ], [ 80.139938040202324, 9.159661466159546 ], [ 80.14021141362683, 9.159596432265115 ], [ 80.140323006464527, 9.15953200497253 ], [ 80.140601573927071, 9.159606343877694 ], [ 80.140842818779362, 9.159772935914676 ], [ 80.140889552768257, 9.160052365685994 ], [ 80.140690967247281, 9.160551394849911 ], [ 80.141054390608716, 9.160468719589419 ], [ 80.141613766414466, 9.160192001273439 ], [ 80.142060631645478, 9.160331624437706 ], [ 80.142619566949122, 9.16030482691335 ], [ 80.143345778122992, 9.16050047224555 ], [ 80.143764309620977, 9.160862198590031 ], [ 80.144206245176321, 9.160990928081485 ], [ 80.145189082727526, 9.161086820720254 ], [ 80.146111199477176, 9.161116183726206 ], [ 80.14720137123571, 9.160923680637289 ], [ 80.148426967708772, 9.160422121472356 ], [ 80.148823066197338, 9.160398856902761 ], [ 80.149746002155595, 9.159956134741178 ], [ 80.150445092664341, 9.159679642179299 ], [ 80.152017133944554, 9.160071577121176 ], [ 80.152987162245608, 9.160183840968454 ], [ 80.153812215766195, 9.159896290970007 ], [ 80.15455324575899, 9.159492280564184 ], [ 80.154917384042605, 9.158993052442268 ], [ 80.15500203047911, 9.158521118861218 ], [ 80.156037448772025, 9.15766203219675 ], [ 80.156457853475686, 9.156940743809896 ], [ 80.156850741309086, 9.155969484225128 ], [ 80.157830212909587, 9.155138064644683 ], [ 80.158949685664737, 9.154140263440832 ], [ 80.159676513041063, 9.153974875328313 ], [ 80.160152935115107, 9.153170368632654 ], [ 80.161019859051905, 9.152783059754258 ], [ 80.161970468599009, 9.152479197209024 ], [ 80.164067151823147, 9.151955100713424 ], [ 80.16498906157878, 9.152095491585019 ], [ 80.165687421326098, 9.152235506472367 ], [ 80.166608675500527, 9.152764663236217 ], [ 80.167139045525005, 9.153098781380269 ], [ 80.167641754264281, 9.153266236137775 ], [ 80.168088762913129, 9.153322519744711 ], [ 80.168536240619233, 9.153101109270601 ], [ 80.169096240607431, 9.152435575240194 ], [ 80.169851518128169, 9.151964751001461 ], [ 80.170717963888563, 9.151855111704991 ], [ 80.172132379047596, 9.151901170802146 ], [ 80.172477308264178, 9.152524489398445 ], [ 80.172560024884433, 9.153191091177714 ], [ 80.17252873302958, 9.155190437125166 ], [ 80.172807104403191, 9.155829594195531 ], [ 80.173309959383204, 9.155913732907054 ], [ 80.173897250811507, 9.155637008710599 ], [ 80.174652946683608, 9.154916249682024 ], [ 80.175268503140117, 9.154445182958815 ], [ 80.175771588204952, 9.154390471680177 ], [ 80.176191072423592, 9.154196775438106 ], [ 80.17711313307035, 9.154253828392305 ], [ 80.177588596822048, 9.154004683367592 ], [ 80.178371443955754, 9.153756041042202 ], [ 80.179711836802284, 9.154313621797096 ], [ 80.180856809844116, 9.154759801299246 ], [ 80.181722710459752, 9.154983368041892 ], [ 80.182337481024504, 9.15498436844552 ], [ 80.183008825216191, 9.154568917681493 ], [ 80.183959791337116, 9.154042842055359 ], [ 80.185609353991225, 9.153517893252724 ], [ 80.189898582968098, 9.153000246859786 ], [ 80.192596980383527, 9.152529424053428 ], [ 80.19331033800546, 9.151935582637993 ], [ 80.194723498499698, 9.150811106306705 ], [ 80.19587058059453, 9.149952074922377 ], [ 80.196933246954103, 9.14945390973331 ], [ 80.197884136352059, 9.148955563462394 ], [ 80.198666872021022, 9.148762414691198 ], [ 80.199868495692172, 9.148736542524547 ], [ 80.200817962872733, 9.149126811979542 ], [ 80.201878675434756, 9.149850489057448 ], [ 80.203804200698187, 9.151491914500069 ], [ 80.204250907534572, 9.151742540018933 ], [ 80.204893443584652, 9.151854623712355 ], [ 80.206053611558886, 9.151598983529654 ], [ 80.207605935121975, 9.150636993553292 ], [ 80.208725830710151, 9.149278024930732 ], [ 80.209734335799837, 9.14766895339211 ], [ 80.211663623194326, 9.146922158005358 ], [ 80.2145443226335, 9.145315958317273 ], [ 80.215691386627924, 9.144429090881182 ], [ 80.216224614126745, 9.144072231705172 ], [ 80.217066218526611, 9.144352613940514 ], [ 80.217261158161747, 9.14385977315367 ], [ 80.217504163307112, 9.143378637937017 ], [ 80.217816702648349, 9.14269124728958 ], [ 80.217920847621841, 9.142485047589345 ], [ 80.217964102425739, 9.142467870858518 ], [ 80.21810427980823, 9.141685495597033 ], [ 80.218456267385648, 9.140196679500734 ], [ 80.21870857147853, 9.138558774976763 ], [ 80.21916130281484, 9.136524013990272 ], [ 80.21951389118459, 9.134638035660716 ], [ 80.220218672651455, 9.131114300485327 ], [ 80.220370060943765, 9.130121627464812 ], [ 80.220370546917891, 9.130119761969331 ], [ 80.220822313189743, 9.128384732851162 ], [ 80.221274256101992, 9.126846417059744 ], [ 80.221976569442262, 9.124911317548616 ], [ 80.222528635725965, 9.123224216384795 ], [ 80.222930080037415, 9.122033337603629 ], [ 80.22333106674408, 9.121140328959745 ], [ 80.223682098907702, 9.120247243544201 ], [ 80.22386184513698, 9.119739314314254 ], [ 80.223893735651956, 9.119739362346769 ], [ 80.225899525283594, 9.115047333391242 ], [ 80.22589980238277, 9.115045786747753 ], [ 80.225900046157236, 9.115045216573179 ], [ 80.226040389420433, 9.114261730807412 ], [ 80.225856321588367, 9.113293358295072 ], [ 80.223589114978211, 9.109601968972232 ], [ 80.22263613276067, 9.108295483710432 ], [ 80.219515903529654, 9.10401774383292 ], [ 80.217618529657926, 9.10120277719578 ], [ 80.216601380936808, 9.099080641307435 ], [ 80.216182159860509, 9.098022047308492 ], [ 80.216140828249976, 9.096959350671895 ], [ 80.216449558783467, 9.092257643868482 ], [ 80.216831679911209, 9.085066658366548 ], [ 80.216958759279066, 9.077829182646287 ], [ 80.217193985881735, 9.075662847173195 ], [ 80.218059566581474, 9.070731477343706 ], [ 80.218941823660202, 9.065518664944918 ], [ 80.219089203846821, 9.064647853944166 ], [ 80.220471265913261, 9.055522160567842 ], [ 80.22051373580878, 9.055042786931139 ], [ 80.220224547404129, 9.054909583576752 ], [ 80.219522560938273, 9.054696055658889 ], [ 80.219132787257067, 9.054577494108585 ], [ 80.218231242076527, 9.054080467071625 ], [ 80.216854911435618, 9.053511908643035 ], [ 80.216095331855541, 9.053345535398048 ], [ 80.215098052396328, 9.053344021344129 ], [ 80.212960477830748, 9.05369481428191 ], [ 80.212129446830247, 9.053669941898743 ], [ 80.211334399145045, 9.053409092412249 ], [ 80.210171749422258, 9.052864441100397 ], [ 80.209554606797056, 9.052721875699143 ], [ 80.208201159345563, 9.052719796228194 ], [ 80.206206716470504, 9.052645913414102 ], [ 80.205684554669688, 9.052503488213256 ], [ 80.204427271040203, 9.051746244080121 ], [ 80.203443092796491, 9.050965816777712 ], [ 80.202162298014628, 9.050066910245043 ], [ 80.200572684084591, 9.049261933264976 ], [ 80.198508786925132, 9.048078557113508 ], [ 80.197654438380397, 9.047793982730401 ], [ 80.196633658222609, 9.047650763932394 ], [ 80.196579246213275, 9.047527020661262 ], [ 80.196354596296715, 9.047016121992383 ], [ 80.196052499430465, 9.046329089693765 ], [ 80.195673297216274, 9.045466699933815 ], [ 80.195672283261629, 9.045467693846222 ], [ 80.195222144619038, 9.045899558295535 ], [ 80.194838604225112, 9.045551854485188 ], [ 80.19509617179601, 9.046324034126677 ], [ 80.19197654984518, 9.048796819591484 ], [ 80.188858631903031, 9.050185581825401 ], [ 80.185743197727561, 9.050025756596202 ], [ 80.183872279967702, 9.050951898248707 ], [ 80.182780781107127, 9.051569570797875 ], [ 80.182779773384652, 9.052188994519289 ], [ 80.183713980232213, 9.052500207854646 ], [ 80.184337120812359, 9.052501207518215 ], [ 80.18464818791287, 9.052811418902998 ], [ 80.183867501849903, 9.053894161416554 ], [ 80.182774985721792, 9.055131256908735 ], [ 80.179970326725055, 9.055436447558094 ], [ 80.176232221439136, 9.054965820915067 ], [ 80.174209816282442, 9.05325911006782 ], [ 80.171563009183586, 9.052325646971962 ], [ 80.170164034693045, 9.050465079555854 ], [ 80.166738601697929, 9.049375448510864 ], [ 80.163778978753484, 9.049215695649544 ], [ 80.162841675880784, 9.050762696752335 ], [ 80.162836987444535, 9.05355009325015 ], [ 80.162989386276294, 9.05556347165923 ], [ 80.16111708163713, 9.057263767538691 ], [ 80.159404478298214, 9.056641484923711 ], [ 80.15769503439418, 9.054160932425591 ], [ 80.156137446072137, 9.054003462360406 ], [ 80.154111449712502, 9.054464618397013 ], [ 80.153459245290861, 9.054668138493012 ], [ 80.153670544145257, 9.055343526722396 ], [ 80.153213500926057, 9.056097808023454 ], [ 80.15245365358399, 9.056247534771316 ], [ 80.1504766476301, 9.057452269362884 ], [ 80.148954346286132, 9.059261809309266 ], [ 80.147431767015149, 9.061222350203948 ], [ 80.146210399951769, 9.064693502605524 ], [ 80.146509540221317, 9.067412198815202 ], [ 80.146852702837478, 9.068866173055444 ], [ 80.147263671218084, 9.070584703972477 ], [ 80.146330764006422, 9.071903927821374 ], [ 80.14460603658847, 9.07331330073742 ], [ 80.143762600530806, 9.074504972019311 ], [ 80.142750485897878, 9.075663992073698 ], [ 80.141631957374329, 9.076615446928972 ], [ 80.141111841336325, 9.077073495178652 ], [ 80.140465830505576, 9.077157974980707 ], [ 80.139352537677865, 9.076913529074243 ], [ 80.138440980583937, 9.076911950316477 ], [ 80.137795818743214, 9.0774101390331 ], [ 80.137449779875269, 9.078308290203898 ], [ 80.136665069401104, 9.07981730841537 ], [ 80.13630710343925, 9.080834503183757 ], [ 80.135654856388342, 9.080300438142592 ], [ 80.135310168904113, 9.082585379457173 ], [ 80.134667076870798, 9.083676747753538 ], [ 80.133933029396317, 9.084403793473188 ], [ 80.132283026655813, 9.085129234280849 ], [ 80.130266635473902, 9.085854023510885 ], [ 80.129806713006232, 9.086945704400234 ], [ 80.129620117443764, 9.08885723281162 ], [ 80.129891339208939, 9.090860607375362 ], [ 80.130163536634669, 9.092317737998172 ], [ 80.129977585891936, 9.093865104429462 ], [ 80.129335105189838, 9.094592299581977 ], [ 80.12841880350274, 9.094772766177822 ], [ 80.127228848561828, 9.094315460966406 ], [ 80.126222091894789, 9.093858477241561 ], [ 80.1258553754639, 9.09403990969102 ], [ 80.12530432099085, 9.094858298962897 ], [ 80.125760676405804, 9.0957695139503 ], [ 80.125851621461152, 9.096133838309408 ], [ 80.12603351205243, 9.096862486072103 ], [ 80.125482616553271, 9.097589834702625 ], [ 80.125022826029195, 9.098590467222065 ], [ 80.122916223262337, 9.098495683284025 ], [ 80.121908311675924, 9.098675969527962 ], [ 80.121355759924924, 9.100313714439704 ], [ 80.120254432377607, 9.101495273925659 ], [ 80.120528406087544, 9.101950967068749 ], [ 80.121004002419042, 9.102373774780965 ], [ 80.121783872614969, 9.102413925574263 ], [ 80.1220167357245, 9.103034487345116 ], [ 80.121976479283589, 9.103732080017021 ], [ 80.121714922811407, 9.104320140244953 ], [ 80.120704359062714, 9.105957066328655 ], [ 80.119788212016132, 9.106169995881629 ], [ 80.118696564096297, 9.106013004599218 ], [ 80.117641941753362, 9.106941329835097 ], [ 80.117328550859597, 9.107715948478754 ], [ 80.116944271273354, 9.108408418644688 ], [ 80.116702259709783, 9.108993872920918 ], [ 80.116350926414057, 9.109187036337122 ], [ 80.115726679099424, 9.109340948891369 ], [ 80.115725618722976, 9.109922333590749 ], [ 80.115257079570057, 9.110231561420127 ], [ 80.1143587114817, 9.111005122447679 ], [ 80.114475138170192, 9.111315404868224 ], [ 80.114279156015982, 9.111857678471798 ], [ 80.113965399426718, 9.112826087095881 ], [ 80.113380071988217, 9.113018824321632 ], [ 80.112638467668944, 9.113366314099702 ], [ 80.112403269216202, 9.114024792023661 ], [ 80.112675049832717, 9.114684188182769 ], [ 80.112352375073755, 9.11486399930468 ], [ 80.111582170906857, 9.11518607469327 ], [ 80.111074051380811, 9.115805297367132 ], [ 80.110878346361716, 9.116192532577104 ], [ 80.110643499935122, 9.116657214278451 ], [ 80.110408652868841, 9.117121895773295 ], [ 80.110214016532197, 9.116927746685665 ], [ 80.109746176624711, 9.116849378047363 ], [ 80.109315907410036, 9.117546257195905 ], [ 80.108964133054641, 9.117971964890296 ], [ 80.10818315722274, 9.118513167018245 ], [ 80.107480177242209, 9.119054510628906 ], [ 80.10697125713051, 9.120100074154827 ], [ 80.107515449557951, 9.121070043031057 ], [ 80.10837185293957, 9.121924304378915 ], [ 80.108527205492621, 9.122273419165422 ], [ 80.108409420249174, 9.122699553430513 ], [ 80.107511937448749, 9.122969227877579 ], [ 80.10790035352403, 9.123822634384794 ], [ 80.108094490578878, 9.124288096677432 ], [ 80.107479603895683, 9.124505403692631 ], [ 80.106650724707947, 9.124711807272108 ], [ 80.105830371660289, 9.12544672674901 ], [ 80.105355222909864, 9.125445856035748 ], [ 80.105283867332318, 9.126119228229916 ], [ 80.10542757655881, 9.127059105631796 ], [ 80.10542596660197, 9.127926438583305 ], [ 80.105351897753238, 9.128649082652087 ], [ 80.104987725205362, 9.128937526576044 ], [ 80.104551362333183, 9.128936725654047 ], [ 80.104115671731137, 9.128574535600311 ], [ 80.103679982929691, 9.128212345081639 ], [ 80.103097896909532, 9.128355830474696 ], [ 80.102660591756646, 9.128860971238305 ], [ 80.102297226480502, 9.129524125433502 ], [ 80.101772745460309, 9.130406482262098 ], [ 80.100673241735819, 9.131235815936867 ], [ 80.099818821492221, 9.13174684292107 ], [ 80.099652303840031, 9.131987350589881 ], [ 80.099730047361177, 9.13235121572059 ], [ 80.100326563319925, 9.132470561622549 ], [ 80.101853037501158, 9.132907047429644 ], [ 80.102369059386874, 9.13305755099926 ], [ 80.102786602771999, 9.13344802106408 ], [ 80.102889522908157, 9.134331534104952 ], [ 80.10265308189652, 9.13495462057063 ], [ 80.102312461055945, 9.135369672916966 ], [ 80.101847908066134, 9.135653597834965 ], [ 80.101120218024832, 9.135869088359705 ], [ 80.100377076132503, 9.135833741204443 ], [ 80.099828775365083, 9.135469005802832 ], [ 80.098784167175253, 9.134895511265448 ], [ 80.097974597020624, 9.134452349302473 ], [ 80.097050007349253, 9.134488270368905 ], [ 80.096536009022032, 9.134865358064641 ], [ 80.096612140983723, 9.135282511962181 ], [ 80.096508252820186, 9.135722647679669 ], [ 80.096716410228026, 9.136242635107017 ], [ 80.097335891023235, 9.137163080731179 ], [ 80.098134004910094, 9.138176452258058 ], [ 80.098463683544807, 9.138506144650178 ], [ 80.098568478465438, 9.139189148997438 ], [ 80.09840803181028, 9.140298665652397 ], [ 80.096784956684459, 9.141490732653338 ], [ 80.095218028659957, 9.141784919817358 ], [ 80.094562260885766, 9.141798352254906 ], [ 80.09411847820401, 9.141459783315117 ], [ 80.093910125245358, 9.141131979209561 ], [ 80.093205166347374, 9.140574756223984 ], [ 80.0928399605978, 9.140158393164628 ], [ 80.091978841470251, 9.139325420437405 ], [ 80.091351279781989, 9.139402184258211 ], [ 80.091585115694315, 9.139898907579186 ], [ 80.091975047813591, 9.141325873850171 ], [ 80.092156221937316, 9.142287474932369 ], [ 80.092128798311975, 9.14296290343651 ], [ 80.091761373197514, 9.143715636248094 ], [ 80.09092231489025, 9.144234328695068 ], [ 80.090191337250161, 9.144492090503039 ], [ 80.089589542300672, 9.144155107140893 ], [ 80.089624450959704, 9.144747370901488 ], [ 80.089443180297408, 9.145125818168433 ], [ 80.089208196598207, 9.145752678202236 ], [ 80.088996767981115, 9.146286649112044 ], [ 80.088667601572979, 9.14726183182451 ], [ 80.088526486112954, 9.147703000605379 ], [ 80.088572534890815, 9.148074822022595 ], [ 80.088618761005662, 9.148353709649628 ], [ 80.089015939627558, 9.148493858357449 ], [ 80.08929693199056, 9.148262053301693 ], [ 80.089554853908496, 9.147867570539761 ], [ 80.090092351319882, 9.147984747773055 ], [ 80.090208538694199, 9.148356700927707 ], [ 80.090441667332726, 9.148705640472508 ], [ 80.090859619754454, 9.150216598021014 ], [ 80.090808935111511, 9.15047845715033 ], [ 80.091022037596304, 9.150867438439523 ], [ 80.09132596744648, 9.150868008980501 ], [ 80.091583624512339, 9.150612925098701 ], [ 80.091794523882754, 9.150357753317818 ], [ 80.092122052966445, 9.150242199928057 ], [ 80.092496119699774, 9.150242900913311 ], [ 80.092963396437455, 9.150406410178975 ], [ 80.093687756199003, 9.150616866411713 ], [ 80.093896321926493, 9.151593060557495 ], [ 80.094059581485936, 9.151802466613523 ], [ 80.09455026289244, 9.152035843424215 ], [ 80.094923914607477, 9.152175815549066 ], [ 80.095360820340915, 9.152409447160551 ], [ 80.095734135465108, 9.152999287879716 ], [ 80.096113806381325, 9.153479108208382 ], [ 80.096978842329577, 9.1548000477732 ], [ 80.097091845533384, 9.15554870586999 ], [ 80.097319499079276, 9.156165015526556 ], [ 80.097767709047758, 9.156688402438004 ], [ 80.098596242648298, 9.157531723539323 ], [ 80.098840595397448, 9.158061169016976 ], [ 80.099003467459596, 9.158479674317016 ], [ 80.099166427241258, 9.158851712142621 ], [ 80.099341321853984, 9.159548600289249 ], [ 80.099304696354181, 9.159920706936589 ], [ 80.099371067339376, 9.160323845742925 ], [ 80.09960736913493, 9.160595039180016 ], [ 80.10021221113827, 9.161038581087418 ], [ 80.100494236354947, 9.161433087910575 ], [ 80.100843628796326, 9.162130738350376 ], [ 80.101121967470959, 9.163316160730664 ], [ 80.101141617602906, 9.164606176490279 ], [ 80.100812574882056, 9.166219767520223 ], [ 80.100553341096003, 9.167311258165515 ], [ 80.100542695931324, 9.167829856415642 ], [ 80.100569353303214, 9.167828140028186 ], [ 80.101478925255677, 9.167769576067419 ], [ 80.102258669677809, 9.16795706513108 ], [ 80.103162476672168, 9.168547880688205 ], [ 80.103817756517586, 9.168549090776857 ], [ 80.104505167288266, 9.168054237012253 ], [ 80.104599473366662, 9.167682319202349 ], [ 80.105067413441404, 9.167745197106456 ], [ 80.10550357213684, 9.1681180920581 ], [ 80.106065009894564, 9.168243155534933 ], [ 80.106408597882535, 9.168057741500814 ], [ 80.106784197696527, 9.167438279392824 ], [ 80.10709727309127, 9.166880717585638 ], [ 80.107690085946487, 9.166912813089855 ], [ 80.108032923287055, 9.167130495279528 ], [ 80.108344903852583, 9.167162074631193 ], [ 80.109279463745963, 9.168000993506546 ], [ 80.109683963416913, 9.168621886531493 ], [ 80.110151676432494, 9.16880878797248 ], [ 80.110431593415441, 9.169305420293352 ], [ 80.110962633519577, 9.168996314899919 ], [ 80.111650036271982, 9.168501447836743 ] ] ] ] } },
{ "type": "Feature", "properties": { "OBJECTID_1": 87, "PROVINCE_N": "Northern", "DISTRICT_N": "Mannar", "DSD_N": "Manthai West", "GND_N": "Palikuli", "GND_C": "23", "TOTAL_POPU": 441, "EXIS_COVE": "Yes", "SUP_LEV": "24", "SCH_NAME": "Adampan Wss", "RWS_SCHE": "<Null>", "PROJ_DETAI": "<Null>", "WATER_SOUR": "Borehole", "PROJ_NAME": "<Null>", "COVER_PER": 100, "P_POP": 479, "GRO_RATE": 1.2, "COVE_2018": 100.0, "WATER_QUAL": "Non_complied", "COVE_2020": 100.0, "COVE_2025": 100.0, "COVE_2030": 100.0, "Shape_Leng": 9767.3968357600006, "Shape_Area": 5012575.5481599998, "OBJECTID_2": null, "OBJECTID_3": null, "OBJECTID": null, "EX_SCH_NAM": null, "RWS_Name": null, "SUP_LEVEL": null, "layer": "Sche_Mannar", "path": "C:/Users/MB/Downloads/New folder (2)/Sem 05/Advanced GIS and Remote Sensing for Planning/WEB MAP/pipebornewatermaps (2)/Shape Files/Shape Files/WSS Shape Files/Sche_Mannar.shx|layername=Sche_Mannar" }, "geometry": { "type": "MultiPolygon", "coordinates": [ [ [ [ 79.995527075637696, 8.929438543359691 ], [ 79.995710229789466, 8.92947941697447 ], [ 79.998321865712654, 8.92869840931774 ], [ 80.00069787446526, 8.927130430852406 ], [ 80.002758821965074, 8.924932615333978 ], [ 80.005213713455618, 8.923443414411343 ], [ 80.008302929405886, 8.921169037524431 ], [ 80.010046631242432, 8.919363753747632 ], [ 80.011078523915117, 8.917557004209904 ], [ 80.011160541034457, 8.916141540098382 ], [ 80.011118931398485, 8.915632359522172 ], [ 80.011103807345705, 8.915447275704066 ], [ 80.011083406035993, 8.915197627001605 ], [ 80.010926858487764, 8.914410843945925 ], [ 80.010296114373489, 8.913465798510472 ], [ 80.008557994909793, 8.912597126746423 ], [ 80.006263494821354, 8.91306428734616 ], [ 80.00444187001051, 8.914318871872853 ], [ 80.003174173869965, 8.91541729963383 ], [ 80.003116785252416, 8.915398027368706 ], [ 80.002392625458356, 8.915154841650843 ], [ 80.00217480040925, 8.915081691353103 ], [ 80.002161982508412, 8.915034570097461 ], [ 80.001658439675126, 8.913183373199919 ], [ 80.001634825614076, 8.912074266906068 ], [ 80.001595274259273, 8.910216634473421 ], [ 80.002074726258769, 8.909646911315344 ], [ 80.00252244402121, 8.90908422935337 ], [ 80.004042498819004, 8.906471383295882 ], [ 80.005110455726822, 8.904635628989473 ], [ 80.005124042248411, 8.904376183143007 ], [ 80.005252626289916, 8.901920722508468 ], [ 80.0052456358885, 8.901768084724807 ], [ 80.005186176098107, 8.901077587431631 ], [ 80.005102462634028, 8.900105424420827 ], [ 80.005093753056471, 8.900004288355941 ], [ 80.00508970678068, 8.899957291019875 ], [ 80.005085608105375, 8.899909696832665 ], [ 80.003891395585555, 8.899258569541136 ], [ 80.003883004110676, 8.899267987109843 ], [ 80.00303839543173, 8.900215935868571 ], [ 80.0029032171214, 8.900263068032384 ], [ 80.002505546814191, 8.900401720973639 ], [ 80.001477943783556, 8.900691397715011 ], [ 80.000723384172574, 8.901376374924252 ], [ 79.998498496242817, 8.904275281981342 ], [ 79.997745983757042, 8.905392713363758 ], [ 79.996989480838494, 8.906516061202867 ], [ 79.996449928756306, 8.907124331189696 ], [ 79.995336434818711, 8.908226997922243 ], [ 79.993934676333353, 8.909879410118384 ], [ 79.992933531705106, 8.911002946716717 ], [ 79.992392345776622, 8.911441379043143 ], [ 79.992199841616056, 8.911597331744725 ], [ 79.990736968437503, 8.911729560269972 ], [ 79.98786923602799, 8.91238130356713 ], [ 79.985595730272706, 8.913129583547059 ], [ 79.983019297006948, 8.913877207297011 ], [ 79.982874549885807, 8.915561058882139 ], [ 79.983015742934171, 8.915533973522917 ], [ 79.983313172646163, 8.918095072590779 ], [ 79.982849085438986, 8.922612560796612 ], [ 79.982843585835553, 8.925173016074128 ], [ 79.982988255558894, 8.928336253546128 ], [ 79.983133249970095, 8.931348874351043 ], [ 79.982734713265216, 8.931673814358321 ], [ 79.982971818901831, 8.931733293375204 ], [ 79.986055674784083, 8.932054417876207 ], [ 79.987640512647886, 8.930642146414502 ], [ 79.989143062227441, 8.930723963356439 ], [ 79.990646448996458, 8.930412546784881 ], [ 79.991201419681872, 8.929784547339782 ], [ 79.992546954986807, 8.929315498867062 ], [ 79.993655384537604, 8.928767303335929 ], [ 79.994998750263278, 8.92932063707433 ], [ 79.995527075637696, 8.929438543359691 ] ] ] ] } },
{ "type": "Feature", "properties": { "OBJECTID_1": 88, "PROVINCE_N": "Northern", "DISTRICT_N": "Mannar", "DSD_N": "Manthai West", "GND_N": "Pallamadhu", "GND_C": "14", "TOTAL_POPU": 555, "EXIS_COVE": "Yes", "SUP_LEV": "24", "SCH_NAME": "Periyamadhu Wss", "RWS_SCHE": "<Null>", "PROJ_DETAI": "<Null>", "WATER_SOUR": "Borehole", "PROJ_NAME": "<Null>", "COVER_PER": 25, "P_POP": 603, "GRO_RATE": 1.2, "COVE_2018": 25.0, "WATER_QUAL": "Complied", "COVE_2020": 25.0, "COVE_2025": 25.0, "COVE_2030": 25.0, "Shape_Leng": 22838.298671500001, "Shape_Area": 23268507.6263, "OBJECTID_2": null, "OBJECTID_3": null, "OBJECTID": null, "EX_SCH_NAM": null, "RWS_Name": null, "SUP_LEVEL": null, "layer": "Sche_Mannar", "path": "C:/Users/MB/Downloads/New folder (2)/Sem 05/Advanced GIS and Remote Sensing for Planning/WEB MAP/pipebornewatermaps (2)/Shape Files/Shape Files/WSS Shape Files/Sche_Mannar.shx|layername=Sche_Mannar" }, "geometry": { "type": "MultiPolygon", "coordinates": [ [ [ [ 80.067071598880474, 9.019298327086151 ], [ 80.069204089736289, 9.019292897358349 ], [ 80.070778470860063, 9.01922476651457 ], [ 80.072425367940028, 9.01865880862435 ], [ 80.073424561797779, 9.020012306096984 ], [ 80.074784822549802, 9.019659203806164 ], [ 80.076501366993668, 9.020089274750097 ], [ 80.078147717947701, 9.019807836800254 ], [ 80.080079481229305, 9.019953750314961 ], [ 80.082370920988794, 9.01910441279135 ], [ 80.084158933549801, 9.019146125702244 ], [ 80.086021255794776, 9.018613280538887 ], [ 80.086879800444592, 9.018686017828408 ], [ 80.087309810802154, 9.018331133954998 ], [ 80.088954544989861, 9.01890328705171 ], [ 80.091101116425961, 9.018978404320345 ], [ 80.092316917851434, 9.01933633802596 ], [ 80.093248352933827, 9.018697825331854 ], [ 80.094679489149044, 9.018700463525034 ], [ 80.096682948970368, 9.018775284628537 ], [ 80.097763477171981, 9.017655275457011 ], [ 80.100335899302138, 9.016861271245597 ], [ 80.100596111427961, 9.016703837659296 ], [ 80.101625360514987, 9.016081114599601 ], [ 80.101771358119365, 9.01451636415576 ], [ 80.102848233372256, 9.01259762037229 ], [ 80.104281698657118, 9.01131975478965 ], [ 80.103855762720627, 9.009469414992216 ], [ 80.103286851260435, 9.007547677856483 ], [ 80.10207277692264, 9.006265002501692 ], [ 80.100355468894989, 9.006261874814744 ], [ 80.099927455302193, 9.005549721680099 ], [ 80.102363312525199, 9.003918003293554 ], [ 80.106014781220694, 9.002715289909393 ], [ 80.107672038427253, 9.002666658113272 ], [ 80.109893137352358, 9.001973738147864 ], [ 80.11246535859604, 9.000932972210824 ], [ 80.115856230667006, 8.999429033873563 ], [ 80.118428211018326, 8.998504376940049 ], [ 80.120182148380806, 8.997694410238179 ], [ 80.121586204982108, 8.996535356301106 ], [ 80.123224328638642, 8.995144401547552 ], [ 80.124044212608453, 8.993984308623686 ], [ 80.124807320985411, 8.993354340580169 ], [ 80.122499522517799, 8.985976004309599 ], [ 80.120842117247847, 8.978907386172425 ], [ 80.118916176372323, 8.978685101044352 ], [ 80.117135978026823, 8.97761225511141 ], [ 80.115694622099838, 8.977803059422468 ], [ 80.113635746769361, 8.978075600172513 ], [ 80.112232207654515, 8.979292210435798 ], [ 80.110214649432891, 8.981041036414316 ], [ 80.108685429215996, 8.98236655143744 ], [ 80.106006340497018, 8.983385491719377 ], [ 80.10023586335312, 8.985627313462738 ], [ 80.095083908782186, 8.987460669165797 ], [ 80.091576396552256, 8.990935001317876 ], [ 80.087663073589681, 8.991132514273859 ], [ 80.08725695228118, 8.988060484391593 ], [ 80.087677669136312, 8.983351974176802 ], [ 80.086442801565127, 8.982940179313376 ], [ 80.081913683379483, 8.98211273574948 ], [ 80.074235576728483, 8.981088870658498 ], [ 80.068280489191409, 8.984427203408849 ], [ 80.066114020654197, 8.98515340036551 ], [ 80.062708573934444, 8.986799728493152 ], [ 80.060309660569828, 8.987756073706089 ], [ 80.057911264256717, 8.988443332710222 ], [ 80.055164597533235, 8.989283654392876 ], [ 80.053141247349984, 8.989640855302513 ], [ 80.053734934753507, 8.990875361170552 ], [ 80.054540286306306, 8.991759587232847 ], [ 80.057197078771466, 8.995134896297857 ], [ 80.058644829540967, 8.997705435610541 ], [ 80.059366044566588, 9.000354807007552 ], [ 80.059117942004988, 9.003403512313422 ], [ 80.059598916035981, 9.00508951766311 ], [ 80.061046249245365, 9.00790077466066 ], [ 80.063544440931679, 9.009911633185427 ], [ 80.064429164448356, 9.011518169898119 ], [ 80.065391805051661, 9.014569206401051 ], [ 80.065869701689081, 9.01786003511755 ], [ 80.067158498159628, 9.019226617223275 ], [ 80.067071598880474, 9.019298327086151 ] ] ] ] } },
{ "type": "Feature", "properties": { "OBJECTID_1": 89, "PROVINCE_N": "Northern", "DISTRICT_N": "Mannar", "DSD_N": "Manthai West", "GND_N": "Pappamoddai", "GND_C": "18", "TOTAL_POPU": 291, "EXIS_COVE": "Yes", "SUP_LEV": "24", "SCH_NAME": "Adampan Wss", "RWS_SCHE": "<Null>", "PROJ_DETAI": "<Null>", "WATER_SOUR": "Borehole", "PROJ_NAME": "<Null>", "COVER_PER": 100, "P_POP": 316, "GRO_RATE": 1.2, "COVE_2018": 100.0, "WATER_QUAL": "Non_complied", "COVE_2020": 100.0, "COVE_2025": 100.0, "COVE_2030": 100.0, "Shape_Leng": 23545.2554299, "Shape_Area": 22957369.097899999, "OBJECTID_2": null, "OBJECTID_3": null, "OBJECTID": null, "EX_SCH_NAM": null, "RWS_Name": null, "SUP_LEVEL": null, "layer": "Sche_Mannar", "path": "C:/Users/MB/Downloads/New folder (2)/Sem 05/Advanced GIS and Remote Sensing for Planning/WEB MAP/pipebornewatermaps (2)/Shape Files/Shape Files/WSS Shape Files/Sche_Mannar.shx|layername=Sche_Mannar" }, "geometry": { "type": "MultiPolygon", "coordinates": [ [ [ [ 80.017062863963659, 9.011267703530383 ], [ 80.017307204995518, 9.011287809347712 ], [ 80.017727283873469, 9.011567468865811 ], [ 80.018217135723404, 9.012009903677086 ], [ 80.018916404034428, 9.012894198753308 ], [ 80.019266328393357, 9.013196947208339 ], [ 80.019803309413746, 9.013453610587336 ], [ 80.020200455140795, 9.01352412156241 ], [ 80.020878281513518, 9.01347903941393 ], [ 80.021883335096135, 9.013411390003546 ], [ 80.022654449394523, 9.013459427297782 ], [ 80.023238460407541, 9.013576781808689 ], [ 80.024312476844401, 9.014066864618908 ], [ 80.024872690039402, 9.014393268566254 ], [ 80.025374142981804, 9.014490000230992 ], [ 80.026186417647054, 9.014294918736349 ], [ 80.026241579763152, 9.014248707958556 ], [ 80.026450555757052, 9.014073643953504 ], [ 80.027165730783508, 9.01285055582156 ], [ 80.032349370508314, 9.008605170188824 ], [ 80.034036942609731, 9.006921417639292 ], [ 80.035145602518455, 9.005863332446673 ], [ 80.038629762693517, 9.002243311903145 ], [ 80.039444013091838, 9.001091782703288 ], [ 80.040180467390897, 9.000170725892488 ], [ 80.039447955532779, 8.999131435072909 ], [ 80.039450042344001, 8.998093604580836 ], [ 80.039723154943559, 8.996864121826258 ], [ 80.039301651231781, 8.994979805485707 ], [ 80.039265615721661, 8.993672830484686 ], [ 80.039614812918018, 8.993058510849869 ], [ 80.040349707019686, 8.992906215440943 ], [ 80.041006349765809, 8.993215024671915 ], [ 80.041932477149047, 8.994100941438134 ], [ 80.042858455253068, 8.99506373293465 ], [ 80.043803619294238, 8.995458931763482 ], [ 80.045139627252027, 8.995029798173583 ], [ 80.046558075997311, 8.994043918792164 ], [ 80.048409293657599, 8.994468427981412 ], [ 80.049239087509065, 8.994422841844207 ], [ 80.050168284327398, 8.993771208658227 ], [ 80.050904697845752, 8.992850126734387 ], [ 80.051176703207972, 8.992158766432464 ], [ 80.051294894218358, 8.991044283462486 ], [ 80.05207056673035, 8.989372514755566 ], [ 80.050026458771598, 8.988781840379216 ], [ 80.048010342747716, 8.987975473750424 ], [ 80.046558075359385, 8.987731897073058 ], [ 80.045671406742599, 8.987168461544643 ], [ 80.045025725649182, 8.986759244031184 ], [ 80.043821794801929, 8.986357615294001 ], [ 80.041389724049026, 8.985353238959789 ], [ 80.039117150675494, 8.983980901177119 ], [ 80.036844807050102, 8.982503333233581 ], [ 80.035100769480792, 8.981447678490291 ], [ 80.032618083268787, 8.979338361354548 ], [ 80.031192835411758, 8.9776520206598 ], [ 80.029874494427034, 8.97543980233111 ], [ 80.028582918556523, 8.973140668645968 ], [ 80.027569447515091, 8.973138628754537 ], [ 80.025406003389435, 8.972057658122178 ], [ 80.023094961554449, 8.97255539938393 ], [ 80.022300451695784, 8.97276910995984 ], [ 80.021651644460889, 8.972337150122074 ], [ 80.021075026578288, 8.97190533681839 ], [ 80.020425631046493, 8.97176046960436 ], [ 80.019992209288574, 8.971903135532902 ], [ 80.018909983939864, 8.971613837528796 ], [ 80.018550229420384, 8.971038914970983 ], [ 80.017829835039734, 8.970319708377378 ], [ 80.016819359854821, 8.970245872073267 ], [ 80.015737588115911, 8.969741245338334 ], [ 80.014870745568018, 8.970026565782232 ], [ 80.014075196992025, 8.970742671938847 ], [ 80.014002711842878, 8.970886070554192 ], [ 80.012629807371042, 8.971529216253037 ], [ 80.010824819034568, 8.971669051097271 ], [ 80.009237441393594, 8.971306910457354 ], [ 80.008013104713513, 8.969940684405749 ], [ 80.007651868728658, 8.97008348481153 ], [ 80.00793881686522, 8.970945361057401 ], [ 80.00772045350304, 8.971806191819061 ], [ 80.006852849768336, 8.972450359315884 ], [ 80.00620391410088, 8.972090147980845 ], [ 80.005556031708608, 8.971227522547139 ], [ 80.005052678210362, 8.970293422565467 ], [ 80.004332916922422, 8.969287100257723 ], [ 80.003539764766586, 8.968854811953687 ], [ 80.002819406342084, 8.968135579736597 ], [ 80.002120715509051, 8.966408750467002 ], [ 80.001708878885125, 8.965780289080106 ], [ 80.000997808966218, 8.965550587774473 ], [ 80.000514731807769, 8.965618707510243 ], [ 79.999710574475984, 8.96642654753906 ], [ 79.999480246140905, 8.966802629579682 ], [ 79.998922993205056, 8.967337946437359 ], [ 79.997766792593922, 8.967909714647323 ], [ 79.997708445973174, 8.967866870417591 ], [ 79.997319590546255, 8.968235892884739 ], [ 79.997191822482421, 8.968954516941871 ], [ 79.996680034990348, 8.969773545597686 ], [ 79.996462103512727, 8.970419048545242 ], [ 79.996671425251719, 8.970813414545152 ], [ 79.997761621685271, 8.970861342742456 ], [ 79.998699752892165, 8.970495509151284 ], [ 79.999437736244104, 8.970625219196762 ], [ 79.999854140283446, 8.970785015535881 ], [ 80.000734105054377, 8.970867556133301 ], [ 80.001721661391869, 8.970607163230126 ], [ 80.001720867712393, 8.970983723828379 ], [ 80.002018547644141, 8.971363718148709 ], [ 80.002451067126486, 8.971651712503702 ], [ 80.002464695913758, 8.972012261698303 ], [ 80.002004276576898, 8.972650318837442 ], [ 80.001900503885395, 8.972878322417591 ], [ 80.001808063898991, 8.973174814688392 ], [ 80.001888112749043, 8.973311913537056 ], [ 80.002025306167113, 8.973563240865708 ], [ 80.002128069091114, 8.973814497336708 ], [ 80.002081463827565, 8.974145318149555 ], [ 80.002091979068283, 8.974601779594304 ], [ 80.002367135627594, 8.974739284813747 ], [ 80.002152335262181, 8.976388137489518 ], [ 80.001064357707648, 8.978826164743298 ], [ 79.999399609989183, 8.980904114290006 ], [ 79.997371000427449, 8.984344984860297 ], [ 79.99498200907253, 8.987497987938491 ], [ 79.993243461710293, 8.990293479263384 ], [ 79.992083647574432, 8.99251599867651 ], [ 79.9915726878166, 8.993085051697998 ], [ 79.991541460298777, 8.993059880105932 ], [ 79.991518504455613, 8.993107546188321 ], [ 79.99135226609927, 8.993456823373499 ], [ 79.99118582824353, 8.99389864781921 ], [ 79.991133341184536, 8.994258448565612 ], [ 79.991205501540662, 8.994371716735284 ], [ 79.991349931598521, 8.99454683702983 ], [ 79.991546275194196, 8.994629518461629 ], [ 79.991773847416297, 8.994619716267987 ], [ 79.99190850632688, 8.994527452465983 ], [ 79.992095123309937, 8.994322183111404 ], [ 79.992209118330862, 8.994219592588962 ], [ 79.992633209933203, 8.994210206264979 ], [ 79.992870839013406, 8.994334106723992 ], [ 79.993129132918867, 8.994468333582704 ], [ 79.993418323815462, 8.994664325577352 ], [ 79.993461101711162, 8.994680376850036 ], [ 79.993482090727781, 8.994672974589987 ], [ 79.993785585802968, 8.994813014298536 ], [ 79.994276030454969, 8.994953447236353 ], [ 79.994766474625081, 8.995093880454712 ], [ 79.995267687450422, 8.995664148656576 ], [ 79.995453498514038, 8.99619890253871 ], [ 79.99568624540251, 8.99664082215792 ], [ 79.995896217946125, 8.996803896401065 ], [ 79.99615312594139, 8.996874136273195 ], [ 79.996620304661619, 8.996968052240828 ], [ 79.997204080177042, 8.997178377917342 ], [ 79.997553920429155, 8.997504377444793 ], [ 79.99788009728276, 8.997969724350034 ], [ 79.998112848194921, 8.998411642738484 ], [ 79.99843951984775, 8.998644659833595 ], [ 79.998696627017139, 8.998621966301609 ], [ 79.998977005295828, 8.998645787491727 ], [ 79.999140144319611, 8.998855228858904 ], [ 79.999560538784721, 8.998972275401151 ], [ 79.999864630078775, 8.998833513363936 ], [ 80.000285665533497, 8.998648529815705 ], [ 80.000799682211891, 8.998696072697099 ], [ 80.001453275985853, 8.999045936494305 ], [ 80.002013197306013, 8.999488537599566 ], [ 80.002549555696049, 9.000024021021048 ], [ 80.003179538630789, 9.000489999008506 ], [ 80.00390290209576, 9.001002637743508 ], [ 80.004043359883354, 9.001162902889718 ], [ 80.004658311947708, 9.001506235335137 ], [ 80.004696325802868, 9.001538653281429 ], [ 80.005256500549237, 9.001865084268188 ], [ 80.006049928266663, 9.002401098092568 ], [ 80.007076220041341, 9.003332558201373 ], [ 80.008148672446879, 9.004542908624284 ], [ 80.008698142496883, 9.005242869501489 ], [ 80.008832008918105, 9.005481089886565 ], [ 80.009721944406564, 9.006532606524738 ], [ 80.010281353645283, 9.007230760543091 ], [ 80.010817298326316, 9.007975331550295 ], [ 80.011423450850316, 9.008673579856723 ], [ 80.012052537629515, 9.009580973499574 ], [ 80.012518671280759, 9.010185998851728 ], [ 80.012682016261664, 9.010302502242357 ], [ 80.013032465751493, 9.010349691152717 ], [ 80.013289485213875, 9.010373454076579 ], [ 80.013475715819169, 9.010722336302782 ], [ 80.013732009238154, 9.011094595902087 ], [ 80.014082362897156, 9.011188249908109 ], [ 80.014526534231379, 9.011119464875824 ], [ 80.014713347671005, 9.01118954860492 ], [ 80.014853228345643, 9.011352469072769 ], [ 80.015250225416793, 9.011492685090314 ], [ 80.015691860846772, 9.011528722774882 ], [ 80.01616848308926, 9.011400546233814 ], [ 80.016629304026324, 9.01129374968458 ], [ 80.016990939308101, 9.011272025237682 ], [ 80.017003445856176, 9.011263953292568 ], [ 80.017062863963659, 9.011267703530383 ] ] ] ] } },
{ "type": "Feature", "properties": { "OBJECTID_1": 92, "PROVINCE_N": "Northern", "DISTRICT_N": "Mannar", "DSD_N": "Manthai West", "GND_N": "Periyamadhu East", "GND_C": "17", "TOTAL_POPU": 246, "EXIS_COVE": "Yes", "SUP_LEV": "24", "SCH_NAME": "Periyamadhu Wss", "RWS_SCHE": "<Null>", "PROJ_DETAI": "<Null>", "WATER_SOUR": "Borehole", "PROJ_NAME": "<Null>", "COVER_PER": 25, "P_POP": 267, "GRO_RATE": 1.2, "COVE_2018": 25.0, "WATER_QUAL": "Complied", "COVE_2020": 25.0, "COVE_2025": 25.0, "COVE_2030": 25.0, "Shape_Leng": 26514.943860200001, "Shape_Area": 26068744.3587, "OBJECTID_2": null, "OBJECTID_3": null, "OBJECTID": null, "EX_SCH_NAM": null, "RWS_Name": null, "SUP_LEVEL": null, "layer": "Sche_Mannar", "path": "C:/Users/MB/Downloads/New folder (2)/Sem 05/Advanced GIS and Remote Sensing for Planning/WEB MAP/pipebornewatermaps (2)/Shape Files/Shape Files/WSS Shape Files/Sche_Mannar.shx|layername=Sche_Mannar" }, "geometry": { "type": "MultiPolygon", "coordinates": [ [ [ [ 80.150235827493105, 9.054491847133406 ], [ 80.152306388862343, 9.053529095408285 ], [ 80.153378976971339, 9.054411571437116 ], [ 80.153459245290861, 9.054668138493012 ], [ 80.154111449712502, 9.054464618397013 ], [ 80.156137446072137, 9.054003462360406 ], [ 80.15769503439418, 9.054160932425591 ], [ 80.159404478298214, 9.056641484923711 ], [ 80.16111708163713, 9.057263767538691 ], [ 80.162989386276294, 9.05556347165923 ], [ 80.162836987444535, 9.05355009325015 ], [ 80.162841675880784, 9.050762696752335 ], [ 80.163778978753484, 9.049215695649544 ], [ 80.166738601697929, 9.049375448510864 ], [ 80.170164034693045, 9.050465079555854 ], [ 80.171563009183586, 9.052325646971962 ], [ 80.174209816282442, 9.05325911006782 ], [ 80.176232221439136, 9.054965820915067 ], [ 80.179970326725055, 9.055436447558094 ], [ 80.182774985721792, 9.055131256908735 ], [ 80.183867501849903, 9.053894161416554 ], [ 80.18464818791287, 9.052811418902998 ], [ 80.184337120812359, 9.052501207518215 ], [ 80.183713980232213, 9.052500207854646 ], [ 80.182779773384652, 9.052188994519289 ], [ 80.182780781107127, 9.051569570797875 ], [ 80.183872279967702, 9.050951898248707 ], [ 80.185743197727561, 9.050025756596202 ], [ 80.188858631903031, 9.050185581825401 ], [ 80.19197654984518, 9.048796819591484 ], [ 80.19509617179601, 9.046324034126677 ], [ 80.194838604225112, 9.045551854485188 ], [ 80.195222144619038, 9.045899558295535 ], [ 80.195672283261629, 9.045467693846222 ], [ 80.195673297216274, 9.045466699933815 ], [ 80.194064600565071, 9.041808129383391 ], [ 80.193368511146474, 9.04039948711949 ], [ 80.192604325511496, 9.038178116291322 ], [ 80.190898775654716, 9.033220255931225 ], [ 80.189305011415428, 9.02977713074517 ], [ 80.188693336192969, 9.028455664401083 ], [ 80.186995993950532, 9.023985268202885 ], [ 80.184274093956574, 9.016882308798309 ], [ 80.182073003040685, 9.010771496740425 ], [ 80.181111604269915, 9.008852208060503 ], [ 80.179279836911647, 9.0038041102968 ], [ 80.17803643122771, 9.000476905278941 ], [ 80.177580841688879, 8.999257787527171 ], [ 80.177270365255467, 8.998141205384036 ], [ 80.176471838461353, 8.995706499869874 ], [ 80.176148486644379, 8.995006926877467 ], [ 80.176089665025842, 8.994682289070555 ], [ 80.17614942377476, 8.994358513761313 ], [ 80.176149547646602, 8.994357843962167 ], [ 80.176268829473813, 8.994003990399014 ], [ 80.176566407883954, 8.993502906350896 ], [ 80.176804008331089, 8.993385275014743 ], [ 80.178258027808795, 8.993446625475791 ], [ 80.1789291818572, 8.993152666715153 ], [ 80.17952381148568, 8.992469133970088 ], [ 80.180189545799763, 8.991856523485231 ], [ 80.180617219765949, 8.991644781389569 ], [ 80.180952876073576, 8.991539990980769 ], [ 80.181068520628443, 8.991503885931543 ], [ 80.181424935533045, 8.991315633305012 ], [ 80.181663181784899, 8.9907967464954 ], [ 80.181731689229977, 8.990623508733911 ], [ 80.181877725285219, 8.99025421875494 ], [ 80.182187152525387, 8.989759049043277 ], [ 80.182900625495904, 8.988981286857481 ], [ 80.183708712308743, 8.988416101094263 ], [ 80.185086832609386, 8.987686599650868 ], [ 80.185701447020961, 8.987392808803222 ], [ 80.186120332725068, 8.987192576850596 ], [ 80.187427374347692, 8.986368541847709 ], [ 80.188354151272947, 8.985803532966342 ], [ 80.188924972792179, 8.985143547239591 ], [ 80.189496055937852, 8.984318340046228 ], [ 80.189817222449747, 8.983541319680745 ], [ 80.189817791222652, 8.983539943503448 ], [ 80.189797274153051, 8.982480155412436 ], [ 80.18979585759466, 8.98240695938137 ], [ 80.189820030298847, 8.979950108927419 ], [ 80.189824190048981, 8.979527424177089 ], [ 80.189714043653098, 8.979311607772877 ], [ 80.189350124691657, 8.978812439919519 ], [ 80.188829302054401, 8.978156874020881 ], [ 80.187678718316747, 8.97765938987459 ], [ 80.186302156752788, 8.977444781936143 ], [ 80.185827551609876, 8.977326013259427 ], [ 80.185044294993233, 8.977230357547446 ], [ 80.184474543278341, 8.977229452011054 ], [ 80.183595720589011, 8.977511291150247 ], [ 80.182598195940884, 8.977792938762075 ], [ 80.181600976986601, 8.977885758754791 ], [ 80.180770087393881, 8.977884430043053 ], [ 80.180236595265214, 8.977482323470822 ], [ 80.179762414457826, 8.977103914084097 ], [ 80.179478878594495, 8.976277351838247 ], [ 80.179361151253545, 8.975734707820205 ], [ 80.179361060988668, 8.975734290846631 ], [ 80.179480218551802, 8.975451246282233 ], [ 80.179693997715972, 8.975027854877933 ], [ 80.179694493790436, 8.974721871644782 ], [ 80.179671098986773, 8.97450940604652 ], [ 80.178461536129376, 8.973799371995749 ], [ 80.177275755647287, 8.97306576970526 ], [ 80.177088914060761, 8.971177220429226 ], [ 80.176227431879525, 8.968107429506453 ], [ 80.175969110489703, 8.966383986064711 ], [ 80.176101674733999, 8.9651568377383 ], [ 80.176557093000724, 8.962466816719404 ], [ 80.176701790956812, 8.961074465634471 ], [ 80.176702303400234, 8.961073062260486 ], [ 80.176702361601372, 8.96107250266404 ], [ 80.177170169592131, 8.959791322058104 ], [ 80.175318114993658, 8.961056916186289 ], [ 80.170141749878212, 8.965876007684724 ], [ 80.165278752523207, 8.970539806505442 ], [ 80.162126016990698, 8.982681139514044 ], [ 80.157088196656503, 8.997933770582403 ], [ 80.154556960317791, 9.012723335553154 ], [ 80.151092783701714, 9.023306736508697 ], [ 80.148103421776625, 9.030932141278756 ], [ 80.144487318304826, 9.038556439333211 ], [ 80.139873926682554, 9.044649179596565 ], [ 80.140011164140432, 9.047769707707799 ], [ 80.141981843820162, 9.050189263592735 ], [ 80.142739057660293, 9.051549657676487 ], [ 80.143040265994415, 9.053060277941468 ], [ 80.144554455262551, 9.055932069834602 ], [ 80.145710703616174, 9.057009214054117 ], [ 80.146829619137463, 9.0573107109671 ], [ 80.148682611485555, 9.056372314970062 ], [ 80.149545405201977, 9.055389429774801 ], [ 80.150235827493105, 9.054491847133406 ] ] ] ] } },
{ "type": "Feature", "properties": { "OBJECTID_1": 93, "PROVINCE_N": "Northern", "DISTRICT_N": "Mannar", "DSD_N": "Manthai West", "GND_N": "Periyamadhu West", "GND_C": "16", "TOTAL_POPU": 193, "EXIS_COVE": "Yes", "SUP_LEV": "24", "SCH_NAME": "Periyamadhu Wss", "RWS_SCHE": "<Null>", "PROJ_DETAI": "<Null>", "WATER_SOUR": "Borehole", "PROJ_NAME": "<Null>", "COVER_PER": 25, "P_POP": 210, "GRO_RATE": 1.2, "COVE_2018": 25.0, "WATER_QUAL": "Complied", "COVE_2020": 25.0, "COVE_2025": 25.0, "COVE_2030": 25.0, "Shape_Leng": 20868.585561600001, "Shape_Area": 18590244.912799999, "OBJECTID_2": null, "OBJECTID_3": null, "OBJECTID": null, "EX_SCH_NAM": null, "RWS_Name": null, "SUP_LEVEL": null, "layer": "Sche_Mannar", "path": "C:/Users/MB/Downloads/New folder (2)/Sem 05/Advanced GIS and Remote Sensing for Planning/WEB MAP/pipebornewatermaps (2)/Shape Files/Shape Files/WSS Shape Files/Sche_Mannar.shx|layername=Sche_Mannar" }, "geometry": { "type": "MultiPolygon", "coordinates": [ [ [ [ 80.174504640950218, 8.947686006438007 ], [ 80.174236238536309, 8.944996753837881 ], [ 80.174236045272494, 8.944994820379492 ], [ 80.175289307473079, 8.944977123125913 ], [ 80.175474212450169, 8.944974016407476 ], [ 80.175477822711144, 8.944861574170089 ], [ 80.174854867279734, 8.944860571399582 ], [ 80.173141739309273, 8.944857808380535 ], [ 80.16987147989984, 8.944697655076812 ], [ 80.169090749162407, 8.945935241196182 ], [ 80.167531570231219, 8.947016698945117 ], [ 80.164728772163087, 8.94670240443296 ], [ 80.160370656496823, 8.945146673298584 ], [ 80.160438621881937, 8.945395267408054 ], [ 80.155288180189103, 8.946820019079441 ], [ 80.151164192014875, 8.950089209915628 ], [ 80.147452680713542, 8.952949534719028 ], [ 80.14250449774687, 8.956421982764104 ], [ 80.141259256592122, 8.957510700302739 ], [ 80.143524611457806, 8.960449250824468 ], [ 80.14569999919118, 8.963395203356392 ], [ 80.146630767816873, 8.965564762593008 ], [ 80.149584686633148, 8.968666866973528 ], [ 80.144124987998296, 8.973613027921767 ], [ 80.141628442182864, 8.976241326946507 ], [ 80.140532025115775, 8.979801137930558 ], [ 80.141923374494937, 8.985842889582431 ], [ 80.143007788036428, 8.989251566108369 ], [ 80.143004048837795, 8.991419540288607 ], [ 80.140912170248342, 8.995465107882037 ], [ 80.138423301609052, 9.000278431340401 ], [ 80.136661654982689, 9.003605673473235 ], [ 80.13583068298216, 9.005175139654344 ], [ 80.13429285010389, 9.007354033769088 ], [ 80.130570707505299, 9.013776465401236 ], [ 80.13329839292102, 9.0215981051716 ], [ 80.135942592462769, 9.028886392308056 ], [ 80.136151850504504, 9.032811978624887 ], [ 80.136235030505304, 9.035380341641336 ], [ 80.136875421772004, 9.037563792719862 ], [ 80.137594549864474, 9.039761991415203 ], [ 80.139865044830856, 9.044447229626414 ], [ 80.139873926682554, 9.044649179596565 ], [ 80.144487318304826, 9.038556439333211 ], [ 80.148103421776625, 9.030932141278756 ], [ 80.151092783701714, 9.023306736508697 ], [ 80.154556960317791, 9.012723335553154 ], [ 80.157088196656503, 8.997933770582403 ], [ 80.162126016990698, 8.982681139514044 ], [ 80.165278752523207, 8.970539806505442 ], [ 80.170141749878212, 8.965876007684724 ], [ 80.175318114993658, 8.961056916186289 ], [ 80.177170169592131, 8.959791322058104 ], [ 80.177390184835104, 8.959188764430957 ], [ 80.177691804728468, 8.958242683285064 ], [ 80.177692111840884, 8.958241719917284 ], [ 80.177859314944627, 8.9576047063053 ], [ 80.177883704257837, 8.957203491808405 ], [ 80.177698025347468, 8.956374863965522 ], [ 80.177387575467606, 8.955739303399174 ], [ 80.176665978056647, 8.954251148399653 ], [ 80.176334526471862, 8.953707744011313 ], [ 80.175126807212322, 8.951911964942264 ], [ 80.174914203938997, 8.951274338703978 ], [ 80.174749231410274, 8.950542376010741 ], [ 80.174504640950218, 8.947686006438007 ] ] ] ] } },
{ "type": "Feature", "properties": { "OBJECTID_1": 94, "PROVINCE_N": "Northern", "DISTRICT_N": "Mannar", "DSD_N": "Manthai West", "GND_N": "Sornapuri", "GND_C": "25", "TOTAL_POPU": 660, "EXIS_COVE": "Yes", "SUP_LEV": "24", "SCH_NAME": "Adampan Wss", "RWS_SCHE": "<Null>", "PROJ_DETAI": "<Null>", "WATER_SOUR": "Borehole", "PROJ_NAME": "<Null>", "COVER_PER": 100, "P_POP": 717, "GRO_RATE": 1.2, "COVE_2018": 100.0, "WATER_QUAL": "Non_complied", "COVE_2020": 100.0, "COVE_2025": 100.0, "COVE_2030": 100.0, "Shape_Leng": 6828.3764951399999, "Shape_Area": 1826341.2832, "OBJECTID_2": null, "OBJECTID_3": null, "OBJECTID": null, "EX_SCH_NAM": null, "RWS_Name": null, "SUP_LEVEL": null, "layer": "Sche_Mannar", "path": "C:/Users/MB/Downloads/New folder (2)/Sem 05/Advanced GIS and Remote Sensing for Planning/WEB MAP/pipebornewatermaps (2)/Shape Files/Shape Files/WSS Shape Files/Sche_Mannar.shx|layername=Sche_Mannar" }, "geometry": { "type": "MultiPolygon", "coordinates": [ [ [ [ 79.990492980964277, 8.934042729797019 ], [ 79.990329244918371, 8.935165427298607 ], [ 79.990537624032072, 8.935314093684912 ], [ 79.99133823894158, 8.935885285003168 ], [ 79.992708596013117, 8.936390580081396 ], [ 79.994151137648345, 8.936896020826827 ], [ 79.995438650926332, 8.937438250007474 ], [ 79.99693996716249, 8.937712746372691 ], [ 79.998855260181301, 8.938939211144769 ], [ 80.001875277733134, 8.940507133074746 ], [ 80.001875566923417, 8.940369425629445 ], [ 80.001877411143511, 8.939491187796987 ], [ 80.001539920988193, 8.938023002864655 ], [ 80.001543477078087, 8.93632975970724 ], [ 80.002796020659318, 8.93452622436436 ], [ 80.0033641068446, 8.934301634873993 ], [ 80.003727968627814, 8.9340014006477 ], [ 80.004046424860505, 8.933738629745207 ], [ 80.006205238491674, 8.932840021850319 ], [ 80.007115064087486, 8.93205171303968 ], [ 80.009050805845931, 8.929233606655055 ], [ 80.011441767583648, 8.925852000914414 ], [ 80.014400978242833, 8.922132884188789 ], [ 80.017244060920788, 8.91965522418846 ], [ 80.020084565363746, 8.918419257178671 ], [ 80.023151858649712, 8.917296607897972 ], [ 80.024174438428417, 8.916847130499631 ], [ 80.02464940546939, 8.915795672668029 ], [ 80.024764919013549, 8.915539953488102 ], [ 80.023896073062659, 8.914987681320524 ], [ 80.020499484000723, 8.912936026352783 ], [ 80.01670750025842, 8.910883542618183 ], [ 80.015728153585414, 8.910260811877013 ], [ 80.01445914215526, 8.909489129638519 ], [ 80.013077532114551, 8.908550478190877 ], [ 80.012752852354055, 8.908194876312519 ], [ 80.011787515803817, 8.908795819685292 ], [ 80.01164888402127, 8.909457606540025 ], [ 80.011329287596254, 8.911029878520687 ], [ 80.011878669128791, 8.913075804180092 ], [ 80.011375401792577, 8.914111177203571 ], [ 80.011271482299847, 8.914622406474054 ], [ 80.011118931398485, 8.915632359522172 ], [ 80.011160541034457, 8.916141540098382 ], [ 80.011078523915117, 8.917557004209904 ], [ 80.010046631242432, 8.919363753747632 ], [ 80.008302929405886, 8.921169037524431 ], [ 80.005213713455618, 8.923443414411343 ], [ 80.002758821965074, 8.924932615333978 ], [ 80.00069787446526, 8.927130430852406 ], [ 79.998321865712654, 8.92869840931774 ], [ 79.995710229789466, 8.92947941697447 ], [ 79.995527075637696, 8.929438543359691 ], [ 79.993049076608429, 8.930691451940442 ], [ 79.991997471551272, 8.931364945207747 ], [ 79.991978102331913, 8.931390177375675 ], [ 79.990581871062602, 8.933433225702375 ], [ 79.990492980964277, 8.934042729797019 ] ] ] ] } },
{ "type": "Feature", "properties": { "OBJECTID_1": 95, "PROVINCE_N": "Northern", "DISTRICT_N": "Mannar", "DSD_N": "Manthai West", "GND_N": "Thevampiddy", "GND_C": "02", "TOTAL_POPU": 848, "EXIS_COVE": "Yes", "SUP_LEV": "24", "SCH_NAME": "Thevanpiddy Wss", "RWS_SCHE": "<Null>", "PROJ_DETAI": "<Null>", "WATER_SOUR": "Borehole", "PROJ_NAME": "<Null>", "COVER_PER": 100, "P_POP": 922, "GRO_RATE": 1.2, "COVE_2018": 100.0, "WATER_QUAL": "Complied", "COVE_2020": 100.0, "COVE_2025": 100.0, "COVE_2030": 100.0, "Shape_Leng": 10853.1296659, "Shape_Area": 6055546.7673399998, "OBJECTID_2": null, "OBJECTID_3": null, "OBJECTID": null, "EX_SCH_NAM": null, "RWS_Name": null, "SUP_LEVEL": null, "layer": "Sche_Mannar", "path": "C:/Users/MB/Downloads/New folder (2)/Sem 05/Advanced GIS and Remote Sensing for Planning/WEB MAP/pipebornewatermaps (2)/Shape Files/Shape Files/WSS Shape Files/Sche_Mannar.shx|layername=Sche_Mannar" }, "geometry": { "type": "MultiPolygon", "coordinates": [ [ [ [ 80.119763345872741, 9.211801851200232 ], [ 80.119879519943382, 9.211648530100859 ], [ 80.119890849269936, 9.211609400357219 ], [ 80.119891483041116, 9.211607189922097 ], [ 80.119976731110228, 9.211208832644274 ], [ 80.119977171682606, 9.211206773758667 ], [ 80.119977532397726, 9.211205089956115 ], [ 80.119978843038638, 9.211203467546895 ], [ 80.120054447659129, 9.211053911138521 ], [ 80.120205343644983, 9.210923204338441 ], [ 80.120209841950029, 9.210917638310105 ], [ 80.120480431678175, 9.210822170575931 ], [ 80.120784199239338, 9.210754837739312 ], [ 80.121253355681461, 9.210650843825308 ], [ 80.122470179545829, 9.210672230570747 ], [ 80.122933815310859, 9.210634682285722 ], [ 80.122986547294857, 9.210630990610019 ], [ 80.124506368587916, 9.210524575381962 ], [ 80.124537188666778, 9.210522417356355 ], [ 80.124755437184206, 9.210522809353373 ], [ 80.126178983589909, 9.210525362947044 ], [ 80.127608275028308, 9.210547112973657 ], [ 80.1278931999435, 9.210547622274277 ], [ 80.127660469984122, 9.207938077936774 ], [ 80.127580300739439, 9.205086882330159 ], [ 80.127106801845756, 9.201319590172908 ], [ 80.126816634989311, 9.198065601017742 ], [ 80.126124616132088, 9.194361549111674 ], [ 80.126394217057609, 9.191781864386614 ], [ 80.127000075567764, 9.189716110039836 ], [ 80.125907222376298, 9.185798402291885 ], [ 80.125293140281983, 9.181940202902849 ], [ 80.125375804027854, 9.179163239124964 ], [ 80.126548378902712, 9.17469109614453 ], [ 80.126632976756838, 9.170834143747788 ], [ 80.126171791974684, 9.168287634038906 ], [ 80.125625683866147, 9.167398638358152 ], [ 80.125224915080878, 9.167874793242909 ], [ 80.124819095997012, 9.167967091307581 ], [ 80.124538709903774, 9.167718527610544 ], [ 80.123852843608233, 9.167376215698622 ], [ 80.123477834693631, 9.167685621395144 ], [ 80.122884398001247, 9.167994635085876 ], [ 80.122072476668109, 9.168334262997192 ], [ 80.121228785724227, 9.168983909838575 ], [ 80.120729692520186, 9.16888998905759 ], [ 80.119700188397388, 9.168764103905289 ], [ 80.119108219491096, 9.168266914348807 ], [ 80.11854745582275, 9.167769779341944 ], [ 80.117799301470043, 9.167365328171881 ], [ 80.117175225463114, 9.16736419998991 ], [ 80.116550068493268, 9.167952214085938 ], [ 80.115988001362425, 9.168168249696608 ], [ 80.115457592790179, 9.168136280772917 ], [ 80.114990675155596, 9.167515280272356 ], [ 80.114397859794551, 9.167483196612162 ], [ 80.113928776012244, 9.168040481918384 ], [ 80.113834193899592, 9.168567440180412 ], [ 80.113459804083433, 9.168535751922523 ], [ 80.112867101700274, 9.168441650177229 ], [ 80.112243310569596, 9.168285476058976 ], [ 80.111650036271982, 9.168501447836743 ], [ 80.110962633519577, 9.168996314899919 ], [ 80.110431593415441, 9.169305420293352 ], [ 80.110151676432494, 9.16880878797248 ], [ 80.109683963416913, 9.168621886531493 ], [ 80.109279463745963, 9.168000993506546 ], [ 80.108344903852583, 9.167162074631193 ], [ 80.108032923287055, 9.167130495279528 ], [ 80.107690085946487, 9.166912813089855 ], [ 80.10709727309127, 9.166880717585638 ], [ 80.106784197696527, 9.167438279392824 ], [ 80.106408597882535, 9.168057741500814 ], [ 80.106065009894564, 9.168243155534933 ], [ 80.10550357213684, 9.1681180920581 ], [ 80.105067413441404, 9.167745197106456 ], [ 80.104599473366662, 9.167682319202349 ], [ 80.104505167288266, 9.168054237012253 ], [ 80.103817756517586, 9.168549090776857 ], [ 80.103162476672168, 9.168547880688205 ], [ 80.102258669677809, 9.16795706513108 ], [ 80.101478925255677, 9.167769576067419 ], [ 80.100569353303214, 9.167828140028186 ], [ 80.10052616406125, 9.169332516755542 ], [ 80.100572008337807, 9.16982050356212 ], [ 80.100897634812782, 9.170727211916931 ], [ 80.100896325902212, 9.171424213035342 ], [ 80.101035169526071, 9.172191174009553 ], [ 80.101477351259945, 9.172562671774427 ], [ 80.102062614260319, 9.172890080352415 ], [ 80.102795629444685, 9.173336529307134 ], [ 80.103260693009148, 9.173723097295239 ], [ 80.103492719485544, 9.174186376399504 ], [ 80.103413500667344, 9.175034788438888 ], [ 80.103411912354673, 9.175883343889645 ], [ 80.103388315268433, 9.176633116942668 ], [ 80.103153983300615, 9.17691148460939 ], [ 80.102872540853596, 9.177375632500906 ], [ 80.102917648539389, 9.178258587072808 ], [ 80.10317357839277, 9.178932829823303 ], [ 80.103710344039058, 9.17946819159113 ], [ 80.104568020678613, 9.180359698581189 ], [ 80.105574363094306, 9.181904389298563 ], [ 80.105972555051338, 9.182562413461465 ], [ 80.106115489722725, 9.183139654035525 ], [ 80.106269748622196, 9.18367992978658 ], [ 80.106390733626597, 9.184003658058895 ], [ 80.106656476926673, 9.184452059152346 ], [ 80.106552497888217, 9.185026227394347 ], [ 80.106271355047781, 9.185327743878881 ], [ 80.106013030345551, 9.185931338235003 ], [ 80.106030513207955, 9.187073723393638 ], [ 80.105962753812591, 9.187813152843823 ], [ 80.105560184739858, 9.190530722620167 ], [ 80.105511943732978, 9.191320570325846 ], [ 80.105243789479928, 9.192626472433611 ], [ 80.105224407648862, 9.195037388347206 ], [ 80.105639596260943, 9.198081732561784 ], [ 80.106222116224529, 9.199174779159417 ], [ 80.106478803451381, 9.199454054322748 ], [ 80.106875525350404, 9.199872987416246 ], [ 80.107412456268037, 9.200338645062516 ], [ 80.107739639334454, 9.200432181781002 ], [ 80.108022578533635, 9.200396597621504 ], [ 80.108132564224221, 9.200124848208695 ], [ 80.108151959557276, 9.199508462022006 ], [ 80.108093582401523, 9.19871355888889 ], [ 80.107883876448739, 9.198318204636546 ], [ 80.10756306566563, 9.197876382530671 ], [ 80.107407537076213, 9.197650334334213 ], [ 80.107225349957275, 9.197385537975755 ], [ 80.107152669428274, 9.197222233742734 ], [ 80.107162141594358, 9.19664406902975 ], [ 80.106928838776312, 9.196364838404453 ], [ 80.106698813179051, 9.195988552891636 ], [ 80.106719525698068, 9.195760382591528 ], [ 80.106696880835443, 9.195365372503428 ], [ 80.106556977508959, 9.195156013797298 ], [ 80.106393562069897, 9.195016312576628 ], [ 80.106160608075712, 9.19455121378042 ], [ 80.106045709408065, 9.193974910150919 ], [ 80.106083048703027, 9.193521727544052 ], [ 80.106464591940679, 9.194392674475296 ], [ 80.106682462981979, 9.194973238337127 ], [ 80.106882325139395, 9.195426858133384 ], [ 80.106972202845895, 9.196152227035592 ], [ 80.107208625532493, 9.196569654474889 ], [ 80.107372301466881, 9.196860037050984 ], [ 80.107444914414188, 9.197059601603385 ], [ 80.107518237400384, 9.196878435992293 ], [ 80.107427411816076, 9.19666070767741 ], [ 80.107263872096553, 9.196297805315153 ], [ 80.107285599237457, 9.196302644615386 ], [ 80.107279703677023, 9.196295783832639 ], [ 80.107256623926972, 9.196133107130132 ], [ 80.107466935492596, 9.196203195268643 ], [ 80.107630480927938, 9.196273196311678 ], [ 80.107934408079913, 9.196296988919075 ], [ 80.10802823990629, 9.19613452731082 ], [ 80.108121899433229, 9.19606499958592 ], [ 80.10828574875093, 9.195972367567238 ], [ 80.108449900790859, 9.195717100880024 ], [ 80.108800418069777, 9.195833912614575 ], [ 80.108729882378427, 9.196042883932499 ], [ 80.108721361881877, 9.196047097943636 ], [ 80.108540704492498, 9.196517714720773 ], [ 80.108499889361426, 9.196646652686423 ], [ 80.10851818733714, 9.196716264259091 ], [ 80.108447521482006, 9.196994936149883 ], [ 80.108447045579524, 9.197250502831267 ], [ 80.108423403711441, 9.197389860258712 ], [ 80.108493377497979, 9.19748292223341 ], [ 80.108564086696745, 9.197181017996641 ], [ 80.108728152674416, 9.196972218637173 ], [ 80.109055678931782, 9.196879886132859 ], [ 80.109546836642636, 9.196811087922725 ], [ 80.109757061882419, 9.196927640395607 ], [ 80.109931803781564, 9.197264846192551 ], [ 80.109977877686177, 9.197636665931158 ], [ 80.110116963958689, 9.198287457224847 ], [ 80.110256093812922, 9.198915015218692 ], [ 80.110464939926388, 9.199775035275161 ], [ 80.11062745328438, 9.200402636030068 ], [ 80.110883583503423, 9.200983941617125 ], [ 80.111384479112147, 9.201972281507707 ], [ 80.111850883889545, 9.202646904913802 ], [ 80.112223931829448, 9.203228423691108 ], [ 80.11259633556125, 9.204158442001253 ], [ 80.113109167830729, 9.205019016586846 ], [ 80.113762213730652, 9.205926314142154 ], [ 80.114216829095881, 9.206658997747752 ], [ 80.114356097294149, 9.207216854805063 ], [ 80.114799817544622, 9.207519698314144 ], [ 80.11505626018851, 9.207938367755974 ], [ 80.115452529224044, 9.208612860372916 ], [ 80.115778778948993, 9.209217524216813 ], [ 80.116082075766244, 9.209589810743806 ], [ 80.116735778981877, 9.210148602873616 ], [ 80.117271926998029, 9.211055682522399 ], [ 80.117435140252027, 9.211311546791343 ], [ 80.1178786973841, 9.211707320994593 ], [ 80.118046508846007, 9.211816064457837 ], [ 80.117922441847952, 9.211718271137128 ], [ 80.11790834182257, 9.211707156898349 ], [ 80.118392101853516, 9.211722600671093 ], [ 80.118662515475208, 9.211723091017081 ], [ 80.118778802359515, 9.211730099313424 ], [ 80.118790843959587, 9.211730825482668 ], [ 80.118810585124905, 9.211732014976089 ], [ 80.11916483140088, 9.21179508478901 ], [ 80.119183887224381, 9.211800801971002 ], [ 80.11939628558433, 9.211839570180658 ], [ 80.119608718284354, 9.21185914567015 ], [ 80.119763345872741, 9.211801851200232 ] ] ] ] } },
{ "type": "Feature", "properties": { "OBJECTID_1": 97, "PROVINCE_N": "Northern", "DISTRICT_N": "Mannar", "DSD_N": "Manthai West", "GND_N": "Veddayarmurrippu", "GND_C": "19", "TOTAL_POPU": 235, "EXIS_COVE": "Yes", "SUP_LEV": "24", "SCH_NAME": "Adampan Wss", "RWS_SCHE": "<Null>", "PROJ_DETAI": "<Null>", "WATER_SOUR": "Borehole", "PROJ_NAME": "<Null>", "COVER_PER": 50, "P_POP": 255, "GRO_RATE": 1.2, "COVE_2018": 50.0, "WATER_QUAL": "Non_complied", "COVE_2020": 50.0, "COVE_2025": 50.0, "COVE_2030": 50.0, "Shape_Leng": 5500.2516551400004, "Shape_Area": 1114037.4469099999, "OBJECTID_2": null, "OBJECTID_3": null, "OBJECTID": null, "EX_SCH_NAM": null, "RWS_Name": null, "SUP_LEVEL": null, "layer": "Sche_Mannar", "path": "C:/Users/MB/Downloads/New folder (2)/Sem 05/Advanced GIS and Remote Sensing for Planning/WEB MAP/pipebornewatermaps (2)/Shape Files/Shape Files/WSS Shape Files/Sche_Mannar.shx|layername=Sche_Mannar" }, "geometry": { "type": "MultiPolygon", "coordinates": [ [ [ [ 79.973962548691247, 8.971014860816936 ], [ 79.974227129219273, 8.971017692257094 ], [ 79.975434974162511, 8.970878637860919 ], [ 79.976249610993875, 8.970447867346614 ], [ 79.977406471957195, 8.969589078449413 ], [ 79.97833636881218, 8.969095931090729 ], [ 79.978851605171727, 8.968946224849754 ], [ 79.979379191909331, 8.968918217303386 ], [ 79.979458333767667, 8.96893570680059 ], [ 79.979972406192388, 8.968936808313719 ], [ 79.980579945919359, 8.968938109179351 ], [ 79.981304069433364, 8.969055822423972 ], [ 79.981958142339835, 8.969150153430572 ], [ 79.982589611260622, 8.969330998219126 ], [ 79.982615499538696, 8.969159777034992 ], [ 79.982244993316982, 8.968666395864329 ], [ 79.981813269936183, 8.968019515617179 ], [ 79.981814233258731, 8.967573836737326 ], [ 79.981815131511524, 8.96715824143657 ], [ 79.981528714436166, 8.966081031902407 ], [ 79.981098237791144, 8.96485996894415 ], [ 79.980306370420337, 8.963853450863869 ], [ 79.979297795060674, 8.962918241166003 ], [ 79.978722336287902, 8.961983957875198 ], [ 79.979085128459872, 8.961123457559703 ], [ 79.979519170796664, 8.960693748741013 ], [ 79.979666648868616, 8.959258601651328 ], [ 79.981249591665716, 8.961630501583265 ], [ 79.981969583195024, 8.96249331695828 ], [ 79.984561145251192, 8.965800407618142 ], [ 79.987298513138015, 8.968461835120179 ], [ 79.988308971494206, 8.968535751233418 ], [ 79.988743628599792, 8.967818940015455 ], [ 79.989107481720538, 8.966456018285951 ], [ 79.989181203546124, 8.965738442013603 ], [ 79.989616469436456, 8.964734536653395 ], [ 79.990265682487376, 8.964951228912243 ], [ 79.990553505749006, 8.965382476591911 ], [ 79.990913669028728, 8.965742104505345 ], [ 79.99156288478359, 8.965958794693259 ], [ 79.992213784119969, 8.965385981246522 ], [ 79.992961616850693, 8.96484761984736 ], [ 79.993009054130354, 8.964813469608318 ], [ 79.993444308573942, 8.963809559605112 ], [ 79.993739159373973, 8.960939246263903 ], [ 79.994032326225863, 8.958858435065622 ], [ 79.994973470809285, 8.957568491458202 ], [ 79.995697903595172, 8.956349862992525 ], [ 79.99743306077103, 8.955061574695449 ], [ 79.998733738958236, 8.954418332095456 ], [ 79.998611056518371, 8.954246793275523 ], [ 79.998373880815748, 8.953915166554953 ], [ 79.998014327044075, 8.953268453616788 ], [ 79.997726654540941, 8.952765438420442 ], [ 79.997366799297268, 8.952262272111524 ], [ 79.997079734921499, 8.951472164134701 ], [ 79.996286934417469, 8.9508963176814 ], [ 79.995580828985467, 8.949484701358841 ], [ 79.994629462758638, 8.949600921800561 ], [ 79.992464890291558, 8.949165733244405 ], [ 79.989722556173334, 8.948872860746844 ], [ 79.988422807421813, 8.949085434464081 ], [ 79.987122133997488, 8.949728642000583 ], [ 79.98589148269383, 8.951376817530052 ], [ 79.985023743142648, 8.952092707362365 ], [ 79.981917850029845, 8.95301914701888 ], [ 79.980617462829571, 8.953518783766262 ], [ 79.979173327007672, 8.953731014575721 ], [ 79.977513730578963, 8.953440364955807 ], [ 79.976359419582607, 8.953150794785453 ], [ 79.974086246656725, 8.952976358087874 ], [ 79.974088301562389, 8.953056137250842 ], [ 79.97385839394066, 8.961855476665672 ], [ 79.973962379357857, 8.970999957403901 ], [ 79.973962548691247, 8.971014860816936 ] ] ] ] } },
{ "type": "Feature", "properties": { "OBJECTID_1": 98, "PROVINCE_N": "Northern", "DISTRICT_N": "Mannar", "DSD_N": "Manthai West", "GND_N": "Vellankulam", "GND_C": "01", "TOTAL_POPU": 551, "EXIS_COVE": "Yes", "SUP_LEV": "24", "SCH_NAME": "Thevanpiddy Wss", "RWS_SCHE": "<Null>", "PROJ_DETAI": "<Null>", "WATER_SOUR": "Borehole", "PROJ_NAME": "<Null>", "COVER_PER": 100, "P_POP": 599, "GRO_RATE": 1.2, "COVE_2018": 100.0, "WATER_QUAL": "Complied", "COVE_2020": 100.0, "COVE_2025": 100.0, "COVE_2030": 100.0, "Shape_Leng": 27248.9467047, "Shape_Area": 35835807.380900003, "OBJECTID_2": null, "OBJECTID_3": null, "OBJECTID": null, "EX_SCH_NAM": null, "RWS_Name": null, "SUP_LEVEL": null, "layer": "Sche_Mannar", "path": "C:/Users/MB/Downloads/New folder (2)/Sem 05/Advanced GIS and Remote Sensing for Planning/WEB MAP/pipebornewatermaps (2)/Shape Files/Shape Files/WSS Shape Files/Sche_Mannar.shx|layername=Sche_Mannar" }, "geometry": { "type": "MultiPolygon", "coordinates": [ [ [ [ 80.194119794271955, 9.211440592706431 ], [ 80.194400677164069, 9.208999134447934 ], [ 80.194577656075907, 9.206591901150372 ], [ 80.194858643260986, 9.204081653796473 ], [ 80.195059741801259, 9.200920547417233 ], [ 80.195143832719026, 9.199598692424093 ], [ 80.195150852635592, 9.199488337277915 ], [ 80.195160550521436, 9.199335888906109 ], [ 80.195372797644566, 9.196515993319514 ], [ 80.195464337904596, 9.193420758140388 ], [ 80.195571681251096, 9.191254162456838 ], [ 80.195609129117031, 9.189500173274386 ], [ 80.19575057968602, 9.187643169728048 ], [ 80.195925364332908, 9.186577260167224 ], [ 80.195875556754217, 9.185270241933511 ], [ 80.195877500144476, 9.184066485289447 ], [ 80.19594977766053, 9.18217497759465 ], [ 80.196022608621419, 9.179939538947162 ], [ 80.196129605772924, 9.177979298935448 ], [ 80.196062656379738, 9.176569072722623 ], [ 80.196115387783308, 9.176019628791005 ], [ 80.19611546089574, 9.17601886668638 ], [ 80.196219795193969, 9.175709494171317 ], [ 80.196601573745781, 9.175056632187475 ], [ 80.198405732855107, 9.172342436376564 ], [ 80.200036204932815, 9.170006279348183 ], [ 80.200404830953985, 9.169458708399711 ], [ 80.202048412825022, 9.167017244212728 ], [ 80.204286102212677, 9.163684616526719 ], [ 80.206194081592912, 9.160901749655723 ], [ 80.20862247802485, 9.157294240806678 ], [ 80.210304778828842, 9.154923715849979 ], [ 80.211935250479172, 9.152484313204956 ], [ 80.213669632852898, 9.149976276009081 ], [ 80.213855609596052, 9.149699978755834 ], [ 80.215126585212644, 9.14781173726165 ], [ 80.215837776931551, 9.14671224074516 ], [ 80.216219327640005, 9.146162533403269 ], [ 80.216497210176215, 9.14550948535827 ], [ 80.216948455042754, 9.144650341761132 ], [ 80.217066218526611, 9.144352613940514 ], [ 80.216224614126745, 9.144072231705172 ], [ 80.215691386627924, 9.144429090881182 ], [ 80.2145443226335, 9.145315958317273 ], [ 80.211663623194326, 9.146922158005358 ], [ 80.209734335799837, 9.14766895339211 ], [ 80.208725830710151, 9.149278024930732 ], [ 80.207605935121975, 9.150636993553292 ], [ 80.206053611558886, 9.151598983529654 ], [ 80.204893443584652, 9.151854623712355 ], [ 80.204250907534572, 9.151742540018933 ], [ 80.203804200698187, 9.151491914500069 ], [ 80.201878675434756, 9.149850489057448 ], [ 80.200817962872733, 9.149126811979542 ], [ 80.199868495692172, 9.148736542524547 ], [ 80.198666872021022, 9.148762414691198 ], [ 80.197884136352059, 9.148955563462394 ], [ 80.196933246954103, 9.14945390973331 ], [ 80.19587058059453, 9.149952074922377 ], [ 80.194723498499698, 9.150811106306705 ], [ 80.19331033800546, 9.151935582637993 ], [ 80.192596980383527, 9.152529424053428 ], [ 80.189898582968098, 9.153000246859786 ], [ 80.185609353991225, 9.153517893252724 ], [ 80.183959791337116, 9.154042842055359 ], [ 80.183008825216191, 9.154568917681493 ], [ 80.182337481024504, 9.15498436844552 ], [ 80.181722710459752, 9.154983368041892 ], [ 80.180856809844116, 9.154759801299246 ], [ 80.179711836802284, 9.154313621797096 ], [ 80.178371443955754, 9.153756041042202 ], [ 80.177588596822048, 9.154004683367592 ], [ 80.17711313307035, 9.154253828392305 ], [ 80.176191072423592, 9.154196775438106 ], [ 80.175771588204952, 9.154390471680177 ], [ 80.175268503140117, 9.154445182958815 ], [ 80.174652946683608, 9.154916249682024 ], [ 80.173897250811507, 9.155637008710599 ], [ 80.173309959383204, 9.155913732907054 ], [ 80.172807104403191, 9.155829594195531 ], [ 80.17252873302958, 9.155190437125166 ], [ 80.172560024884433, 9.153191091177714 ], [ 80.172477308264178, 9.152524489398445 ], [ 80.172132379047596, 9.151901170802146 ], [ 80.170717963888563, 9.151855111704991 ], [ 80.169851518128169, 9.151964751001461 ], [ 80.169096240607431, 9.152435575240194 ], [ 80.168536240619233, 9.153101109270601 ], [ 80.168088762913129, 9.153322519744711 ], [ 80.167641754264281, 9.153266236137775 ], [ 80.167139045525005, 9.153098781380269 ], [ 80.166608675500527, 9.152764663236217 ], [ 80.165687421326098, 9.152235506472367 ], [ 80.16498906157878, 9.152095491585019 ], [ 80.164067151823147, 9.151955100713424 ], [ 80.161970468599009, 9.152479197209024 ], [ 80.161019859051905, 9.152783059754258 ], [ 80.160152935115107, 9.153170368632654 ], [ 80.159676513041063, 9.153974875328313 ], [ 80.158949685664737, 9.154140263440832 ], [ 80.157830212909587, 9.155138064644683 ], [ 80.156850741309086, 9.155969484225128 ], [ 80.156457853475686, 9.156940743809896 ], [ 80.156037448772025, 9.15766203219675 ], [ 80.15500203047911, 9.158521118861218 ], [ 80.154917384042605, 9.158993052442268 ], [ 80.15455324575899, 9.159492280564184 ], [ 80.153812215766195, 9.159896290970007 ], [ 80.152987162245608, 9.160183840968454 ], [ 80.152017133944554, 9.160071577121176 ], [ 80.150445092664341, 9.159679642179299 ], [ 80.149746002155595, 9.159956134741178 ], [ 80.148823066197338, 9.160398856902761 ], [ 80.148426967708772, 9.160422121472356 ], [ 80.14720137123571, 9.160923680637289 ], [ 80.146111199477176, 9.161116183726206 ], [ 80.145189082727526, 9.161086820720254 ], [ 80.144206245176321, 9.160990928081485 ], [ 80.143764309620977, 9.160862198590031 ], [ 80.143345778122992, 9.16050047224555 ], [ 80.142619566949122, 9.16030482691335 ], [ 80.142060631645478, 9.160331624437706 ], [ 80.141613766414466, 9.160192001273439 ], [ 80.141054390608716, 9.160468719589419 ], [ 80.140690967247281, 9.160551394849911 ], [ 80.140889552768257, 9.160052365685994 ], [ 80.140842818779362, 9.159772935914676 ], [ 80.140601573927071, 9.159606343877694 ], [ 80.140323006464527, 9.15953200497253 ], [ 80.14021141362683, 9.159596432265115 ], [ 80.139938040202324, 9.159661466159546 ], [ 80.139685658647139, 9.160160871935894 ], [ 80.139489165108387, 9.160660375046017 ], [ 80.139237715271506, 9.160632167173192 ], [ 80.138762808812984, 9.160548030112638 ], [ 80.138566805410406, 9.160769840764477 ], [ 80.138315059606711, 9.160908246445187 ], [ 80.138147837841785, 9.160658030968078 ], [ 80.137784659930901, 9.160601856896841 ], [ 80.13756051412048, 9.160934695663611 ], [ 80.137559775468802, 9.161351232892779 ], [ 80.137726752747881, 9.161740294071345 ], [ 80.137530354029764, 9.162184257477442 ], [ 80.136747564171429, 9.162377270903601 ], [ 80.136021057558381, 9.162348226452931 ], [ 80.135798143646383, 9.161986835177592 ], [ 80.135015501890507, 9.162096536884178 ], [ 80.13440072457405, 9.162095455369114 ], [ 80.13423221615605, 9.162567235478408 ], [ 80.133393513374784, 9.163179025693646 ], [ 80.132581954414931, 9.163425171244254 ], [ 80.131473530049149, 9.16351380674698 ], [ 80.131035513596203, 9.164164194845567 ], [ 80.130722531455589, 9.164690772810715 ], [ 80.130035328166684, 9.165092656368309 ], [ 80.129285993349242, 9.165339388992498 ], [ 80.128661473177218, 9.165586341753835 ], [ 80.128473469467025, 9.166020116989904 ], [ 80.128597558956443, 9.166423438390689 ], [ 80.128971335601548, 9.166796194882796 ], [ 80.1290017584422, 9.167230358207561 ], [ 80.128657902499668, 9.167570832391842 ], [ 80.128127268995399, 9.16766291244082 ], [ 80.127503526576092, 9.16747575597482 ], [ 80.126942527704998, 9.167102663627103 ], [ 80.126287584372946, 9.166915449579102 ], [ 80.125850337973262, 9.167131724519624 ], [ 80.125625683866147, 9.167398638358152 ], [ 80.126171791974684, 9.168287634038906 ], [ 80.126632976756838, 9.170834143747788 ], [ 80.126548378902712, 9.17469109614453 ], [ 80.125375804027854, 9.179163239124964 ], [ 80.125293140281983, 9.181940202902849 ], [ 80.125907222376298, 9.185798402291885 ], [ 80.127000075567764, 9.189716110039836 ], [ 80.126394217057609, 9.191781864386614 ], [ 80.126124616132088, 9.194361549111674 ], [ 80.126816634989311, 9.198065601017742 ], [ 80.127106801845756, 9.201319590172908 ], [ 80.127580300739439, 9.205086882330159 ], [ 80.127660469984122, 9.207938077936774 ], [ 80.1278931999435, 9.210547622274277 ], [ 80.128447794663757, 9.210548612960984 ], [ 80.13021590206364, 9.210513382989593 ], [ 80.131200980395036, 9.21051513571371 ], [ 80.132227361262622, 9.210373022347214 ], [ 80.133917832251626, 9.210160115235235 ], [ 80.134692444653155, 9.2100995684601 ], [ 80.136018665595358, 9.209995902076139 ], [ 80.137346973974275, 9.209782339417757 ], [ 80.138820058654147, 9.209617003854373 ], [ 80.139966815267385, 9.209666995085682 ], [ 80.140932577570766, 9.209668687175354 ], [ 80.141956804642547, 9.209644716455076 ], [ 80.142840042648629, 9.209624042895785 ], [ 80.144119592753725, 9.209674252704215 ], [ 80.145543924070822, 9.20977268926891 ], [ 80.146654467535356, 9.20982259636493 ], [ 80.147088934596084, 9.209895317955963 ], [ 80.147523359769366, 9.209992028331314 ], [ 80.148850739874405, 9.210306188355892 ], [ 80.150503941367731, 9.210692873754482 ], [ 80.151179601476485, 9.210909943562781 ], [ 80.151879155759914, 9.211270989589522 ], [ 80.152337395094079, 9.211559651331914 ], [ 80.153398239888674, 9.212425093747489 ], [ 80.154628058382769, 9.213314812277815 ], [ 80.155423864921275, 9.213867932903257 ], [ 80.155906130345528, 9.214228599778012 ], [ 80.15650920087208, 9.214541493658267 ], [ 80.157721801224497, 9.214980580536146 ], [ 80.158439558056784, 9.215240480057753 ], [ 80.159066983957786, 9.215433463402386 ], [ 80.159935568235767, 9.215794782329537 ], [ 80.160598925037917, 9.21615575099128 ], [ 80.161226229417565, 9.216420699698274 ], [ 80.162456494593755, 9.217070499926564 ], [ 80.163735258047694, 9.217600430069806 ], [ 80.165375665412256, 9.218442829691174 ], [ 80.166072123014118, 9.218772044971287 ], [ 80.166183491695492, 9.218827183269639 ], [ 80.16675023362167, 9.21909508069027 ], [ 80.167455321092646, 9.219456861688847 ], [ 80.167595147400306, 9.219526089112852 ], [ 80.169018676080469, 9.220128213662163 ], [ 80.169646036990912, 9.220369158209188 ], [ 80.170743534789423, 9.221018708736304 ], [ 80.17163468058277, 9.22157700133774 ], [ 80.172624859295482, 9.222197331909294 ], [ 80.173640555631266, 9.222842905227367 ], [ 80.174819719791131, 9.223592372369149 ], [ 80.176700791805828, 9.224938902542657 ], [ 80.177740614409586, 9.225652542130081 ], [ 80.177964558056559, 9.225808852515959 ], [ 80.178557282654324, 9.226215642555875 ], [ 80.179396815185157, 9.226808551489553 ], [ 80.179715468050404, 9.227030966214011 ], [ 80.180612193579151, 9.227680367999092 ], [ 80.182139173750457, 9.228786185138532 ], [ 80.182797482968226, 9.229233713361443 ], [ 80.183730990698763, 9.229868321711262 ], [ 80.185129770545359, 9.230878168332481 ], [ 80.18633543335217, 9.231863705089454 ], [ 80.18704153288725, 9.23236820896285 ], [ 80.187782481744492, 9.232897609415129 ], [ 80.188795423955497, 9.233618940848455 ], [ 80.189547270504818, 9.234162912799876 ], [ 80.190277904439498, 9.234691535001481 ], [ 80.191653338716634, 9.235686669232946 ], [ 80.192382148283031, 9.236171092172045 ], [ 80.192382444644451, 9.236171289759657 ], [ 80.19314275758839, 9.229005251765102 ], [ 80.193142979411746, 9.229003159864133 ], [ 80.193181097429573, 9.228987325823162 ], [ 80.193181565515374, 9.228987131274771 ], [ 80.193263615320745, 9.227053668728823 ], [ 80.193405442181529, 9.224990314353645 ], [ 80.19360299782349, 9.220588320515636 ], [ 80.193782397740975, 9.216702190859568 ], [ 80.194030239790123, 9.213297675359669 ], [ 80.194119794271955, 9.211440592706431 ] ] ] ] } },
{ "type": "Feature", "properties": { "OBJECTID_1": 99, "PROVINCE_N": "Northern", "DISTRICT_N": "Mannar", "DSD_N": "Manthai West", "GND_N": "Vidalaiteevu Central", "GND_C": "12", "TOTAL_POPU": 51, "EXIS_COVE": "Yes", "SUP_LEV": "24", "SCH_NAME": "Vidathalaitheevu Wss", "RWS_SCHE": "<Null>", "PROJ_DETAI": "<Null>", "WATER_SOUR": "Borehole", "PROJ_NAME": "<Null>", "COVER_PER": 50, "P_POP": 55, "GRO_RATE": 1.2, "COVE_2018": 50.0, "WATER_QUAL": "Complied", "COVE_2020": 50.0, "COVE_2025": 50.0, "COVE_2030": 50.0, "Shape_Leng": 5613.0495632499997, "Shape_Area": 1207332.1704, "OBJECTID_2": null, "OBJECTID_3": null, "OBJECTID": null, "EX_SCH_NAM": null, "RWS_Name": null, "SUP_LEVEL": null, "layer": "Sche_Mannar", "path": "C:/Users/MB/Downloads/New folder (2)/Sem 05/Advanced GIS and Remote Sensing for Planning/WEB MAP/pipebornewatermaps (2)/Shape Files/Shape Files/WSS Shape Files/Sche_Mannar.shx|layername=Sche_Mannar" }, "geometry": { "type": "MultiPolygon", "coordinates": [ [ [ [ 80.043803619294238, 8.995458931763482 ], [ 80.045489363297378, 8.997519259340828 ], [ 80.04774318707716, 9.000572872637724 ], [ 80.048706617994512, 9.00314249349036 ], [ 80.049833078035192, 9.004910017243247 ], [ 80.050960184410116, 9.006356573445057 ], [ 80.052407927571707, 9.008927135769582 ], [ 80.052083966031574, 9.009488192190236 ], [ 80.049661780751492, 9.009884655213749 ], [ 80.04806163849284, 9.009753544616444 ], [ 80.047640685832334, 9.010262974480909 ], [ 80.047965641487153, 9.011098582417874 ], [ 80.048608522733588, 9.01188862432708 ], [ 80.048849546298882, 9.012450789004474 ], [ 80.049010016400601, 9.012932552970963 ], [ 80.049735005068428, 9.013656150542039 ], [ 80.051268251429249, 9.013819639582401 ], [ 80.052639593843693, 9.014223530390225 ], [ 80.054012207912237, 9.013985486563262 ], [ 80.054175061135368, 9.013263630467941 ], [ 80.055387033874723, 9.012624059090953 ], [ 80.055871315960943, 9.012625001715179 ], [ 80.056435207710237, 9.013187790419403 ], [ 80.056838619057402, 9.013268816156364 ], [ 80.057161632152585, 9.013189202134694 ], [ 80.05764623127456, 9.013029659906568 ], [ 80.057447920540184, 9.011993573647507 ], [ 80.057246761452717, 9.010942601093616 ], [ 80.056521760737397, 9.01021901837724 ], [ 80.057007616494047, 9.0094175454403 ], [ 80.057181074891261, 9.008081615002899 ], [ 80.056852339830456, 9.006287820416045 ], [ 80.056284038373946, 9.003881360688755 ], [ 80.056454613571987, 9.003318107428692 ], [ 80.057342442510787, 9.003319830745903 ], [ 80.059117942004988, 9.003403512313422 ], [ 80.059366044566588, 9.000354807007552 ], [ 80.058644829540967, 8.997705435610541 ], [ 80.057197078771466, 8.995134896297857 ], [ 80.054540286306306, 8.991759587232847 ], [ 80.053734934753507, 8.990875361170552 ], [ 80.053141247349984, 8.989640855302513 ], [ 80.05207056673035, 8.989372514755566 ], [ 80.051294894218358, 8.991044283462486 ], [ 80.051176703207972, 8.992158766432464 ], [ 80.050904697845752, 8.992850126734387 ], [ 80.050168284327398, 8.993771208658227 ], [ 80.049239087509065, 8.994422841844207 ], [ 80.048409293657599, 8.994468427981412 ], [ 80.046558075997311, 8.994043918792164 ], [ 80.045139627252027, 8.995029798173583 ], [ 80.043803619294238, 8.995458931763482 ] ] ] ] } },
{ "type": "Feature", "properties": { "OBJECTID_1": 100, "PROVINCE_N": "Northern", "DISTRICT_N": "Mannar", "DSD_N": "Manthai West", "GND_N": "Vidalaiteevu East", "GND_C": "13", "TOTAL_POPU": 192, "EXIS_COVE": "Yes", "SUP_LEV": "24", "SCH_NAME": "Vidathalaitheevu Wss", "RWS_SCHE": "<Null>", "PROJ_DETAI": "<Null>", "WATER_SOUR": "Borehole", "PROJ_NAME": "<Null>", "COVER_PER": 50, "P_POP": 209, "GRO_RATE": 1.2, "COVE_2018": 50.0, "WATER_QUAL": "Complied", "COVE_2020": 50.0, "COVE_2025": 50.0, "COVE_2030": 50.0, "Shape_Leng": 5193.5959369599996, "Shape_Area": 1518138.48119, "OBJECTID_2": null, "OBJECTID_3": null, "OBJECTID": null, "EX_SCH_NAM": null, "RWS_Name": null, "SUP_LEVEL": null, "layer": "Sche_Mannar", "path": "C:/Users/MB/Downloads/New folder (2)/Sem 05/Advanced GIS and Remote Sensing for Planning/WEB MAP/pipebornewatermaps (2)/Shape Files/Shape Files/WSS Shape Files/Sche_Mannar.shx|layername=Sche_Mannar" }, "geometry": { "type": "MultiPolygon", "coordinates": [ [ [ [ 80.059080196152365, 9.022661435849459 ], [ 80.06037322431834, 9.021861524932799 ], [ 80.061746649919002, 9.021222247559356 ], [ 80.062473247933241, 9.02114340868739 ], [ 80.063360339177422, 9.02154632761118 ], [ 80.064006221041083, 9.021467330163011 ], [ 80.06481353610512, 9.021388642074035 ], [ 80.065702502471737, 9.020828657965225 ], [ 80.066673427529707, 9.019626896778819 ], [ 80.067071598880474, 9.019298327086151 ], [ 80.067158498159628, 9.019226617223275 ], [ 80.065869701689081, 9.01786003511755 ], [ 80.065391805051661, 9.014569206401051 ], [ 80.064429164448356, 9.011518169898119 ], [ 80.063544440931679, 9.009911633185427 ], [ 80.061046249245365, 9.00790077466066 ], [ 80.059598916035981, 9.00508951766311 ], [ 80.059117942004988, 9.003403512313422 ], [ 80.057342442510787, 9.003319830745903 ], [ 80.056454613571987, 9.003318107428692 ], [ 80.056284038373946, 9.003881360688755 ], [ 80.056852339830456, 9.006287820416045 ], [ 80.057181074891261, 9.008081615002899 ], [ 80.057007616494047, 9.0094175454403 ], [ 80.056521760737397, 9.01021901837724 ], [ 80.057246761452717, 9.010942601093616 ], [ 80.057447920540184, 9.011993573647507 ], [ 80.05764623127456, 9.013029659906568 ], [ 80.057161632152585, 9.013189202134694 ], [ 80.056838619057402, 9.013268816156364 ], [ 80.056435207710237, 9.013187790419403 ], [ 80.055871315960943, 9.012625001715179 ], [ 80.055387033874723, 9.012624059090953 ], [ 80.054175061135368, 9.013263630467941 ], [ 80.054012207912237, 9.013985486563262 ], [ 80.054333163569353, 9.014949011040224 ], [ 80.055297780644835, 9.016956930680729 ], [ 80.055457628409187, 9.017759658366064 ], [ 80.056825992484676, 9.019688119617085 ], [ 80.058437777459901, 9.020975115672458 ], [ 80.059080196152365, 9.022661435849459 ] ] ] ] } },
{ "type": "Feature", "properties": { "OBJECTID_1": 101, "PROVINCE_N": "Northern", "DISTRICT_N": "Mannar", "DSD_N": "Manthai West", "GND_N": "Vidalaiteevu North", "GND_C": "11", "TOTAL_POPU": 271, "EXIS_COVE": "Yes", "SUP_LEV": "24", "SCH_NAME": "Vidathalaitheevu Wss", "RWS_SCHE": "<Null>", "PROJ_DETAI": "<Null>", "WATER_SOUR": "Borehole", "PROJ_NAME": "<Null>", "COVER_PER": 100, "P_POP": 295, "GRO_RATE": 1.2, "COVE_2018": 100.0, "WATER_QUAL": "Complied", "COVE_2020": 100.0, "COVE_2025": 100.0, "COVE_2030": 100.0, "Shape_Leng": 14069.0536089, "Shape_Area": 9416474.94912, "OBJECTID_2": null, "OBJECTID_3": null, "OBJECTID": null, "EX_SCH_NAM": null, "RWS_Name": null, "SUP_LEVEL": null, "layer": "Sche_Mannar", "path": "C:/Users/MB/Downloads/New folder (2)/Sem 05/Advanced GIS and Remote Sensing for Planning/WEB MAP/pipebornewatermaps (2)/Shape Files/Shape Files/WSS Shape Files/Sche_Mannar.shx|layername=Sche_Mannar" }, "geometry": { "type": "MultiPolygon", "coordinates": [ [ [ [ 80.044626294558157, 9.027075661210606 ], [ 80.044681469852378, 9.027072342757767 ], [ 80.044945900815407, 9.026979491822921 ], [ 80.045161272996879, 9.026877639506431 ], [ 80.045343533998334, 9.026817644684892 ], [ 80.045577336611785, 9.026771639527475 ], [ 80.045670820106182, 9.026771824309662 ], [ 80.04571728306972, 9.026911316551013 ], [ 80.045739818510967, 9.027329561411525 ], [ 80.04590290387506, 9.027585451273358 ], [ 80.046136382768921, 9.02770207882358 ], [ 80.046346629250863, 9.027748961500961 ], [ 80.046416649224454, 9.027795566281082 ], [ 80.04660305982226, 9.028074734288552 ], [ 80.04671908021345, 9.02849316370485 ], [ 80.046835099925374, 9.028911593998467 ], [ 80.047021837023195, 9.029028128803494 ], [ 80.047535538760854, 9.02926147560672 ], [ 80.047675348769161, 9.029470851499973 ], [ 80.047651281478821, 9.029819304711284 ], [ 80.047595266941585, 9.030105796224005 ], [ 80.047626797788311, 9.030376857299062 ], [ 80.047894756429159, 9.030783969405485 ], [ 80.048267723789067, 9.031272605581192 ], [ 80.048430349424237, 9.031760826216441 ], [ 80.048663044691992, 9.032272418068578 ], [ 80.049036199649478, 9.03266812004612 ], [ 80.049315730516426, 9.033133337249554 ], [ 80.049548704416551, 9.033505529645135 ], [ 80.049851285139994, 9.034133426512673 ], [ 80.050096153881086, 9.03440109143806 ], [ 80.050286117074634, 9.034971366083264 ], [ 80.050422246259629, 9.034959333465714 ], [ 80.050499911272226, 9.034921638004409 ], [ 80.055747572950395, 9.034450463678855 ], [ 80.057848625900192, 9.033250933496564 ], [ 80.05889969830379, 9.032370318266386 ], [ 80.058014797049253, 9.030844010134798 ], [ 80.057291339560905, 9.02931801351046 ], [ 80.05584348955891, 9.026747464208899 ], [ 80.054555665224271, 9.024899398016622 ], [ 80.058271775473685, 9.023301800722354 ], [ 80.059080196152365, 9.022661435849459 ], [ 80.058437777459901, 9.020975115672458 ], [ 80.056825992484676, 9.019688119617085 ], [ 80.055457628409187, 9.017759658366064 ], [ 80.055295249584958, 9.01824079122377 ], [ 80.05270840030893, 9.020241779637061 ], [ 80.050042244058673, 9.021520417970203 ], [ 80.04826554233604, 9.021998373526293 ], [ 80.047574157187327, 9.02257837793457 ], [ 80.04729471329108, 9.023119841450955 ], [ 80.046860769717554, 9.023375301177172 ], [ 80.046477350863043, 9.023447120571895 ], [ 80.046163569160427, 9.023679299371716 ], [ 80.045855397007927, 9.024153503231146 ], [ 80.045440475587654, 9.024279327897913 ], [ 80.044927868318652, 9.024334922763737 ], [ 80.044669457832541, 9.024321348257185 ], [ 80.04444463260981, 9.024266141177897 ], [ 80.044505621764969, 9.025096719392256 ], [ 80.044458833710067, 9.025119860027758 ], [ 80.044224520027555, 9.025421430141641 ], [ 80.044176800786019, 9.025909235597855 ], [ 80.044175962729497, 9.026327433239903 ], [ 80.044315489477597, 9.026676210019085 ], [ 80.044548454377477, 9.027048404987504 ], [ 80.044626294558157, 9.027075661210606 ] ] ] ] } },
{ "type": "Feature", "properties": { "OBJECTID_1": 102, "PROVINCE_N": "Northern", "DISTRICT_N": "Mannar", "DSD_N": "Manthai West", "GND_N": "Vidalaiteevu West", "GND_C": "10", "TOTAL_POPU": 439, "EXIS_COVE": "Yes", "SUP_LEV": "24", "SCH_NAME": "Vidathalaitheevu Wss", "RWS_SCHE": "<Null>", "PROJ_DETAI": "<Null>", "WATER_SOUR": "Borehole", "PROJ_NAME": "<Null>", "COVER_PER": 75, "P_POP": 477, "GRO_RATE": 1.2, "COVE_2018": 75.0, "WATER_QUAL": "Complied", "COVE_2020": 75.0, "COVE_2025": 75.0, "COVE_2030": 75.0, "Shape_Leng": 12192.177729200001, "Shape_Area": 6260365.3528800001, "OBJECTID_2": null, "OBJECTID_3": null, "OBJECTID": null, "EX_SCH_NAM": null, "RWS_Name": null, "SUP_LEVEL": null, "layer": "Sche_Mannar", "path": "C:/Users/MB/Downloads/New folder (2)/Sem 05/Advanced GIS and Remote Sensing for Planning/WEB MAP/pipebornewatermaps (2)/Shape Files/Shape Files/WSS Shape Files/Sche_Mannar.shx|layername=Sche_Mannar" }, "geometry": { "type": "MultiPolygon", "coordinates": [ [ [ [ 80.04444463260981, 9.024266141177897 ], [ 80.044669457832541, 9.024321348257185 ], [ 80.044927868318652, 9.024334922763737 ], [ 80.045440475587654, 9.024279327897913 ], [ 80.045855397007927, 9.024153503231146 ], [ 80.046163569160427, 9.023679299371716 ], [ 80.046477350863043, 9.023447120571895 ], [ 80.046860769717554, 9.023375301177172 ], [ 80.04729471329108, 9.023119841450955 ], [ 80.047574157187327, 9.02257837793457 ], [ 80.04826554233604, 9.021998373526293 ], [ 80.050042244058673, 9.021520417970203 ], [ 80.05270840030893, 9.020241779637061 ], [ 80.055295249584958, 9.01824079122377 ], [ 80.055457628409187, 9.017759658366064 ], [ 80.055297780644835, 9.016956930680729 ], [ 80.054333163569353, 9.014949011040224 ], [ 80.054012207912237, 9.013985486563262 ], [ 80.052639593843693, 9.014223530390225 ], [ 80.051268251429249, 9.013819639582401 ], [ 80.049735005068428, 9.013656150542039 ], [ 80.049010016400601, 9.012932552970963 ], [ 80.048849546298882, 9.012450789004474 ], [ 80.048608522733588, 9.01188862432708 ], [ 80.047965641487153, 9.011098582417874 ], [ 80.047640685832334, 9.010262974480909 ], [ 80.04806163849284, 9.009753544616444 ], [ 80.049661780751492, 9.009884655213749 ], [ 80.052083966031574, 9.009488192190236 ], [ 80.052407927571707, 9.008927135769582 ], [ 80.050960184410116, 9.006356573445057 ], [ 80.049833078035192, 9.004910017243247 ], [ 80.048706617994512, 9.00314249349036 ], [ 80.04774318707716, 9.000572872637724 ], [ 80.045489363297378, 8.997519259340828 ], [ 80.043803619294238, 8.995458931763482 ], [ 80.042858455253068, 8.99506373293465 ], [ 80.041932477149047, 8.994100941438134 ], [ 80.041006349765809, 8.993215024671915 ], [ 80.040349707019686, 8.992906215440943 ], [ 80.039614812918018, 8.993058510849869 ], [ 80.039265615721661, 8.993672830484686 ], [ 80.039301651231781, 8.994979805485707 ], [ 80.039723154943559, 8.996864121826258 ], [ 80.039450042344001, 8.998093604580836 ], [ 80.039447955532779, 8.999131435072909 ], [ 80.040180467390897, 9.000170725892488 ], [ 80.039444013091838, 9.001091782703288 ], [ 80.038629762693517, 9.002243311903145 ], [ 80.035145602518455, 9.005863332446673 ], [ 80.034036942609731, 9.006921417639292 ], [ 80.032349370508314, 9.008605170188824 ], [ 80.027165730783508, 9.01285055582156 ], [ 80.026450555757052, 9.014073643953504 ], [ 80.026241579763152, 9.014248707958556 ], [ 80.026532442504802, 9.014164301318674 ], [ 80.026766809548633, 9.013839510721798 ], [ 80.027070429368692, 9.013933058172546 ], [ 80.027630359861675, 9.014398857491189 ], [ 80.028003473379741, 9.014794577920988 ], [ 80.028283250110391, 9.015120408030596 ], [ 80.028352457448662, 9.015561981024547 ], [ 80.028584971441717, 9.016143283110903 ], [ 80.028912012228247, 9.016213643364454 ], [ 80.029940585169399, 9.016076319463304 ], [ 80.030033386936694, 9.016015084621014 ], [ 80.030129858718666, 9.015990272931468 ], [ 80.030397572859712, 9.015810083676929 ], [ 80.030740163424582, 9.01561941400414 ], [ 80.031104098632355, 9.015450048192868 ], [ 80.031478770515463, 9.015259442372441 ], [ 80.031885394180733, 9.015132686819525 ], [ 80.032366851789519, 9.015016712301106 ], [ 80.032773365982422, 9.014943110850753 ], [ 80.033254801549717, 9.014837766153851 ], [ 80.033714719108403, 9.014796165873646 ], [ 80.033962951733969, 9.014760112428799 ], [ 80.034313742602819, 9.014712317816974 ], [ 80.034698847308761, 9.014649303235638 ], [ 80.035116119128617, 9.014543827452457 ], [ 80.035458598672363, 9.014406308244908 ], [ 80.035482763810151, 9.014391425367226 ], [ 80.035763346122792, 9.01432228631322 ], [ 80.036184102356401, 9.014276661485145 ], [ 80.036581112644484, 9.014416855385029 ], [ 80.036767651066711, 9.014626328056044 ], [ 80.037047905629152, 9.014719820829921 ], [ 80.03739822360177, 9.014836686511561 ], [ 80.037701706940368, 9.014999925769116 ], [ 80.037957887598736, 9.015441870056996 ], [ 80.038261138209634, 9.015721274582186 ], [ 80.038434797922008, 9.01652317177062 ], [ 80.038013992236799, 9.016592032115279 ], [ 80.037896905882917, 9.01670796461425 ], [ 80.03775635541929, 9.016870317589852 ], [ 80.037802299100306, 9.017265375903674 ], [ 80.038105409372662, 9.017614480937768 ], [ 80.038196921505318, 9.01859046346309 ], [ 80.038056229636055, 9.018822515878083 ], [ 80.037985602580321, 9.019077942189234 ], [ 80.03800840991579, 9.019356787279344 ], [ 80.03810128147876, 9.019659006318825 ], [ 80.038521387449649, 9.019938644032241 ], [ 80.039268494388423, 9.020311866830808 ], [ 80.039945772402035, 9.020545548024334 ], [ 80.040517766473386, 9.020837103503172 ], [ 80.040961058437432, 9.021209718626245 ], [ 80.041567713258814, 9.021698824030295 ], [ 80.042244155695954, 9.022350701556565 ], [ 80.042733866992009, 9.022886039617743 ], [ 80.043410267141013, 9.023561148447898 ], [ 80.044133829261753, 9.024027248565549 ], [ 80.044437370861175, 9.024167249877028 ], [ 80.04444463260981, 9.024266141177897 ] ] ] ] } },
{ "type": "Feature", "properties": { "OBJECTID_1": 124, "PROVINCE_N": "Northern", "DISTRICT_N": "Mannar", "DSD_N": "Nanattan", "GND_N": "Aththikkuli", "GND_C": "MN/116", "TOTAL_POPU": 388, "EXIS_COVE": "Yes", "SUP_LEV": "24", "SCH_NAME": "Vankalai Wss", "RWS_SCHE": "<Null>", "PROJ_DETAI": "<Null>", "WATER_SOUR": "Borehole", "PROJ_NAME": "<Null>", "COVER_PER": 50, "P_POP": 422, "GRO_RATE": 1.2, "COVE_2018": 50.0, "WATER_QUAL": "Complied", "COVE_2020": 50.0, "COVE_2025": 50.0, "COVE_2030": 50.0, "Shape_Leng": 6073.4898924299996, "Shape_Area": 1244786.4821500001, "OBJECTID_2": null, "OBJECTID_3": null, "OBJECTID": null, "EX_SCH_NAM": null, "RWS_Name": null, "SUP_LEVEL": null, "layer": "Sche_Mannar", "path": "C:/Users/MB/Downloads/New folder (2)/Sem 05/Advanced GIS and Remote Sensing for Planning/WEB MAP/pipebornewatermaps (2)/Shape Files/Shape Files/WSS Shape Files/Sche_Mannar.shx|layername=Sche_Mannar" }, "geometry": { "type": "MultiPolygon", "coordinates": [ [ [ [ 80.006624512517007, 8.854395012129098 ], [ 80.007298463652987, 8.85425533326883 ], [ 80.007777007842037, 8.854309206408516 ], [ 80.008237860641003, 8.854345410849241 ], [ 80.01086177175614, 8.854262594366903 ], [ 80.01029573140687, 8.853037700219645 ], [ 80.0103610741875, 8.852092006159843 ], [ 80.009938288707403, 8.851428228859353 ], [ 80.009946450518413, 8.851086976732683 ], [ 80.010018448662365, 8.850558163579832 ], [ 80.009966570812125, 8.849923307176308 ], [ 80.009879202281112, 8.849306009669956 ], [ 80.010128041795483, 8.848989141297141 ], [ 80.010377062059234, 8.848584112073647 ], [ 80.010466098985475, 8.848390340832994 ], [ 80.0104135681798, 8.848072858553701 ], [ 80.010396347784976, 8.847825976139006 ], [ 80.010556113887603, 8.847720508737559 ], [ 80.010839574091776, 8.847809244839915 ], [ 80.011105126718789, 8.847986103591552 ], [ 80.01145942554399, 8.848110247167085 ], [ 80.011902399118071, 8.848216938317417 ], [ 80.012540628481887, 8.848200600619869 ], [ 80.012983458139104, 8.848377817457612 ], [ 80.013585765271401, 8.848590621663522 ], [ 80.014453951750866, 8.848821593836748 ], [ 80.015109406857931, 8.849052134323852 ], [ 80.01606612640002, 8.849336177922069 ], [ 80.016987067847921, 8.849778835496934 ], [ 80.017624584301927, 8.850115127968756 ], [ 80.017890033568548, 8.850344879131358 ], [ 80.018138257609991, 8.850327746757205 ], [ 80.01831560634426, 8.850292839557468 ], [ 80.018439951890656, 8.85016966538214 ], [ 80.018440310477544, 8.849993345585988 ], [ 80.018263498980147, 8.849763774074603 ], [ 80.017714874211137, 8.849304237342562 ], [ 80.017043017053794, 8.848421284244754 ], [ 80.016531000296794, 8.847397596115911 ], [ 80.017027875341938, 8.847151748959568 ], [ 80.017258873127147, 8.846887734488163 ], [ 80.017383647584182, 8.846552977735374 ], [ 80.017260883504832, 8.845900345513208 ], [ 80.017120858021926, 8.845018463637761 ], [ 80.016873104424803, 8.844806379920996 ], [ 80.016094030006641, 8.844346377070478 ], [ 80.015545521743348, 8.843833942905302 ], [ 80.015174109506162, 8.843410024975162 ], [ 80.015015570283211, 8.842916009394758 ], [ 80.014110860997377, 8.843213925156954 ], [ 80.013313020139194, 8.843265207304816 ], [ 80.01247986879649, 8.843245888050392 ], [ 80.011558082395325, 8.84322638714927 ], [ 80.010635932448778, 8.843383202621114 ], [ 80.010228057654402, 8.843452901137136 ], [ 80.009518853590222, 8.843504355241034 ], [ 80.009133984888507, 8.843539174352101 ], [ 80.008402372875778, 8.843736976824957 ], [ 80.007983544578394, 8.843980340479789 ], [ 80.007610428124678, 8.844106209996173 ], [ 80.007320379950102, 8.843961557726034 ], [ 80.007165156930682, 8.843942490557932 ], [ 80.007056102501053, 8.843906088071199 ], [ 80.006937842866776, 8.843923936220953 ], [ 80.006819601888452, 8.843932740064284 ], [ 80.006719567904099, 8.843932535834075 ], [ 80.006692565444524, 8.843796804356769 ], [ 80.006711183126455, 8.84358880614951 ], [ 80.006711537808755, 8.843416950588882 ], [ 80.006648234363453, 8.843244965960432 ], [ 80.006430390212628, 8.843045529200444 ], [ 80.006266958970699, 8.842918564258776 ], [ 80.006048871444406, 8.842836712722965 ], [ 80.00574850787514, 8.842962729987381 ], [ 80.00545723825897, 8.843088765589727 ], [ 80.005329791211224, 8.843151820498944 ], [ 80.005220400576292, 8.843278227845548 ], [ 80.005083860192414, 8.84334126315601 ], [ 80.004990949077552, 8.843573435591834 ], [ 80.004946551713743, 8.843775145797558 ], [ 80.004782540565742, 8.843928575917642 ], [ 80.004481894887405, 8.844190267747853 ], [ 80.004081458263542, 8.84433416899758 ], [ 80.003626250143029, 8.844577452939838 ], [ 80.003352960708824, 8.844803019016362 ], [ 80.003270570135243, 8.845065157293106 ], [ 80.003042900245134, 8.84521845595134 ], [ 80.002933396543881, 8.845399132575666 ], [ 80.002886874720332, 8.845905561158725 ], [ 80.002884641425069, 8.846981919246833 ], [ 80.003018970020463, 8.847986197799923 ], [ 80.003145893726767, 8.848176404801356 ], [ 80.003400154214361, 8.848357827832784 ], [ 80.00341768619316, 8.848674440422597 ], [ 80.00351712115804, 8.848964087239994 ], [ 80.003543709996336, 8.849298807902787 ], [ 80.003506807605007, 8.849551994212248 ], [ 80.00353251474111, 8.850311832976871 ], [ 80.00375142640894, 8.852023780686698 ], [ 80.003808081656643, 8.85327843018694 ], [ 80.004357096696808, 8.853544036051433 ], [ 80.004923730928951, 8.853862572351655 ], [ 80.00536634372294, 8.854145589944052 ], [ 80.005880232798702, 8.854252433843756 ], [ 80.00618135236806, 8.854376473899881 ], [ 80.006624512517007, 8.854395012129098 ] ] ] ] } },
{ "type": "Feature", "properties": { "OBJECTID_1": 126, "PROVINCE_N": "Northern", "DISTRICT_N": "Mannar", "DSD_N": "Nanattan", "GND_N": "Chemmantheevu", "GND_C": "MN/117", "TOTAL_POPU": 468, "EXIS_COVE": "Yes", "SUP_LEV": "24", "SCH_NAME": "Murunkan Wss", "RWS_SCHE": "<Null>", "PROJ_DETAI": "ON_GO", "WATER_SOUR": "Borehole", "PROJ_NAME": "ADB 5th Project", "COVER_PER": 75, "P_POP": 509, "GRO_RATE": 1.2, "COVE_2018": 75.0, "WATER_QUAL": "Non_complied", "COVE_2020": 100.0, "COVE_2025": 100.0, "COVE_2030": 100.0, "Shape_Leng": 15332.143112100001, "Shape_Area": 10957314.253699999, "OBJECTID_2": null, "OBJECTID_3": null, "OBJECTID": null, "EX_SCH_NAM": null, "RWS_Name": null, "SUP_LEVEL": null, "layer": "Sche_Mannar", "path": "C:/Users/MB/Downloads/New folder (2)/Sem 05/Advanced GIS and Remote Sensing for Planning/WEB MAP/pipebornewatermaps (2)/Shape Files/Shape Files/WSS Shape Files/Sche_Mannar.shx|layername=Sche_Mannar" }, "geometry": { "type": "MultiPolygon", "coordinates": [ [ [ [ 80.035028511081237, 8.843011794911064 ], [ 80.032640068703159, 8.841223241839481 ], [ 80.032392905393166, 8.840711423962999 ], [ 80.032038710272602, 8.840534404915973 ], [ 80.031808746919509, 8.840287101460646 ], [ 80.031632142788439, 8.839951743586942 ], [ 80.031526552960372, 8.839563629545314 ], [ 80.031207497143441, 8.839545367297543 ], [ 80.030338542718823, 8.839702338698906 ], [ 80.03012666187287, 8.839278749932317 ], [ 80.029932260998763, 8.838978619503312 ], [ 80.029737296023555, 8.838960601568463 ], [ 80.029312408434052, 8.838677647619491 ], [ 80.029136159410484, 8.83816596844834 ], [ 80.027097211655544, 8.838320613317476 ], [ 80.023249554587551, 8.838736120677453 ], [ 80.023372222237072, 8.839441646992571 ], [ 80.023052989527784, 8.839511537886978 ], [ 80.022910352303953, 8.839916789892554 ], [ 80.022874007508364, 8.840357518335171 ], [ 80.022961433611613, 8.840957182734725 ], [ 80.023118879437945, 8.84199778711524 ], [ 80.023258312729851, 8.843179412081428 ], [ 80.023468550829591, 8.844414073732795 ], [ 80.023769704443268, 8.844520467522772 ], [ 80.024000018313345, 8.844591455554479 ], [ 80.024389845544647, 8.844680392847744 ], [ 80.024673379672365, 8.844733854559186 ], [ 80.02497460501769, 8.844804983406908 ], [ 80.027709643743066, 8.84738483771536 ], [ 80.029094165435509, 8.848327765537814 ], [ 80.032325089318689, 8.846894907032199 ], [ 80.032752497060201, 8.846705356088592 ], [ 80.035970418845693, 8.84470597052079 ], [ 80.035028511081237, 8.843011794911064 ] ] ] ] } },
{ "type": "Feature", "properties": { "OBJECTID_1": 127, "PROVINCE_N": "Northern", "DISTRICT_N": "Mannar", "DSD_N": "Nanattan", "GND_N": "Chundikkuli", "GND_C": "MN/119", "TOTAL_POPU": 339, "EXIS_COVE": "Yes", "SUP_LEV": "24", "SCH_NAME": "Murunkan Wss", "RWS_SCHE": "<Null>", "PROJ_DETAI": "ON_GO", "WATER_SOUR": "Borehole", "PROJ_NAME": "ADB 5th Project", "COVER_PER": 50, "P_POP": 369, "GRO_RATE": 1.2, "COVE_2018": 50.0, "WATER_QUAL": "Non_complied", "COVE_2020": 75.0, "COVE_2025": 100.0, "COVE_2030": 100.0, "Shape_Leng": 7041.0709272699996, "Shape_Area": 1870699.26346, "OBJECTID_2": null, "OBJECTID_3": null, "OBJECTID": null, "EX_SCH_NAM": null, "RWS_Name": null, "SUP_LEVEL": null, "layer": "Sche_Mannar", "path": "C:/Users/MB/Downloads/New folder (2)/Sem 05/Advanced GIS and Remote Sensing for Planning/WEB MAP/pipebornewatermaps (2)/Shape Files/Shape Files/WSS Shape Files/Sche_Mannar.shx|layername=Sche_Mannar" }, "geometry": { "type": "MultiPolygon", "coordinates": [ [ [ [ 80.050096013743428, 8.839844489027525 ], [ 80.050727041464626, 8.839406950242346 ], [ 80.051419746670106, 8.83965899783025 ], [ 80.051987025602671, 8.839597408677683 ], [ 80.05249104311811, 8.839661054823356 ], [ 80.052366589071042, 8.83884598928473 ], [ 80.051863180051768, 8.838468949490492 ], [ 80.051611597627357, 8.838217750385295 ], [ 80.051927048598444, 8.838030318932617 ], [ 80.052557829008848, 8.837718134600124 ], [ 80.05356683034735, 8.8373439958365 ], [ 80.054170366817942, 8.837454334233982 ], [ 80.052940757794531, 8.835299810564006 ], [ 80.051084159496398, 8.83415434436929 ], [ 80.050750194814157, 8.833740354736257 ], [ 80.050437703944368, 8.832867184413452 ], [ 80.050434557287062, 8.832047920342662 ], [ 80.049763328902742, 8.830989236878473 ], [ 80.050295758303619, 8.830532058180278 ], [ 80.050793298232804, 8.829792839352159 ], [ 80.052140952567541, 8.829231482202717 ], [ 80.052388683216634, 8.829328552209528 ], [ 80.053310946804956, 8.828916505923106 ], [ 80.054587451301487, 8.828495990364242 ], [ 80.055190810635679, 8.828003692188362 ], [ 80.055971890368269, 8.827229760158268 ], [ 80.056289869679773, 8.82688318772265 ], [ 80.056220754620341, 8.826807276613428 ], [ 80.055402366702197, 8.825436489135649 ], [ 80.055090624706168, 8.824831319338184 ], [ 80.054525291874995, 8.823984325006572 ], [ 80.053960369159398, 8.82292585183043 ], [ 80.053535896836152, 8.82253732880978 ], [ 80.05215488194284, 8.822041234981201 ], [ 80.051162835929219, 8.821968840407312 ], [ 80.050844057180001, 8.821897735158132 ], [ 80.050809784633074, 8.821298480151377 ], [ 80.05052630461806, 8.821297935964946 ], [ 80.050243029902731, 8.82119165301369 ], [ 80.049809983886618, 8.821531523572478 ], [ 80.049050626086427, 8.8224438153196 ], [ 80.04782549079583, 8.823604412708086 ], [ 80.047365358424528, 8.824018866885174 ], [ 80.046804129030662, 8.824272922013163 ], [ 80.046428005787917, 8.824432398904561 ], [ 80.045787534744221, 8.824477866009657 ], [ 80.044024964833028, 8.824809496263731 ], [ 80.043832412556171, 8.824467448947141 ], [ 80.043425880946828, 8.823761956089106 ], [ 80.042286846229061, 8.824357675604988 ], [ 80.042350792182006, 8.824592701586365 ], [ 80.041298806341558, 8.824590656617639 ], [ 80.039881888922892, 8.824566542983339 ], [ 80.03882981947892, 8.824607200154015 ], [ 80.038789614896999, 8.825187563182071 ], [ 80.038364321530082, 8.825221978934191 ], [ 80.036946283112428, 8.825536423224968 ], [ 80.03754735939691, 8.826207279844402 ], [ 80.037863770330802, 8.827476765747971 ], [ 80.03846471295509, 8.828218113378911 ], [ 80.038995759727996, 8.828465874905511 ], [ 80.039172172228177, 8.828853928577672 ], [ 80.04005653584835, 8.829631073358764 ], [ 80.041751350976796, 8.832736052384178 ], [ 80.043681564165411, 8.835688309428146 ], [ 80.044400348718682, 8.837182240861498 ], [ 80.045999879515136, 8.839836581193738 ], [ 80.047008525423919, 8.839650495600248 ], [ 80.048206834426395, 8.839151378837151 ], [ 80.048900636540125, 8.838839322693598 ], [ 80.049468280499028, 8.838589700882222 ], [ 80.049404285943154, 8.839091009262942 ], [ 80.049529100545186, 8.83971803886889 ], [ 80.049591629576526, 8.839968875163787 ], [ 80.050096013743428, 8.839844489027525 ] ] ] ] } },
{ "type": "Feature", "properties": { "OBJECTID_1": 133, "PROVINCE_N": "Northern", "DISTRICT_N": "Mannar", "DSD_N": "Nanattan", "GND_N": "Kanchithalvu", "GND_C": "MN/115", "TOTAL_POPU": 48, "EXIS_COVE": "Yes", "SUP_LEV": "24", "SCH_NAME": "Vankalai Wss", "RWS_SCHE": "<Null>", "PROJ_DETAI": "<Null>", "WATER_SOUR": "Borehole", "PROJ_NAME": "<Null>", "COVER_PER": 100, "P_POP": 52, "GRO_RATE": 1.2, "COVE_2018": 100.0, "WATER_QUAL": "Complied", "COVE_2020": 100.0, "COVE_2025": 100.0, "COVE_2030": 100.0, "Shape_Leng": 8708.5187025899995, "Shape_Area": 2512227.0154400002, "OBJECTID_2": null, "OBJECTID_3": null, "OBJECTID": null, "EX_SCH_NAM": null, "RWS_Name": null, "SUP_LEVEL": null, "layer": "Sche_Mannar", "path": "C:/Users/MB/Downloads/New folder (2)/Sem 05/Advanced GIS and Remote Sensing for Planning/WEB MAP/pipebornewatermaps (2)/Shape Files/Shape Files/WSS Shape Files/Sche_Mannar.shx|layername=Sche_Mannar" }, "geometry": { "type": "MultiPolygon", "coordinates": [ [ [ [ 80.006971297431733, 8.86265279847956 ], [ 80.008485639766647, 8.861245655256051 ], [ 80.009278264172281, 8.862239087509796 ], [ 80.009761745942711, 8.862023113704003 ], [ 80.010089441629546, 8.861791324674941 ], [ 80.010495396407094, 8.86138922624961 ], [ 80.010791767898226, 8.861234858304563 ], [ 80.011244212131288, 8.860956830064513 ], [ 80.011743973496451, 8.860399950577582 ], [ 80.01246117599581, 8.860184446872639 ], [ 80.013100088949997, 8.860154749636376 ], [ 80.014146580377769, 8.860100664568103 ], [ 80.014670474673892, 8.8595384950235 ], [ 80.015069406027067, 8.858160435132739 ], [ 80.015075939463387, 8.858137866038019 ], [ 80.015681322270609, 8.85693976265345 ], [ 80.015946166982232, 8.856415609713538 ], [ 80.016284787961666, 8.855119915129022 ], [ 80.016801272483775, 8.853957246281395 ], [ 80.017494995750255, 8.85281256469225 ], [ 80.018348049110273, 8.851773993463889 ], [ 80.019023426194721, 8.850929015273806 ], [ 80.019988983527142, 8.850008537587593 ], [ 80.020236021857812, 8.84965269065674 ], [ 80.021762638111525, 8.848236410286994 ], [ 80.023375355739248, 8.846670788682204 ], [ 80.025098200610813, 8.845052078889189 ], [ 80.02497460501769, 8.844804983406908 ], [ 80.024673379672365, 8.844733854559186 ], [ 80.024389845544647, 8.844680392847744 ], [ 80.024000018313345, 8.844591455554479 ], [ 80.023769704443268, 8.844520467522772 ], [ 80.023468550829591, 8.844414073732795 ], [ 80.023255962903391, 8.844343120802183 ], [ 80.022759201200031, 8.844536080906961 ], [ 80.022386068366458, 8.844958503629334 ], [ 80.021889342040353, 8.845133829567429 ], [ 80.021428212296925, 8.84523869873389 ], [ 80.020701204618646, 8.845325402326747 ], [ 80.020311377931577, 8.84523646031089 ], [ 80.019973150345876, 8.845253031360766 ], [ 80.018893356399303, 8.845145453144029 ], [ 80.017687887080342, 8.845143028798287 ], [ 80.017120858021926, 8.845018463637761 ], [ 80.017260883504832, 8.845900345513208 ], [ 80.017383647584182, 8.846552977735374 ], [ 80.017258873127147, 8.846887734488163 ], [ 80.017027875341938, 8.847151748959568 ], [ 80.016531000296794, 8.847397596115911 ], [ 80.017043017053794, 8.848421284244754 ], [ 80.017714874211137, 8.849304237342562 ], [ 80.018263498980147, 8.849763774074603 ], [ 80.018440310477544, 8.849993345585988 ], [ 80.018439951890656, 8.85016966538214 ], [ 80.01831560634426, 8.850292839557468 ], [ 80.018138257609991, 8.850327746757205 ], [ 80.017890033568548, 8.850344879131358 ], [ 80.017624584301927, 8.850115127968756 ], [ 80.016987067847921, 8.849778835496934 ], [ 80.01606612640002, 8.849336177922069 ], [ 80.015109406857931, 8.849052134323852 ], [ 80.014453951750866, 8.848821593836748 ], [ 80.013585765271401, 8.848590621663522 ], [ 80.012983458139104, 8.848377817457612 ], [ 80.012540628481887, 8.848200600619869 ], [ 80.011902399118071, 8.848216938317417 ], [ 80.01145942554399, 8.848110247167085 ], [ 80.011105126718789, 8.847986103591552 ], [ 80.010839574091776, 8.847809244839915 ], [ 80.010556113887603, 8.847720508737559 ], [ 80.010396347784976, 8.847825976139006 ], [ 80.0104135681798, 8.848072858553701 ], [ 80.010466098985475, 8.848390340832994 ], [ 80.010377062059234, 8.848584112073647 ], [ 80.010128041795483, 8.848989141297141 ], [ 80.009879202281112, 8.849306009669956 ], [ 80.009966570812125, 8.849923307176308 ], [ 80.010018448662365, 8.850558163579832 ], [ 80.009946450518413, 8.851086976732683 ], [ 80.009938288707403, 8.851428228859353 ], [ 80.0103610741875, 8.852092006159843 ], [ 80.01029573140687, 8.853037700219645 ], [ 80.01086177175614, 8.854262594366903 ], [ 80.008237860641003, 8.854345410849241 ], [ 80.007777007842037, 8.854309206408516 ], [ 80.007298463652987, 8.85425533326883 ], [ 80.006624512517007, 8.854395012129098 ], [ 80.00618135236806, 8.854376473899881 ], [ 80.005880232798702, 8.854252433843756 ], [ 80.00536634372294, 8.854145589944052 ], [ 80.004923730928951, 8.853862572351655 ], [ 80.004357096696808, 8.853544036051433 ], [ 80.003808081656643, 8.85327843018694 ], [ 80.001324111464541, 8.852114418776278 ], [ 80.00115052245927, 8.85249716311063 ], [ 80.000953974884681, 8.853237299833172 ], [ 80.001006277598307, 8.853660574153405 ], [ 80.001233657592877, 8.855142125023535 ], [ 80.000115880710467, 8.855580620423213 ], [ 80.000486918060403, 8.85618087068808 ], [ 80.000716647466305, 8.856533982744562 ], [ 80.001637327686666, 8.857100101211007 ], [ 80.002162521018477, 8.857725463909135 ], [ 80.003067646537119, 8.859095961179303 ], [ 80.002987903202211, 8.859979131507345 ], [ 80.003094528060217, 8.861157128331884 ], [ 80.003185700148293, 8.862273107005606 ], [ 80.003178937875006, 8.862411545881676 ], [ 80.004634642182012, 8.862353567637872 ], [ 80.005086031863485, 8.862586949708433 ], [ 80.006971297431733, 8.86265279847956 ] ] ] ] } },
{ "type": "Feature", "properties": { "OBJECTID_1": 136, "PROVINCE_N": "Northern", "DISTRICT_N": "Mannar", "DSD_N": "Nanattan", "GND_N": "Murunkan", "GND_C": "MN/118", "TOTAL_POPU": 1378, "EXIS_COVE": "Yes", "SUP_LEV": "24", "SCH_NAME": "Murunkan Wss", "RWS_SCHE": "<Null>", "PROJ_DETAI": "ON_GO", "WATER_SOUR": "Borehole", "PROJ_NAME": "ADB 5th Project", "COVER_PER": 100, "P_POP": 1498, "GRO_RATE": 1.2, "COVE_2018": 100.0, "WATER_QUAL": "Non_complied", "COVE_2020": 100.0, "COVE_2025": 100.0, "COVE_2030": 100.0, "Shape_Leng": 8698.7763107200008, "Shape_Area": 4060579.9139700001, "OBJECTID_2": null, "OBJECTID_3": null, "OBJECTID": null, "EX_SCH_NAM": null, "RWS_Name": null, "SUP_LEVEL": null, "layer": "Sche_Mannar", "path": "C:/Users/MB/Downloads/New folder (2)/Sem 05/Advanced GIS and Remote Sensing for Planning/WEB MAP/pipebornewatermaps (2)/Shape Files/Shape Files/WSS Shape Files/Sche_Mannar.shx|layername=Sche_Mannar" }, "geometry": { "type": "MultiPolygon", "coordinates": [ [ [ [ 80.045999879515136, 8.839836581193738 ], [ 80.044400348718682, 8.837182240861498 ], [ 80.043681564165411, 8.835688309428146 ], [ 80.041751350976796, 8.832736052384178 ], [ 80.04005653584835, 8.829631073358764 ], [ 80.039172172228177, 8.828853928577672 ], [ 80.038995759727996, 8.828465874905511 ], [ 80.03846471295509, 8.828218113378911 ], [ 80.037863770330802, 8.827476765747971 ], [ 80.03754735939691, 8.826207279844402 ], [ 80.036946283112428, 8.825536423224968 ], [ 80.036995781865443, 8.825962410412767 ], [ 80.036942078533215, 8.826226787480405 ], [ 80.036746597097491, 8.826473253025487 ], [ 80.036444754065684, 8.826719511033632 ], [ 80.0359480919943, 8.826877227156851 ], [ 80.035700023351893, 8.826823844427835 ], [ 80.035416221667134, 8.826911448560409 ], [ 80.035309862127761, 8.826911239923055 ], [ 80.035221508153498, 8.826770009481864 ], [ 80.035044521516923, 8.826628606005128 ], [ 80.034814109061685, 8.82661052163415 ], [ 80.034211157183663, 8.826732761576165 ], [ 80.033341918400822, 8.827048431164499 ], [ 80.032933888629813, 8.827206316586665 ], [ 80.032330969594426, 8.827310922219471 ], [ 80.03188811795404, 8.827151360513097 ], [ 80.031586623750911, 8.827221294660955 ], [ 80.031231878908855, 8.827326387756836 ], [ 80.031072373375423, 8.827308440941824 ], [ 80.030735425452846, 8.827378304425251 ], [ 80.030380222694987, 8.827712612416102 ], [ 80.029989460093105, 8.828099746091905 ], [ 80.029510239839212, 8.828398543795632 ], [ 80.028782596676749, 8.828820273918069 ], [ 80.028214880832195, 8.829048367072289 ], [ 80.027736116450669, 8.829117945795225 ], [ 80.026565264794684, 8.829556424498183 ], [ 80.025678216469174, 8.829907304062333 ], [ 80.023638889071947, 8.830273517169001 ], [ 80.022184970483877, 8.8304293036842 ], [ 80.021139016619713, 8.830462477090256 ], [ 80.020287879724705, 8.830584198135604 ], [ 80.019896997073289, 8.831024216128732 ], [ 80.019505970559152, 8.831534761632604 ], [ 80.019274699703558, 8.831939833735555 ], [ 80.019114335146625, 8.832345048802763 ], [ 80.019167086935212, 8.83255673857108 ], [ 80.019290460619445, 8.832909626557694 ], [ 80.020050432593067, 8.834039600093428 ], [ 80.020049718255422, 8.834392240114955 ], [ 80.020598220437847, 8.834904667296614 ], [ 80.021110698302664, 8.835699134894304 ], [ 80.021516245813629, 8.836775501243306 ], [ 80.02192318546517, 8.837164219974946 ], [ 80.022311829709977, 8.8378350132019 ], [ 80.022558229043213, 8.838717107742504 ], [ 80.023249554587551, 8.838736120677453 ], [ 80.027097211655544, 8.838320613317476 ], [ 80.029136159410484, 8.83816596844834 ], [ 80.029312408434052, 8.838677647619491 ], [ 80.029737296023555, 8.838960601568463 ], [ 80.029932260998763, 8.838978619503312 ], [ 80.03012666187287, 8.839278749932317 ], [ 80.030338542718823, 8.839702338698906 ], [ 80.031207497143441, 8.839545367297543 ], [ 80.031526552960372, 8.839563629545314 ], [ 80.031632142788439, 8.839951743586942 ], [ 80.031808746919509, 8.840287101460646 ], [ 80.032038710272602, 8.840534404915973 ], [ 80.032392905393166, 8.840711423962999 ], [ 80.032640068703159, 8.841223241839481 ], [ 80.035028511081237, 8.843011794911064 ], [ 80.036416145576027, 8.84238773312496 ], [ 80.03805597133892, 8.841701481016903 ], [ 80.040262702096939, 8.841141685223173 ], [ 80.042847900628104, 8.840394575219619 ], [ 80.044802180176461, 8.840022297415182 ], [ 80.045999879515136, 8.839836581193738 ] ] ] ] } },
{ "type": "Feature", "properties": { "OBJECTID_1": 138, "PROVINCE_N": "Northern", "DISTRICT_N": "Mannar", "DSD_N": "Nanattan", "GND_N": "Naruvilikkulam", "GND_C": "MN/101", "TOTAL_POPU": 877, "EXIS_COVE": "Yes", "SUP_LEV": "24", "SCH_NAME": "Vankalai Wss", "RWS_SCHE": "<Null>", "PROJ_DETAI": "<Null>", "WATER_SOUR": "Borehole", "PROJ_NAME": "<Null>", "COVER_PER": 25, "P_POP": 953, "GRO_RATE": 1.2, "COVE_2018": 25.0, "WATER_QUAL": "Complied", "COVE_2020": 25.0, "COVE_2025": 25.0, "COVE_2030": 25.0, "Shape_Leng": 16515.0295553, "Shape_Area": 4505792.9714200003, "OBJECTID_2": null, "OBJECTID_3": null, "OBJECTID": null, "EX_SCH_NAM": null, "RWS_Name": null, "SUP_LEVEL": null, "layer": "Sche_Mannar", "path": "C:/Users/MB/Downloads/New folder (2)/Sem 05/Advanced GIS and Remote Sensing for Planning/WEB MAP/pipebornewatermaps (2)/Shape Files/Shape Files/WSS Shape Files/Sche_Mannar.shx|layername=Sche_Mannar" }, "geometry": { "type": "MultiPolygon", "coordinates": [ [ [ [ 79.945967106208286, 8.874960271608261 ], [ 79.946243894853794, 8.874923357048148 ], [ 79.947028959744358, 8.875157999562484 ], [ 79.947550821652058, 8.875458963698861 ], [ 79.948052140789684, 8.875959756792065 ], [ 79.948633851117322, 8.876460725655344 ], [ 79.949096714653066, 8.876181921737439 ], [ 79.950163033190918, 8.875664595456085 ], [ 79.951208763549587, 8.875367082756933 ], [ 79.952354845989348, 8.875129749283255 ], [ 79.95358547762757, 8.874852080786427 ], [ 79.95326630449317, 8.873915293828158 ], [ 79.953160084124804, 8.873593162177817 ], [ 79.953090414007065, 8.873124194914883 ], [ 79.953012351582828, 8.872897430163215 ], [ 79.952989942135019, 8.872373871026458 ], [ 79.952921017816948, 8.871568922622442 ], [ 79.952882393241495, 8.871271921575586 ], [ 79.95282854145789, 8.870756107127663 ], [ 79.952610344298677, 8.869950829639009 ], [ 79.952540295026992, 8.869653760578156 ], [ 79.952392200814799, 8.869122112185073 ], [ 79.95222865392077, 8.868473226223388 ], [ 79.952112228798001, 8.867832257207098 ], [ 79.951963719844471, 8.867488134174803 ], [ 79.95175825163237, 8.866942646576952 ], [ 79.951339047261825, 8.866472942844277 ], [ 79.950776467385467, 8.866411744573794 ], [ 79.949831380317946, 8.86664951767006 ], [ 79.948865618294704, 8.867147078972586 ], [ 79.948282674526212, 8.867205757982923 ], [ 79.948122032507058, 8.867145441041608 ], [ 79.94581535333478, 8.865141606760259 ], [ 79.943669562644274, 8.863098139833504 ], [ 79.945923916082549, 8.861524115689161 ], [ 79.94703101107315, 8.860727060471786 ], [ 79.949178813265249, 8.858804163594636 ], [ 79.949463885359108, 8.858557184347836 ], [ 79.949439860861219, 8.858538878626435 ], [ 79.94890360478739, 8.858130272954249 ], [ 79.948590250825347, 8.858056214830762 ], [ 79.948516930986784, 8.85785428868946 ], [ 79.948480576665276, 8.857615759947681 ], [ 79.948315086861584, 8.857395288529878 ], [ 79.948149597247721, 8.857174817958416 ], [ 79.948279385654104, 8.856863286119699 ], [ 79.948667038175884, 8.856699058193991 ], [ 79.949202307755542, 8.856498471330557 ], [ 79.949848270518842, 8.856279783472083 ], [ 79.950125106070018, 8.856188680204856 ], [ 79.950144118368485, 8.855931930661674 ], [ 79.950034035546437, 8.855674897657639 ], [ 79.9501083737523, 8.855418269593786 ], [ 79.950385452778832, 8.855217113826738 ], [ 79.95055200096796, 8.854960688006345 ], [ 79.950589414382989, 8.854722321200368 ], [ 79.950497773745482, 8.854465329688667 ], [ 79.9504619065264, 8.854006694707184 ], [ 79.950462476151785, 8.853749904619237 ], [ 79.950223340893515, 8.85347424605853 ], [ 79.949965478860875, 8.853326942369053 ], [ 79.94961495917363, 8.853381199024435 ], [ 79.949282555626311, 8.853582233664422 ], [ 79.949060926203657, 8.853728484196521 ], [ 79.948821139802988, 8.853746299492954 ], [ 79.948489959073214, 8.853397068760714 ], [ 79.948213982103454, 8.853102985607682 ], [ 79.94801140685351, 8.852974144716475 ], [ 79.947841644009898, 8.853173583867498 ], [ 79.947238937362641, 8.853092306694084 ], [ 79.946415485482873, 8.852870629803375 ], [ 79.945431489486168, 8.852548658851511 ], [ 79.944808644415971, 8.852487321399005 ], [ 79.944506979598032, 8.852586591929743 ], [ 79.944164898995695, 8.852785710797274 ], [ 79.94334037797266, 8.853043723964433 ], [ 79.942616739151617, 8.853122071724037 ], [ 79.941952850653493, 8.853440399464223 ], [ 79.941449864148723, 8.853699120888963 ], [ 79.94112796740751, 8.853858306538246 ], [ 79.940946294821742, 8.854217677087028 ], [ 79.94022117120592, 8.854955601161688 ], [ 79.939456482193322, 8.855413612732514 ], [ 79.938994133652784, 8.855472546106846 ], [ 79.938431439116229, 8.855471293502475 ], [ 79.937949489873077, 8.855310320244994 ], [ 79.937043313857146, 8.85612778465738 ], [ 79.936418344481723, 8.857005836316443 ], [ 79.935250772044157, 8.857882673797127 ], [ 79.93430384637054, 8.858939888563716 ], [ 79.933538236864536, 8.859797631461912 ], [ 79.933436244622271, 8.85999937036771 ], [ 79.933731036017889, 8.860557931578718 ], [ 79.934148583538644, 8.861569798455012 ], [ 79.934115101647279, 8.861571943133123 ], [ 79.934408956247125, 8.863248757890878 ], [ 79.934563468256641, 8.864323537874093 ], [ 79.934585302813517, 8.864997342460123 ], [ 79.934545356510924, 8.865843234350718 ], [ 79.934625499561605, 8.867878319702882 ], [ 79.934560843060865, 8.86947510553339 ], [ 79.934605544389882, 8.870677957096355 ], [ 79.934717071518932, 8.87067527846844 ], [ 79.934802752668091, 8.872130348367259 ], [ 79.934914422440727, 8.873384119314586 ], [ 79.935037454915644, 8.874444765468192 ], [ 79.935054456728579, 8.874454208453946 ], [ 79.935100177907671, 8.874895737791768 ], [ 79.935098335869299, 8.875708887077867 ], [ 79.935002839507263, 8.876614758748937 ], [ 79.934936778772538, 8.876952288969536 ], [ 79.937891134133139, 8.876831164593453 ], [ 79.94101206259343, 8.876500828461221 ], [ 79.9443382902911, 8.875361417355128 ], [ 79.945967106208286, 8.874960271608261 ] ] ] ] } },
{ "type": "Feature", "properties": { "OBJECTID_1": 146, "PROVINCE_N": "Northern", "DISTRICT_N": "Mannar", "DSD_N": "Nanattan", "GND_N": "Sirukandal", "GND_C": "MN/120", "TOTAL_POPU": 533, "EXIS_COVE": "Yes", "SUP_LEV": "24", "SCH_NAME": "Murunkan Wss", "RWS_SCHE": "<Null>", "PROJ_DETAI": "<Null>", "WATER_SOUR": "Borehole", "PROJ_NAME": "<Null>", "COVER_PER": 100, "P_POP": 579, "GRO_RATE": 1.2, "COVE_2018": 100.0, "WATER_QUAL": "Non_complied", "COVE_2020": 100.0, "COVE_2025": 100.0, "COVE_2030": 100.0, "Shape_Leng": 14197.308729599999, "Shape_Area": 5085058.1116300002, "OBJECTID_2": null, "OBJECTID_3": null, "OBJECTID": null, "EX_SCH_NAM": null, "RWS_Name": null, "SUP_LEVEL": null, "layer": "Sche_Mannar", "path": "C:/Users/MB/Downloads/New folder (2)/Sem 05/Advanced GIS and Remote Sensing for Planning/WEB MAP/pipebornewatermaps (2)/Shape Files/Shape Files/WSS Shape Files/Sche_Mannar.shx|layername=Sche_Mannar" }, "geometry": { "type": "MultiPolygon", "coordinates": [ [ [ [ 80.047365358424528, 8.824018866885174 ], [ 80.04782549079583, 8.823604412708086 ], [ 80.049050626086427, 8.8224438153196 ], [ 80.049809983886618, 8.821531523572478 ], [ 80.049289633771892, 8.821257031029171 ], [ 80.047838009428261, 8.82024017057082 ], [ 80.046354279037558, 8.819418491906521 ], [ 80.04679052283565, 8.819015859627273 ], [ 80.047626765082398, 8.818441927326923 ], [ 80.048283601992878, 8.818099052394681 ], [ 80.04863585676631, 8.817939527094097 ], [ 80.048868774367648, 8.817797572259439 ], [ 80.049006261354364, 8.817649500577442 ], [ 80.049125955691409, 8.817447992595026 ], [ 80.04932473468476, 8.817053730338083 ], [ 80.049622749697619, 8.816684162512862 ], [ 80.049902380970636, 8.816407089046951 ], [ 80.050138246700243, 8.816557024667812 ], [ 80.050610764725747, 8.816451158291677 ], [ 80.051362498832916, 8.816281761672618 ], [ 80.051470711497274, 8.815833520011697 ], [ 80.051407132978824, 8.815406303773091 ], [ 80.051729740459479, 8.815107956429806 ], [ 80.052160186863262, 8.814553558168265 ], [ 80.052057647023858, 8.81411474735949 ], [ 80.051540782365365, 8.812908059095863 ], [ 80.051562622877768, 8.812715907923794 ], [ 80.051777555079141, 8.812588191483496 ], [ 80.051885269966206, 8.81239620560825 ], [ 80.051757409163244, 8.811904802249021 ], [ 80.051736519365321, 8.811605795821523 ], [ 80.052209030693604, 8.811499926867219 ], [ 80.052745987213058, 8.811372824936045 ], [ 80.053261559368465, 8.811202972879782 ], [ 80.053670159427782, 8.810840722715726 ], [ 80.054551020277373, 8.810500727658322 ], [ 80.055217197639124, 8.810160322351638 ], [ 80.055904635826764, 8.809926728831154 ], [ 80.056656191717735, 8.809842739731451 ], [ 80.057601699547035, 8.809374731762864 ], [ 80.056745675133172, 8.807963693030828 ], [ 80.055118408100611, 8.80571834845728 ], [ 80.054561882762243, 8.804863098300718 ], [ 80.055013163511703, 8.804629055470372 ], [ 80.054735025640085, 8.804137366576938 ], [ 80.05462859065095, 8.80366735943017 ], [ 80.056627038087939, 8.802667489660736 ], [ 80.05617793513251, 8.801769736478851 ], [ 80.055814376914384, 8.801042983261244 ], [ 80.055858256338794, 8.80055190744965 ], [ 80.055515798886262, 8.800017387455666 ], [ 80.05528117263141, 8.799226814986346 ], [ 80.055197149985858, 8.798265691331689 ], [ 80.055112963314201, 8.797389987081713 ], [ 80.055050039056482, 8.796621095918637 ], [ 80.055008417231249, 8.795937665023462 ], [ 80.054645031391843, 8.795125492558038 ], [ 80.054410285996994, 8.794398983636933 ], [ 80.054046326303677, 8.793885776509098 ], [ 80.053574743057837, 8.79352184693442 ], [ 80.052781315033982, 8.793071884028686 ], [ 80.052009275658833, 8.792664670755194 ], [ 80.051409139194234, 8.792172364057674 ], [ 80.051409964218536, 8.791745272522027 ], [ 80.051411201682981, 8.791104632035683 ], [ 80.051347253908148, 8.790869608086814 ], [ 80.051154338277058, 8.790719755477548 ], [ 80.050854044902721, 8.790591053018812 ], [ 80.05023186867291, 8.790397670193512 ], [ 80.049695478946688, 8.790247159226061 ], [ 80.049545580355428, 8.790054679784886 ], [ 80.049224235632749, 8.789712387934916 ], [ 80.048994693639614, 8.789518766474194 ], [ 80.048223803292629, 8.789812013567069 ], [ 80.047859575136457, 8.789950564567398 ], [ 80.046519023684496, 8.790163006435723 ], [ 80.046989745946121, 8.790690415371458 ], [ 80.047310923304579, 8.791118127426007 ], [ 80.047546275028608, 8.791524319651826 ], [ 80.047652988960721, 8.791844845873671 ], [ 80.047587550586968, 8.792378587216682 ], [ 80.047586928490659, 8.792698907169751 ], [ 80.04771432207103, 8.793425212099923 ], [ 80.047885190632627, 8.793873989656428 ], [ 80.047927047275408, 8.794429293630722 ], [ 80.047604538335548, 8.79468493003211 ], [ 80.046852390747432, 8.795089223277893 ], [ 80.046423000632501, 8.79510975144421 ], [ 80.046015119467668, 8.79510896588191 ], [ 80.045542794602042, 8.795129410322726 ], [ 80.045112904954948, 8.795406192951486 ], [ 80.044661755563865, 8.795576159764185 ], [ 80.044168004452217, 8.795575206405877 ], [ 80.043888761476865, 8.795660085594713 ], [ 80.043780882277673, 8.795937488639442 ], [ 80.043608975159216, 8.796022575015472 ], [ 80.043329481339342, 8.796235582127812 ], [ 80.043221809337467, 8.796406211160361 ], [ 80.043221183199506, 8.79672653073357 ], [ 80.043434690212166, 8.797324875011538 ], [ 80.043498258076866, 8.797752091112178 ], [ 80.043475747183692, 8.79828591494071 ], [ 80.043367365834598, 8.798819572656758 ], [ 80.043323386950078, 8.799353355801578 ], [ 80.043172319323389, 8.79975880197067 ], [ 80.042848757997703, 8.800548299696992 ], [ 80.042611192388364, 8.801273899623776 ], [ 80.042653041052262, 8.801829202494091 ], [ 80.042544907948965, 8.802234732284839 ], [ 80.042501303408415, 8.802576323096625 ], [ 80.042650449221242, 8.803153188453908 ], [ 80.042928696067335, 8.803580820351353 ], [ 80.043163965076502, 8.804029724437328 ], [ 80.043249209937301, 8.804350210117793 ], [ 80.043313113243755, 8.804606589620324 ], [ 80.043363002006487, 8.804894175583362 ], [ 80.043782402117358, 8.806145036245743 ], [ 80.042944730088493, 8.806356961072211 ], [ 80.043478214418855, 8.80800230559162 ], [ 80.044205376965579, 8.80941312134274 ], [ 80.042960009908739, 8.809517483526006 ], [ 80.042015407535445, 8.809515652003077 ], [ 80.04150071478395, 8.809237042773375 ], [ 80.040814445367374, 8.808872680980661 ], [ 80.040342977774216, 8.808467068098965 ], [ 80.040042807745223, 8.808251894604478 ], [ 80.037528043924041, 8.80976317521241 ], [ 80.03845275217563, 8.81175795638093 ], [ 80.038597037048788, 8.8120075003467 ], [ 80.039024511662674, 8.812969293388333 ], [ 80.038894859983458, 8.813396134002241 ], [ 80.038593417572869, 8.813843994167172 ], [ 80.038249416529936, 8.814099578531644 ], [ 80.037540662132642, 8.814247678146359 ], [ 80.03715401837448, 8.814353695847451 ], [ 80.036896227332647, 8.814438610434532 ], [ 80.036659947756007, 8.814502212292753 ], [ 80.036487988137551, 8.814608649929218 ], [ 80.036123235528976, 8.814501162367087 ], [ 80.035608202236929, 8.814393381109971 ], [ 80.03522202491898, 8.814264497055271 ], [ 80.035050826398574, 8.813986550864195 ], [ 80.034471474581849, 8.81383593288221 ], [ 80.033891911499424, 8.813792086612985 ], [ 80.033312093351768, 8.813876366524264 ], [ 80.032753447331743, 8.814110170182724 ], [ 80.032344740009208, 8.814515103710546 ], [ 80.032193399388149, 8.815048671594884 ], [ 80.032000986810615, 8.815444927878369 ], [ 80.031804374239513, 8.816350538382512 ], [ 80.031373599451015, 8.817054392123616 ], [ 80.030857203831857, 8.817629948938924 ], [ 80.030320019352942, 8.817863790670254 ], [ 80.029847708888951, 8.81786285845773 ], [ 80.029290163696459, 8.81754143777971 ], [ 80.028538975507516, 8.817433180013539 ], [ 80.027744935285142, 8.817282126813575 ], [ 80.026779190166252, 8.817109376179433 ], [ 80.026435478339295, 8.817215467454089 ], [ 80.026199195715137, 8.817279063337017 ], [ 80.025812332256194, 8.817491841177143 ], [ 80.026648025036991, 8.818283619591012 ], [ 80.027351658188877, 8.820698083125379 ], [ 80.027394296340916, 8.82084765043202 ], [ 80.028038831513314, 8.820614025963009 ], [ 80.028554381716447, 8.820465565231824 ], [ 80.029198573431813, 8.82040277542232 ], [ 80.029563543250362, 8.820403496657327 ], [ 80.030271246468004, 8.820789275574413 ], [ 80.030979078922257, 8.821110991606188 ], [ 80.031708212333029, 8.821518166676601 ], [ 80.031535652576437, 8.821923564528596 ], [ 80.031384604749221, 8.822307650092348 ], [ 80.031620337998689, 8.822521660468807 ], [ 80.032071270694388, 8.822479839669491 ], [ 80.032780297180707, 8.822203625815325 ], [ 80.033446767716299, 8.821735134710012 ], [ 80.034242599606785, 8.820989285708292 ], [ 80.034477783141014, 8.821480903878811 ], [ 80.034820565721276, 8.821844605512714 ], [ 80.035099068384795, 8.822144116129776 ], [ 80.035312615490724, 8.82272111073611 ], [ 80.035526711448668, 8.823020494804549 ], [ 80.035956218050998, 8.822957272754463 ], [ 80.03644949746834, 8.823214494942025 ], [ 80.036849080892466, 8.823212644155388 ], [ 80.037544332704172, 8.823259346167957 ], [ 80.03784456076724, 8.823430769836374 ], [ 80.038209028344525, 8.823687738098316 ], [ 80.03835859558869, 8.824051059432177 ], [ 80.038658445442891, 8.824414674150985 ], [ 80.03882981947892, 8.824607200154015 ], [ 80.039881888922892, 8.824566542983339 ], [ 80.041298806341558, 8.824590656617639 ], [ 80.042350792182006, 8.824592701586365 ], [ 80.042286846229061, 8.824357675604988 ], [ 80.043425880946828, 8.823761956089106 ], [ 80.043832412556171, 8.824467448947141 ], [ 80.044024964833028, 8.824809496263731 ], [ 80.045787534744221, 8.824477866009657 ], [ 80.046428005787917, 8.824432398904561 ], [ 80.046804129030662, 8.824272922013163 ], [ 80.047365358424528, 8.824018866885174 ] ] ] ] } },
{ "type": "Feature", "properties": { "OBJECTID_1": 147, "PROVINCE_N": "Northern", "DISTRICT_N": "Mannar", "DSD_N": "Nanattan", "GND_N": "Thomaspuri", "GND_C": "MN/100", "TOTAL_POPU": 1001, "EXIS_COVE": "Yes", "SUP_LEV": "24", "SCH_NAME": "Vankalai Wss", "RWS_SCHE": "<Null>", "PROJ_DETAI": "<Null>", "WATER_SOUR": "Borehole", "PROJ_NAME": "<Null>", "COVER_PER": 100, "P_POP": 1088, "GRO_RATE": 1.2, "COVE_2018": 100.0, "WATER_QUAL": "Complied", "COVE_2020": 100.0, "COVE_2025": 100.0, "COVE_2030": 100.0, "Shape_Leng": 6545.89395848, "Shape_Area": 1677488.3934599999, "OBJECTID_2": null, "OBJECTID_3": null, "OBJECTID": null, "EX_SCH_NAM": null, "RWS_Name": null, "SUP_LEVEL": null, "layer": "Sche_Mannar", "path": "C:/Users/MB/Downloads/New folder (2)/Sem 05/Advanced GIS and Remote Sensing for Planning/WEB MAP/pipebornewatermaps (2)/Shape Files/Shape Files/WSS Shape Files/Sche_Mannar.shx|layername=Sche_Mannar" }, "geometry": { "type": "MultiPolygon", "coordinates": [ [ [ [ 79.932777158621562, 8.890953413163503 ], [ 79.93435268637846, 8.890211640924598 ], [ 79.934959990243073, 8.890288520320262 ], [ 79.935422160809352, 8.890420963631888 ], [ 79.935491189054133, 8.890440744696566 ], [ 79.936022560453623, 8.89051745297594 ], [ 79.936403259628563, 8.890065208891658 ], [ 79.936935655760138, 8.889688820716881 ], [ 79.938302986478178, 8.889465331561876 ], [ 79.939973884242661, 8.889318030436828 ], [ 79.941949028939405, 8.888944850411841 ], [ 79.942781251050107, 8.890305994929967 ], [ 79.944299265553397, 8.890611432832598 ], [ 79.944906405195354, 8.89076381272848 ], [ 79.946274076896444, 8.890389262209718 ], [ 79.946935167048736, 8.890062366365836 ], [ 79.946897948902048, 8.888934946761465 ], [ 79.946664634622238, 8.888171714017155 ], [ 79.94404958615749, 8.885834360447511 ], [ 79.941984660647634, 8.884183966658712 ], [ 79.941491854826054, 8.883587244717212 ], [ 79.941361304445067, 8.882877280900587 ], [ 79.941547729649969, 8.8822468728365 ], [ 79.942873325932297, 8.880409921855513 ], [ 79.943217318490241, 8.88022669505764 ], [ 79.943455828751809, 8.879938098111712 ], [ 79.943773449426459, 8.879728528725748 ], [ 79.944487448129081, 8.879546121283118 ], [ 79.945464737255307, 8.87981112915636 ], [ 79.946099389096659, 8.87965482819914 ], [ 79.946814085454506, 8.879683820415107 ], [ 79.948094523867084, 8.878609035409662 ], [ 79.948623638463474, 8.878057580672163 ], [ 79.949014019524668, 8.877422927232322 ], [ 79.949737119927761, 8.87709294633234 ], [ 79.950710145456924, 8.876818776826056 ], [ 79.95151622516201, 8.876654761665369 ], [ 79.952821788894369, 8.876768152301464 ], [ 79.953431671489909, 8.877377374471459 ], [ 79.954152137746192, 8.878235517252985 ], [ 79.954985085734663, 8.878486020873519 ], [ 79.955707818507193, 8.878321815355129 ], [ 79.956264399986964, 8.877908564277417 ], [ 79.956600543822461, 8.876665897869353 ], [ 79.956964529593392, 8.875395659076725 ], [ 79.957016418457016, 8.874622203575537 ], [ 79.956050954315316, 8.874299799053238 ], [ 79.955998122399208, 8.874544816074563 ], [ 79.95602136429541, 8.87469332512115 ], [ 79.956075980815385, 8.874865342718543 ], [ 79.956225030917949, 8.874967245595906 ], [ 79.955997242300782, 8.874943307131753 ], [ 79.955761546253058, 8.874942792173869 ], [ 79.955588772042461, 8.87491116003482 ], [ 79.95532178783435, 8.874848068202589 ], [ 79.954850446889424, 8.874823596491272 ], [ 79.954308382190661, 8.874806783019675 ], [ 79.95358547762757, 8.874852080786427 ], [ 79.952354845989348, 8.875129749283255 ], [ 79.951208763549587, 8.875367082756933 ], [ 79.950163033190918, 8.875664595456085 ], [ 79.949096714653066, 8.876181921737439 ], [ 79.948633851117322, 8.876460725655344 ], [ 79.948052140789684, 8.875959756792065 ], [ 79.947550821652058, 8.875458963698861 ], [ 79.947028959744358, 8.875157999562484 ], [ 79.946243894853794, 8.874923357048148 ], [ 79.945967106208286, 8.874960271608261 ], [ 79.9443382902911, 8.875361417355128 ], [ 79.94101206259343, 8.876500828461221 ], [ 79.937891134133139, 8.876831164593453 ], [ 79.934936778772538, 8.876952288969536 ], [ 79.934884667176334, 8.877218550651111 ], [ 79.934683018968784, 8.878577225481438 ], [ 79.93458636104836, 8.8799942185007 ], [ 79.934394887462403, 8.882015056016213 ], [ 79.934391355273164, 8.883571654577889 ], [ 79.934341838324045, 8.8848028891782 ], [ 79.934313659219256, 8.884979629998842 ], [ 79.934318055244731, 8.884988699371867 ], [ 79.934316894989976, 8.885499821844883 ], [ 79.934174933147418, 8.886289423034007 ], [ 79.933845340995845, 8.887403863076095 ], [ 79.933445343611638, 8.888657543062864 ], [ 79.93340136191469, 8.888787780724986 ], [ 79.933291835687555, 8.889227546744557 ], [ 79.932809165475646, 8.89079200372213 ], [ 79.932777158621562, 8.890953413163503 ] ] ] ] } },
{ "type": "Feature", "properties": { "OBJECTID_1": 151, "PROVINCE_N": "Northern", "DISTRICT_N": "Mannar", "DSD_N": "Nanattan", "GND_N": "Vankalai East", "GND_C": "MN/99", "TOTAL_POPU": 1450, "EXIS_COVE": "Yes", "SUP_LEV": "24", "SCH_NAME": "Vankalai Wss", "RWS_SCHE": "<Null>", "PROJ_DETAI": "ON_GO", "WATER_SOUR": "Borehole", "PROJ_NAME": "ADB 5th Project", "COVER_PER": 100, "P_POP": 1576, "GRO_RATE": 1.2, "COVE_2018": 100.0, "WATER_QUAL": "Complied", "COVE_2020": 100.0, "COVE_2025": 100.0, "COVE_2030": 100.0, "Shape_Leng": 12212.976718100001, "Shape_Area": 5438657.8774499996, "OBJECTID_2": null, "OBJECTID_3": null, "OBJECTID": null, "EX_SCH_NAM": null, "RWS_Name": null, "SUP_LEVEL": null, "layer": "Sche_Mannar", "path": "C:/Users/MB/Downloads/New folder (2)/Sem 05/Advanced GIS and Remote Sensing for Planning/WEB MAP/pipebornewatermaps (2)/Shape Files/Shape Files/WSS Shape Files/Sche_Mannar.shx|layername=Sche_Mannar" }, "geometry": { "type": "MultiPolygon", "coordinates": [ [ [ [ 79.936022560453623, 8.89051745297594 ], [ 79.937177579060418, 8.892965862360294 ], [ 79.938008303538879, 8.896134135240127 ], [ 79.938273037045676, 8.897634607597332 ], [ 79.937601811583392, 8.898033073213233 ], [ 79.93612506588552, 8.898929690879768 ], [ 79.934093680150596, 8.90027142402265 ], [ 79.929926983622764, 8.914972062101695 ], [ 79.928832602418993, 8.91897338742826 ], [ 79.928830119861985, 8.918971568094173 ], [ 79.926568037915658, 8.927366693238152 ], [ 79.925019833917801, 8.931950151276773 ], [ 79.92623641922826, 8.931024964707794 ], [ 79.929970610995468, 8.928243500337214 ], [ 79.932477423607111, 8.9264677962699 ], [ 79.93332520859434, 8.925890349409542 ], [ 79.933450000154252, 8.925612844075182 ], [ 79.934420806576654, 8.925064111762261 ], [ 79.935275897788799, 8.924580781957614 ], [ 79.941393042223453, 8.921556488621755 ], [ 79.947407094496725, 8.9174842607469 ], [ 79.949519205560136, 8.915184229023092 ], [ 79.9517389732477, 8.91183682299752 ], [ 79.95342716106893, 8.910085880512369 ], [ 79.947587966489408, 8.906963372985262 ], [ 79.94276830143275, 8.903661061653107 ], [ 79.941116413833939, 8.902285876238199 ], [ 79.94415638105896, 8.897523824087017 ], [ 79.945351940214209, 8.894766630362016 ], [ 79.945826116455763, 8.893107275138064 ], [ 79.946936158982851, 8.890092421423349 ], [ 79.946935167048736, 8.890062366365836 ], [ 79.946274076896444, 8.890389262209718 ], [ 79.944906405195354, 8.89076381272848 ], [ 79.944299265553397, 8.890611432832598 ], [ 79.942781251050107, 8.890305994929967 ], [ 79.941949028939405, 8.888944850411841 ], [ 79.939973884242661, 8.889318030436828 ], [ 79.938302986478178, 8.889465331561876 ], [ 79.936935655760138, 8.889688820716881 ], [ 79.936403259628563, 8.890065208891658 ], [ 79.936022560453623, 8.89051745297594 ] ] ] ] } },
{ "type": "Feature", "properties": { "OBJECTID_1": 152, "PROVINCE_N": "Northern", "DISTRICT_N": "Mannar", "DSD_N": "Nanattan", "GND_N": "Vankalai North", "GND_C": "MN/97", "TOTAL_POPU": 789, "EXIS_COVE": "Yes", "SUP_LEV": "24", "SCH_NAME": "Vankalai Wss", "RWS_SCHE": "<Null>", "PROJ_DETAI": "<Null>", "WATER_SOUR": "Borehole", "PROJ_NAME": "<Null>", "COVER_PER": 100, "P_POP": 858, "GRO_RATE": 1.2, "COVE_2018": 100.0, "WATER_QUAL": "Complied", "COVE_2020": 100.0, "COVE_2025": 100.0, "COVE_2030": 100.0, "Shape_Leng": 27834.4307357, "Shape_Area": 6249516.5391300004, "OBJECTID_2": null, "OBJECTID_3": null, "OBJECTID": null, "EX_SCH_NAM": null, "RWS_Name": null, "SUP_LEVEL": null, "layer": "Sche_Mannar", "path": "C:/Users/MB/Downloads/New folder (2)/Sem 05/Advanced GIS and Remote Sensing for Planning/WEB MAP/pipebornewatermaps (2)/Shape Files/Shape Files/WSS Shape Files/Sche_Mannar.shx|layername=Sche_Mannar" }, "geometry": { "type": "MultiPolygon", "coordinates": [ [ [ [ 79.934093680150596, 8.90027142402265 ], [ 79.931517687814477, 8.899813696811009 ], [ 79.927574803776324, 8.898805177420572 ], [ 79.926963504870088, 8.900465141872136 ], [ 79.926123695211515, 8.902426649688374 ], [ 79.924751967956581, 8.904537977409623 ], [ 79.924319297714945, 8.905341345326857 ], [ 79.92389738071418, 8.905944439554862 ], [ 79.922983453912579, 8.907150463557482 ], [ 79.922390594765204, 8.907704260815382 ], [ 79.919954290938236, 8.910417260188877 ], [ 79.918582846673786, 8.912377526456995 ], [ 79.91649272287809, 8.915429714182277 ], [ 79.91476253595107, 8.918408290841306 ], [ 79.914128928016467, 8.919750295764931 ], [ 79.913271616119943, 8.920975614409892 ], [ 79.911937835485062, 8.922955088413186 ], [ 79.910128455564291, 8.92531108209128 ], [ 79.907364983104713, 8.92964739874156 ], [ 79.904031120993722, 8.934265577522124 ], [ 79.90430545156994, 8.93870336056203 ], [ 79.90429094950494, 8.938729173083463 ], [ 79.904468496673033, 8.93958030950758 ], [ 79.904125016322411, 8.939998651047626 ], [ 79.903702126751611, 8.940573985209499 ], [ 79.903410838408888, 8.941202020573543 ], [ 79.903330251312795, 8.941856745563982 ], [ 79.903301422306086, 8.942904539428405 ], [ 79.90321990303174, 8.943952210652165 ], [ 79.90327029646221, 8.944921601031218 ], [ 79.903395964660831, 8.945327615826423 ], [ 79.90361096467069, 8.945711487932613 ], [ 79.903705980747503, 8.946093216379644 ], [ 79.903978767018984, 8.946775976146753 ], [ 79.904365780914816, 8.947504477469069 ], [ 79.904661813699803, 8.948028129658994 ], [ 79.904592425919972, 8.948080258650954 ], [ 79.905807049529528, 8.947298325225555 ], [ 79.90805039878181, 8.945626982152818 ], [ 79.911693428287791, 8.942518059291817 ], [ 79.912770760642132, 8.94163894654799 ], [ 79.915454614310661, 8.939553449381233 ], [ 79.917275862899899, 8.938090637994023 ], [ 79.919783288381154, 8.936105460322301 ], [ 79.920733536013003, 8.935321740672899 ], [ 79.923729244436856, 8.932931604017478 ], [ 79.925019833917801, 8.931950151276773 ], [ 79.926568037915658, 8.927366693238152 ], [ 79.928830119861985, 8.918971568094173 ], [ 79.928832602418993, 8.91897338742826 ], [ 79.929926983622764, 8.914972062101695 ], [ 79.934093680150596, 8.90027142402265 ] ] ] ] } },
{ "type": "Feature", "properties": { "OBJECTID_1": 153, "PROVINCE_N": "Northern", "DISTRICT_N": "Mannar", "DSD_N": "Nanattan", "GND_N": "Vankalai West", "GND_C": "MN/98", "TOTAL_POPU": 710, "EXIS_COVE": "Yes", "SUP_LEV": "24", "SCH_NAME": "Vankalai Wss", "RWS_SCHE": "<Null>", "PROJ_DETAI": "<Null>", "WATER_SOUR": "Borehole", "PROJ_NAME": "<Null>", "COVER_PER": 100, "P_POP": 772, "GRO_RATE": 1.2, "COVE_2018": 100.0, "WATER_QUAL": "Complied", "COVE_2020": 100.0, "COVE_2025": 100.0, "COVE_2030": 100.0, "Shape_Leng": 4157.1601981399999, "Shape_Area": 449431.40119800001, "OBJECTID_2": null, "OBJECTID_3": null, "OBJECTID": null, "EX_SCH_NAM": null, "RWS_Name": null, "SUP_LEVEL": null, "layer": "Sche_Mannar", "path": "C:/Users/MB/Downloads/New folder (2)/Sem 05/Advanced GIS and Remote Sensing for Planning/WEB MAP/pipebornewatermaps (2)/Shape Files/Shape Files/WSS Shape Files/Sche_Mannar.shx|layername=Sche_Mannar" }, "geometry": { "type": "MultiPolygon", "coordinates": [ [ [ [ 79.937177579060418, 8.892965862360294 ], [ 79.936022560453623, 8.89051745297594 ], [ 79.935491189054133, 8.890440744696566 ], [ 79.935422160809352, 8.890420963631888 ], [ 79.934959990243073, 8.890288520320262 ], [ 79.93435268637846, 8.890211640924598 ], [ 79.932777158621562, 8.890953413163503 ], [ 79.932597031720306, 8.891861778326884 ], [ 79.932362568145351, 8.892232976345348 ], [ 79.932128633279262, 8.892371847222261 ], [ 79.931895227591625, 8.892278390100632 ], [ 79.931732225518004, 8.892045692842824 ], [ 79.931616465427169, 8.891338225368074 ], [ 79.931239030546948, 8.890355666196237 ], [ 79.931089227679294, 8.889449134877115 ], [ 79.931091293551262, 8.888542947759271 ], [ 79.930485887895244, 8.887635388845805 ], [ 79.930412957832047, 8.886629448685666 ], [ 79.930262738172743, 8.885595951311942 ], [ 79.92973154901, 8.885443720293445 ], [ 79.929426608230528, 8.885971644125483 ], [ 79.929732825225358, 8.887789559479897 ], [ 79.929723791065143, 8.888841926553111 ], [ 79.929140134941576, 8.891575184256363 ], [ 79.929066757235219, 8.893015458977482 ], [ 79.92899502539143, 8.893735516121145 ], [ 79.928758164559142, 8.89515218702666 ], [ 79.928076520060557, 8.89696280966082 ], [ 79.927934698002829, 8.897682708355536 ], [ 79.927574803776324, 8.898805177420572 ], [ 79.931517687814477, 8.899813696811009 ], [ 79.934093680150596, 8.90027142402265 ], [ 79.93612506588552, 8.898929690879768 ], [ 79.937601811583392, 8.898033073213233 ], [ 79.938273037045676, 8.897634607597332 ], [ 79.938008303538879, 8.896134135240127 ], [ 79.937177579060418, 8.892965862360294 ] ] ] ] } },
{ "type": "Feature", "properties": { "OBJECTID_1": 404, "PROVINCE_N": "North Western", "DISTRICT_N": "Puttalam", "DSD_N": "Puttalam", "GND_N": "Thammennagama", "GND_C": "615B", "TOTAL_POPU": 967, "EXIS_COVE": "YES", "SUP_LEV": null, "SCH_NAME": null, "RWS_SCHE": null, "PROJ_DETAI": "ON_GO", "WATER_SOUR": "Bore Hole", "PROJ_NAME": "Anamaduwa IWSP", "COVER_PER": 75, "P_POP": 2264, "GRO_RATE": 1.1, "COVE_2018": 75.0, "WATER_QUAL": "NON_COMP", "COVE_2020": 75.0, "COVE_2025": 75.0, "COVE_2030": 75.0, "Shape_Leng": null, "Shape_Area": null, "OBJECTID_2": 2394, "OBJECTID_3": 2394, "OBJECTID": 13170, "EX_SCH_NAM": "Anamaduwa wss", "RWS_Name": "<Null>", "SUP_LEVEL": "24", "layer": "Sche_Puttlam", "path": "C:/Users/MB/Downloads/New folder (2)/Sem 05/Advanced GIS and Remote Sensing for Planning/WEB MAP/Shape Files/Shape Files/WSS Shape Files/Sche_Puttlam.shp" }, "geometry": { "type": "MultiPolygon", "coordinates": [ [ [ [ 79.887887016251213, 8.002265767928469 ], [ 79.887995151961519, 8.002148858582926 ], [ 79.890767526266231, 7.999906932099349 ], [ 79.892856167935321, 7.99783382135943 ], [ 79.8942597797339, 7.996542585521689 ], [ 79.895869471118544, 7.994740905565589 ], [ 79.89782938168122, 7.992594284409456 ], [ 79.897855780248562, 7.992565371386856 ], [ 79.892513592789669, 7.989264430144179 ], [ 79.892249666721369, 7.989631101434543 ], [ 79.891991132233514, 7.989990282953664 ], [ 79.891944362020695, 7.990667823831817 ], [ 79.891399659568677, 7.991073249136238 ], [ 79.890538593654426, 7.99107141479747 ], [ 79.889496735844304, 7.990843312637923 ], [ 79.888228574781863, 7.990479197243427 ], [ 79.887051249204291, 7.99002491958572 ], [ 79.885737578770616, 7.989751050795214 ], [ 79.884468742749505, 7.989703154212489 ], [ 79.882837550488503, 7.989564123039283 ], [ 79.88084400390575, 7.98933395314471 ], [ 79.879031835417209, 7.989058989513433 ], [ 79.877446165426235, 7.988829684866322 ], [ 79.875860596350108, 7.98855519774088 ], [ 79.874183997815635, 7.988461210740236 ], [ 79.871692256471832, 7.988094388786865 ], [ 79.869245344802124, 7.987953529223415 ], [ 79.867432798146837, 7.987859218610576 ], [ 79.865347842418501, 7.98799018214606 ], [ 79.863988284137704, 7.987987200479559 ], [ 79.862764781229586, 7.987939337634087 ], [ 79.860861401932794, 7.987935150191086 ], [ 79.859592482672056, 7.987932353696959 ], [ 79.85853531373958, 7.98793059051776 ], [ 79.85862353381232, 7.99035700306859 ], [ 79.8587129943934, 7.992817573903442 ], [ 79.858946955057789, 7.994332166850024 ], [ 79.859133450426853, 7.99584665401285 ], [ 79.859178286689911, 7.997029624614922 ], [ 79.859079779551777, 7.998638112867873 ], [ 79.858981480509428, 8.000151970596631 ], [ 79.858789090030513, 8.001287101637228 ], [ 79.85878277213034, 8.004125979039367 ], [ 79.858540594243721, 8.00630192639122 ], [ 79.858680570027929, 8.00739047804611 ], [ 79.858698415101529, 8.007529253369647 ], [ 79.859304349862768, 8.007602731578418 ], [ 79.864675859785024, 8.008754327067626 ], [ 79.868847570033992, 8.009561304608214 ], [ 79.868494369090342, 8.014176528765187 ], [ 79.867495226887584, 8.018890882392352 ], [ 79.868073519477619, 8.018589876662748 ], [ 79.869989127454232, 8.017606387214075 ], [ 79.871870783176263, 8.01652063921372 ], [ 79.872760280386714, 8.01601170778193 ], [ 79.873991981281549, 8.015265112342497 ], [ 79.875395486672019, 8.014076128876319 ], [ 79.8764562617298, 8.013363211449811 ], [ 79.87905778615675, 8.011189125329997 ], [ 79.881180342026141, 8.009286451939465 ], [ 79.882378874601741, 8.008062939158124 ], [ 79.883953759787445, 8.006601824851202 ], [ 79.88607730016075, 8.004222305815508 ], [ 79.887887016251213, 8.002265767928469 ] ] ] ] } },
{ "type": "Feature", "properties": { "OBJECTID_1": 405, "PROVINCE_N": "North Western", "DISTRICT_N": "Puttalam", "DSD_N": "Chilaw", "GND_N": "Egodawatta", "GND_C": "575C", "TOTAL_POPU": 1019, "EXIS_COVE": "YES", "SUP_LEV": null, "SCH_NAME": null, "RWS_SCHE": null, "PROJ_DETAI": "ON_GO", "WATER_SOUR": "Daduru Oya", "PROJ_NAME": "Chilaw WSP - ADB 5th", "COVER_PER": 100, "P_POP": 2015, "GRO_RATE": 1.98, "COVE_2018": 50.0, "WATER_QUAL": "COMPLIED", "COVE_2020": 100.0, "COVE_2025": 100.0, "COVE_2030": 100.0, "Shape_Leng": null, "Shape_Area": null, "OBJECTID_2": 1934, "OBJECTID_3": 1934, "OBJECTID": 12785, "EX_SCH_NAM": "chilaw wss", "RWS_Name": "<Null>", "SUP_LEVEL": "24", "layer": "Sche_Puttlam", "path": "C:/Users/MB/Downloads/New folder (2)/Sem 05/Advanced GIS and Remote Sensing for Planning/WEB MAP/Shape Files/Shape Files/WSS Shape Files/Sche_Puttlam.shp" }, "geometry": { "type": "MultiPolygon", "coordinates": [ [ [ [ 79.791043409940656, 7.591414304576332 ], [ 79.791286934420853, 7.591156808198471 ], [ 79.792300357711568, 7.590109909429096 ], [ 79.792867548590266, 7.589667302642189 ], [ 79.79291072753341, 7.588456803663152 ], [ 79.792750786086557, 7.587649378847489 ], [ 79.793157208407933, 7.586762522103062 ], [ 79.793230828293602, 7.586716501192882 ], [ 79.793157390799351, 7.586681816749071 ], [ 79.791783839624372, 7.586033072702873 ], [ 79.791421328115945, 7.585386604555004 ], [ 79.791503671573409, 7.584741138845183 ], [ 79.791747689051746, 7.584136389247118 ], [ 79.791992254247646, 7.583289523396398 ], [ 79.792155752366369, 7.582523180526191 ], [ 79.792117501215046, 7.58155461719431 ], [ 79.792033950975323, 7.580388596184826 ], [ 79.791864019791817, 7.580184186147953 ], [ 79.791446048318036, 7.579367480426823 ], [ 79.791221256164405, 7.578210788830826 ], [ 79.790102667457035, 7.57836217423863 ], [ 79.79017980253451, 7.580016829005308 ], [ 79.790137625352031, 7.580783445433961 ], [ 79.789570994620803, 7.580983933204769 ], [ 79.789448848496335, 7.581346835896657 ], [ 79.789488008514368, 7.581911868679063 ], [ 79.789688018812456, 7.582880796602362 ], [ 79.789767071970928, 7.583688039220522 ], [ 79.789563310161682, 7.584373583072401 ], [ 79.789150314283418, 7.584749965339666 ], [ 79.789266586388379, 7.584920831041941 ], [ 79.789449635495203, 7.585104309613042 ], [ 79.789559217928684, 7.585324236372236 ], [ 79.789650285956881, 7.585617346851034 ], [ 79.789686272607881, 7.585928638667731 ], [ 79.789685774428477, 7.586148315959627 ], [ 79.789685151682832, 7.586422912797378 ], [ 79.789702710437354, 7.586770776220414 ], [ 79.789665518807098, 7.586990371549978 ], [ 79.789618627483378, 7.587248814070867 ], [ 79.78975764735199, 7.587844395249794 ], [ 79.789757464296528, 7.587925101421133 ], [ 79.78967520769848, 7.588530213663029 ], [ 79.78943182521148, 7.588852489280455 ], [ 79.788945241449156, 7.589416333805262 ], [ 79.788378231840227, 7.589778230687325 ], [ 79.788253006519881, 7.589791096665055 ], [ 79.788297256333138, 7.589818400336078 ], [ 79.788660682289574, 7.590061341061908 ], [ 79.788700116473848, 7.590505315816239 ], [ 79.788417469771488, 7.591185848944181 ], [ 79.788415465258623, 7.591190675355169 ], [ 79.788010677922102, 7.591351172485081 ], [ 79.787444491035245, 7.591349890685909 ], [ 79.786838505543116, 7.591066045656423 ], [ 79.786607097381932, 7.591028337546033 ], [ 79.786605662155836, 7.591658790010552 ], [ 79.786520519158984, 7.592290169343434 ], [ 79.786554415321191, 7.593158739937031 ], [ 79.786588552428498, 7.593921470647989 ], [ 79.786706232225995, 7.594755891970104 ], [ 79.786693112469123, 7.595065194446131 ], [ 79.78668095990659, 7.59535165904897 ], [ 79.78667731970728, 7.59693506693821 ], [ 79.78667571801563, 7.597638135802139 ], [ 79.786666783342767, 7.598195680187497 ], [ 79.787581846030776, 7.598249935060183 ], [ 79.788434215932369, 7.598087328093952 ], [ 79.789643934833805, 7.597898105256376 ], [ 79.790145327921664, 7.597559568921871 ], [ 79.79009964897719, 7.597529930265835 ], [ 79.789413134574374, 7.59708449339941 ], [ 79.789050803119565, 7.596357316743615 ], [ 79.788850424214445, 7.595549800743719 ], [ 79.788731023249269, 7.594702113319783 ], [ 79.788732123689343, 7.594217878396079 ], [ 79.789097937456503, 7.593411643106515 ], [ 79.790030212352875, 7.592485626988942 ], [ 79.791043409940656, 7.591414304576332 ] ] ] ] } },
{ "type": "Feature", "properties": { "OBJECTID_1": 406, "PROVINCE_N": "North Western", "DISTRICT_N": "Puttalam", "DSD_N": "Chilaw", "GND_N": "Pitipana East", "GND_C": "578A", "TOTAL_POPU": 1069, "EXIS_COVE": "YES", "SUP_LEV": null, "SCH_NAME": null, "RWS_SCHE": null, "PROJ_DETAI": "ON_GO", "WATER_SOUR": "Daduru Oya", "PROJ_NAME": "Chilaw WSP - ADB 5th", "COVER_PER": 100, "P_POP": 1306, "GRO_RATE": 1.98, "COVE_2018": 75.0, "WATER_QUAL": "COMPLIED", "COVE_2020": 100.0, "COVE_2025": 100.0, "COVE_2030": 100.0, "Shape_Leng": null, "Shape_Area": null, "OBJECTID_2": 2195, "OBJECTID_3": 2195, "OBJECTID": 12996, "EX_SCH_NAM": "chilaw wss", "RWS_Name": "<Null>", "SUP_LEVEL": "24", "layer": "Sche_Puttlam", "path": "C:/Users/MB/Downloads/New folder (2)/Sem 05/Advanced GIS and Remote Sensing for Planning/WEB MAP/Shape Files/Shape Files/WSS Shape Files/Sche_Puttlam.shp" }, "geometry": { "type": "MultiPolygon", "coordinates": [ [ [ [ 79.799441366366025, 7.576773780441852 ], [ 79.800159836406863, 7.57405894102686 ], [ 79.800391886379401, 7.572688542743077 ], [ 79.801106081536091, 7.571877740690769 ], [ 79.802377275425471, 7.572286767919273 ], [ 79.804183095351121, 7.572544654957479 ], [ 79.805250305673454, 7.573156320226155 ], [ 79.806445521408463, 7.57341284350368 ], [ 79.807589965860572, 7.5736184767828 ], [ 79.807596309593109, 7.573616461866592 ], [ 79.807583887858371, 7.573558828848935 ], [ 79.807626032067489, 7.572792207374143 ], [ 79.807507042690844, 7.571742754165856 ], [ 79.806701017588125, 7.570490014806486 ], [ 79.805813219270945, 7.569640626578303 ], [ 79.804602443625157, 7.56854839949525 ], [ 79.803714563463046, 7.567739361682229 ], [ 79.801998284601083, 7.566708771591739 ], [ 79.800640046690887, 7.568216764859685 ], [ 79.80003182132468, 7.568941769819003 ], [ 79.799220490127254, 7.570069853068444 ], [ 79.798773477817065, 7.571037334980852 ], [ 79.798163705708262, 7.57244833876545 ], [ 79.797228955141861, 7.574504266915017 ], [ 79.796538382187904, 7.575874734123081 ], [ 79.795326823647628, 7.57711585802842 ], [ 79.797667830909418, 7.576869925357141 ], [ 79.799441366366025, 7.576773780441852 ] ] ] ] } },
{ "type": "Feature", "properties": { "OBJECTID_1": 407, "PROVINCE_N": "North Western", "DISTRICT_N": "Puttalam", "DSD_N": "Chilaw", "GND_N": "Pitipana Sorth", "GND_C": "578", "TOTAL_POPU": 1477, "EXIS_COVE": "YES", "SUP_LEV": null, "SCH_NAME": null, "RWS_SCHE": null, "PROJ_DETAI": "ON_GO", "WATER_SOUR": "Daduru Oya", "PROJ_NAME": "Chilaw WSP - ADB 5th", "COVER_PER": 100, "P_POP": 2994, "GRO_RATE": 1.98, "COVE_2018": 75.0, "WATER_QUAL": "COMPLIED", "COVE_2020": 100.0, "COVE_2025": 100.0, "COVE_2030": 100.0, "Shape_Leng": null, "Shape_Area": null, "OBJECTID_2": 2197, "OBJECTID_3": 2197, "OBJECTID": 12997, "EX_SCH_NAM": "chilaw wss", "RWS_Name": "<Null>", "SUP_LEVEL": "24", "layer": "Sche_Puttlam", "path": "C:/Users/MB/Downloads/New folder (2)/Sem 05/Advanced GIS and Remote Sensing for Planning/WEB MAP/Shape Files/Shape Files/WSS Shape Files/Sche_Puttlam.shp" }, "geometry": { "type": "MultiPolygon", "coordinates": [ [ [ [ 79.795326823647628, 7.57711585802842 ], [ 79.796538382187904, 7.575874734123081 ], [ 79.797228955141861, 7.574504266915017 ], [ 79.798163705708262, 7.57244833876545 ], [ 79.798773477817065, 7.571037334980852 ], [ 79.799220490127254, 7.570069853068444 ], [ 79.80003182132468, 7.568941769819003 ], [ 79.800640046690887, 7.568216764859685 ], [ 79.801998284601083, 7.566708771591739 ], [ 79.800120378112084, 7.565511932517809 ], [ 79.799674277103435, 7.566075885757003 ], [ 79.796227833870361, 7.570103518099872 ], [ 79.795700388567852, 7.570869049451638 ], [ 79.79509269743663, 7.571351927726557 ], [ 79.793147564506924, 7.573123106404572 ], [ 79.79213719399992, 7.574406152741436 ], [ 79.795364605433093, 7.576315990066131 ], [ 79.79521752036959, 7.577127339953898 ], [ 79.795326823647628, 7.57711585802842 ] ] ] ] } },
{ "type": "Feature", "properties": { "OBJECTID_1": 408, "PROVINCE_N": "North Western", "DISTRICT_N": "Puttalam", "DSD_N": "Chilaw", "GND_N": "Melpura", "GND_C": "578C", "TOTAL_POPU": 1469, "EXIS_COVE": "YES", "SUP_LEV": null, "SCH_NAME": null, "RWS_SCHE": null, "PROJ_DETAI": "ON_GO", "WATER_SOUR": "Daduru Oya", "PROJ_NAME": "Chilaw WSP - ADB 5th", "COVER_PER": 100, "P_POP": 1911, "GRO_RATE": 1.98, "COVE_2018": 75.0, "WATER_QUAL": "COMPLIED", "COVE_2020": 100.0, "COVE_2025": 100.0, "COVE_2030": 100.0, "Shape_Leng": null, "Shape_Area": null, "OBJECTID_2": 2198, "OBJECTID_3": 2198, "OBJECTID": 12998, "EX_SCH_NAM": "chilaw wss", "RWS_Name": "<Null>", "SUP_LEVEL": "24", "layer": "Sche_Puttlam", "path": "C:/Users/MB/Downloads/New folder (2)/Sem 05/Advanced GIS and Remote Sensing for Planning/WEB MAP/Shape Files/Shape Files/WSS Shape Files/Sche_Puttlam.shp" }, "geometry": { "type": "MultiPolygon", "coordinates": [ [ [ [ 79.807596309593109, 7.573616461866592 ], [ 79.807589965860572, 7.5736184767828 ], [ 79.806445521408463, 7.57341284350368 ], [ 79.805250305673454, 7.573156320226155 ], [ 79.804183095351121, 7.572544654957479 ], [ 79.802377275425471, 7.572286767919273 ], [ 79.801106081536091, 7.571877740690769 ], [ 79.800391886379401, 7.572688542743077 ], [ 79.800159836406863, 7.57405894102686 ], [ 79.799441366366025, 7.576773780441852 ], [ 79.8014294404433, 7.57689449165353 ], [ 79.803046621080753, 7.57709985898883 ], [ 79.804744684983547, 7.577305400131745 ], [ 79.805917198819813, 7.577429062442993 ], [ 79.807048106746763, 7.578077223794828 ], [ 79.80753743680323, 7.576262404359297 ], [ 79.807784027890264, 7.574487399694752 ], [ 79.807596309593109, 7.573616461866592 ] ] ] ] } },
{ "type": "Feature", "properties": { "OBJECTID_1": 409, "PROVINCE_N": "North Western", "DISTRICT_N": "Puttalam", "DSD_N": "Chilaw", "GND_N": "Ilippadeniya", "GND_C": "565", "TOTAL_POPU": 1081, "EXIS_COVE": "YES", "SUP_LEV": null, "SCH_NAME": null, "RWS_SCHE": null, "PROJ_DETAI": "ON_GO", "WATER_SOUR": "Kadupiti Oya", "PROJ_NAME": "Chilaw WSP - ADB 5th", "COVER_PER": 50, "P_POP": 586, "GRO_RATE": 1.98, "COVE_2018": 75.0, "WATER_QUAL": "COMPLIED", "COVE_2020": 75.0, "COVE_2025": 75.0, "COVE_2030": 75.0, "Shape_Leng": null, "Shape_Area": null, "OBJECTID_2": 2200, "OBJECTID_3": 2200, "OBJECTID": 12999, "EX_SCH_NAM": "Kakkapalliya wss", "RWS_Name": "<Null>", "SUP_LEVEL": "24", "layer": "Sche_Puttlam", "path": "C:/Users/MB/Downloads/New folder (2)/Sem 05/Advanced GIS and Remote Sensing for Planning/WEB MAP/Shape Files/Shape Files/WSS Shape Files/Sche_Puttlam.shp" }, "geometry": { "type": "MultiPolygon", "coordinates": [ [ [ [ 79.839774833573799, 7.57881162894548 ], [ 79.839928030858815, 7.576542640060967 ], [ 79.83990571460086, 7.574708614105923 ], [ 79.839882330075966, 7.573372378827359 ], [ 79.840041780101842, 7.572481930504554 ], [ 79.839808175119956, 7.571223845711229 ], [ 79.839554838885832, 7.568955959448405 ], [ 79.839550487070809, 7.568917005407034 ], [ 79.839421762630465, 7.567764659650375 ], [ 79.8394230567324, 7.56716206965938 ], [ 79.839215485940841, 7.566008838263933 ], [ 79.838904356225953, 7.564174194261199 ], [ 79.838748679006329, 7.563309271348812 ], [ 79.838541054352731, 7.56218224010768 ], [ 79.838179499486159, 7.559378099451449 ], [ 79.838472077815823, 7.557623344651755 ], [ 79.83860745982264, 7.555711056587445 ], [ 79.838661487603289, 7.555003779443857 ], [ 79.838050246982803, 7.55472701977062 ], [ 79.836726618225214, 7.55467134953603 ], [ 79.835985322270474, 7.554669761785374 ], [ 79.834926330010475, 7.554667491391701 ], [ 79.834079021422326, 7.554718511262264 ], [ 79.833125357561215, 7.554980652146194 ], [ 79.83242862475042, 7.555108094136405 ], [ 79.832494869050535, 7.555131247004657 ], [ 79.832492777026744, 7.556099731069501 ], [ 79.832084111064319, 7.558076185575535 ], [ 79.831394459693229, 7.559083542006458 ], [ 79.831110335148267, 7.559567174701981 ], [ 79.83062331390397, 7.560373199217477 ], [ 79.829692066488263, 7.56089578796667 ], [ 79.829003717273807, 7.561297837486411 ], [ 79.827990447969924, 7.562344842638223 ], [ 79.827462889544677, 7.563191128064643 ], [ 79.827177705491849, 7.564158998345067 ], [ 79.827065933485954, 7.564927808306035 ], [ 79.8277807067509, 7.565814803385109 ], [ 79.828587842534944, 7.566583270198096 ], [ 79.829475948493567, 7.567311555690602 ], [ 79.829960793585116, 7.567514372647681 ], [ 79.830323792601078, 7.567959046086645 ], [ 79.83096926262715, 7.568686806029423 ], [ 79.831048830752195, 7.569292283390697 ], [ 79.830926635833094, 7.56969555674567 ], [ 79.830904380797577, 7.569769002792516 ], [ 79.831671797973883, 7.569817788773654 ], [ 79.833771426586324, 7.570215306893414 ], [ 79.834453687494758, 7.570400172326035 ], [ 79.835135155607787, 7.570951830472135 ], [ 79.835633060643062, 7.571398294886825 ], [ 79.835788957615378, 7.572158420101117 ], [ 79.835813462243905, 7.57297066190153 ], [ 79.835627746525418, 7.573861051154094 ], [ 79.835520798868743, 7.574751610410661 ], [ 79.835545867230167, 7.57530185737419 ], [ 79.835490186399696, 7.576768918252845 ], [ 79.835487923321793, 7.57781689970341 ], [ 79.835590913608229, 7.578631327273852 ], [ 79.835958674604399, 7.57868250040536 ], [ 79.836641004453341, 7.578841163882545 ], [ 79.837743780163791, 7.578843531131936 ], [ 79.838715103643082, 7.578924213989308 ], [ 79.839765311230551, 7.578952662011701 ], [ 79.839774833573799, 7.57881162894548 ] ] ] ] } },
{ "type": "Feature", "properties": { "OBJECTID_1": 410, "PROVINCE_N": "North Western", "DISTRICT_N": "Puttalam", "DSD_N": "Chilaw", "GND_N": "Munneshwarama", "GND_C": "568", "TOTAL_POPU": 1129, "EXIS_COVE": "YES", "SUP_LEV": null, "SCH_NAME": null, "RWS_SCHE": null, "PROJ_DETAI": "ON_GO", "WATER_SOUR": "Daduru Oya", "PROJ_NAME": "Chilaw WSP - ADB 5th", "COVER_PER": 75, "P_POP": 2306, "GRO_RATE": 1.98, "COVE_2018": 75.0, "WATER_QUAL": "COMPLIED", "COVE_2020": 75.0, "COVE_2025": 75.0, "COVE_2030": 75.0, "Shape_Leng": null, "Shape_Area": null, "OBJECTID_2": 2201, "OBJECTID_3": 2201, "OBJECTID": 13000, "EX_SCH_NAM": "chilaw wss", "RWS_Name": "<Null>", "SUP_LEVEL": "24", "layer": "Sche_Puttlam", "path": "C:/Users/MB/Downloads/New folder (2)/Sem 05/Advanced GIS and Remote Sensing for Planning/WEB MAP/Shape Files/Shape Files/WSS Shape Files/Sche_Puttlam.shp" }, "geometry": { "type": "MultiPolygon", "coordinates": [ [ [ [ 79.82674131006091, 7.578072545032877 ], [ 79.82732102679384, 7.578323253661225 ], [ 79.828318657546504, 7.578377816156878 ], [ 79.828817417039872, 7.578431296248811 ], [ 79.830340064902273, 7.57853938965369 ], [ 79.831285128053651, 7.578620030256986 ], [ 79.832676722145422, 7.578623034068328 ], [ 79.833438217678349, 7.578598477415282 ], [ 79.834619987129159, 7.578496223329592 ], [ 79.835590913608229, 7.578631327273852 ], [ 79.835487923321793, 7.57781689970341 ], [ 79.835490186399696, 7.576768918252845 ], [ 79.835545867230167, 7.57530185737419 ], [ 79.835520798868743, 7.574751610410661 ], [ 79.835627746525418, 7.573861051154094 ], [ 79.835813462243905, 7.57297066190153 ], [ 79.835788957615378, 7.572158420101117 ], [ 79.835633060643062, 7.571398294886825 ], [ 79.835135155607787, 7.570951830472135 ], [ 79.834453687494758, 7.570400172326035 ], [ 79.833771426586324, 7.570215306893414 ], [ 79.831671797973883, 7.569817788773654 ], [ 79.830904380797577, 7.569769002792516 ], [ 79.829965387854259, 7.569709306631293 ], [ 79.827707491696032, 7.56965202255082 ], [ 79.824793198972202, 7.569593302202448 ], [ 79.823481435206574, 7.56911885791682 ], [ 79.822615506645249, 7.568881176679875 ], [ 79.82146070969425, 7.568669064446731 ], [ 79.820279771734889, 7.568404493618695 ], [ 79.819151520025414, 7.568061435179318 ], [ 79.817760138004786, 7.567979794867275 ], [ 79.81718421673051, 7.568026415581135 ], [ 79.817129884481744, 7.568030813857976 ], [ 79.816000598936938, 7.568159336925745 ], [ 79.81521171534277, 7.568707796858575 ], [ 79.814633105368003, 7.569151918895516 ], [ 79.813581312888019, 7.569856994472093 ], [ 79.812450921348713, 7.570483295419848 ], [ 79.812082238319817, 7.570980274833349 ], [ 79.811871437975597, 7.57132040345064 ], [ 79.811843501409484, 7.572080127163996 ], [ 79.811967673000694, 7.572917284549692 ], [ 79.811968125920643, 7.57291980637451 ], [ 79.812294918224225, 7.574466648569656 ], [ 79.812545578487033, 7.576168156788528 ], [ 79.812685480702299, 7.577281232870543 ], [ 79.812724617162289, 7.577321966047388 ], [ 79.813405717499748, 7.578030851563759 ], [ 79.814270961045125, 7.578582944868304 ], [ 79.814900419323735, 7.578898722517535 ], [ 79.81592395670053, 7.579110567727645 ], [ 79.817158008228731, 7.579113275422258 ], [ 79.817971956836743, 7.579115059433434 ], [ 79.818891220151684, 7.578986075111145 ], [ 79.819391358380884, 7.578410779685141 ], [ 79.81983932819027, 7.577678171886068 ], [ 79.820732733621725, 7.577365729779763 ], [ 79.821704734887106, 7.577132055084204 ], [ 79.822939470860547, 7.576820352666662 ], [ 79.823779329836356, 7.576979378595717 ], [ 79.825091861317347, 7.577113232372335 ], [ 79.825931549782609, 7.577350852863242 ], [ 79.82674131006091, 7.578072545032877 ] ] ] ] } },
{ "type": "Feature", "properties": { "OBJECTID_1": 411, "PROVINCE_N": "North Western", "DISTRICT_N": "Puttalam", "DSD_N": "Chilaw", "GND_N": "Pitipana Nouth", "GND_C": "578B", "TOTAL_POPU": 1149, "EXIS_COVE": "YES", "SUP_LEV": null, "SCH_NAME": null, "RWS_SCHE": null, "PROJ_DETAI": "ON_GO", "WATER_SOUR": "Daduru Oya", "PROJ_NAME": "Chilaw WSP - ADB 5th", "COVER_PER": 100, "P_POP": 1826, "GRO_RATE": 1.98, "COVE_2018": 75.0, "WATER_QUAL": "COMPLIED", "COVE_2020": 100.0, "COVE_2025": 100.0, "COVE_2030": 100.0, "Shape_Leng": null, "Shape_Area": null, "OBJECTID_2": 2203, "OBJECTID_3": 2203, "OBJECTID": 13001, "EX_SCH_NAM": "chilaw wss", "RWS_Name": "<Null>", "SUP_LEVEL": "24", "layer": "Sche_Puttlam", "path": "C:/Users/MB/Downloads/New folder (2)/Sem 05/Advanced GIS and Remote Sensing for Planning/WEB MAP/Shape Files/Shape Files/WSS Shape Files/Sche_Puttlam.shp" }, "geometry": { "type": "MultiPolygon", "coordinates": [ [ [ [ 79.794821771820665, 7.580753071793468 ], [ 79.794829146635934, 7.580632587478867 ], [ 79.7949551076711, 7.578574854281867 ], [ 79.795195149160079, 7.577250745497509 ], [ 79.79521752036959, 7.577127339953898 ], [ 79.795364605433093, 7.576315990066131 ], [ 79.79213719399992, 7.574406152741436 ], [ 79.791325927211403, 7.573926075823445 ], [ 79.791275585178866, 7.573896285114547 ], [ 79.791123491151396, 7.57544226459409 ], [ 79.790987378820574, 7.577007344086934 ], [ 79.791221256164405, 7.578210788830826 ], [ 79.791446048318036, 7.579367480426823 ], [ 79.791864019791817, 7.580184186147953 ], [ 79.792033950975323, 7.580388596184826 ], [ 79.792194557252088, 7.580581788913183 ], [ 79.792923314752372, 7.580759809301834 ], [ 79.793630476402257, 7.580717303818225 ], [ 79.794204963299507, 7.580718594456962 ], [ 79.794801596038482, 7.58069788687097 ], [ 79.794821771820665, 7.580753071793468 ] ] ] ] } },
{ "type": "Feature", "properties": { "OBJECTID_1": 412, "PROVINCE_N": "North Western", "DISTRICT_N": "Puttalam", "DSD_N": "Chilaw", "GND_N": "Weralabada", "GND_C": "577", "TOTAL_POPU": 2831, "EXIS_COVE": "YES", "SUP_LEV": null, "SCH_NAME": null, "RWS_SCHE": null, "PROJ_DETAI": "ON_GO", "WATER_SOUR": "Daduru Oya", "PROJ_NAME": "Chilaw WSP - ADB 5th", "COVER_PER": 100, "P_POP": 4206, "GRO_RATE": 1.98, "COVE_2018": 25.0, "WATER_QUAL": "COMPLIED", "COVE_2020": 100.0, "COVE_2025": 100.0, "COVE_2030": 100.0, "Shape_Leng": null, "Shape_Area": null, "OBJECTID_2": 2209, "OBJECTID_3": 2209, "OBJECTID": 13005, "EX_SCH_NAM": "chilaw wss", "RWS_Name": "<Null>", "SUP_LEVEL": "24", "layer": "Sche_Puttlam", "path": "C:/Users/MB/Downloads/New folder (2)/Sem 05/Advanced GIS and Remote Sensing for Planning/WEB MAP/Shape Files/Shape Files/WSS Shape Files/Sche_Puttlam.shp" }, "geometry": { "type": "MultiPolygon", "coordinates": [ [ [ [ 79.791221256164405, 7.578210788830826 ], [ 79.790987378820574, 7.577007344086934 ], [ 79.791123491151396, 7.57544226459409 ], [ 79.791275585178866, 7.573896285114547 ], [ 79.791281797118017, 7.573833139554608 ], [ 79.791460851632309, 7.572819347797716 ], [ 79.791530624412161, 7.571276166336879 ], [ 79.791403083416498, 7.569049061675841 ], [ 79.791538541810809, 7.567770599022578 ], [ 79.791607713042879, 7.5664919889686 ], [ 79.791804111142554, 7.565908443492726 ], [ 79.791535669206198, 7.564458938628738 ], [ 79.790560596282958, 7.5629284077285 ], [ 79.789927226809084, 7.560804289662221 ], [ 79.788782759061192, 7.558933743726562 ], [ 79.788561628111026, 7.558572320229993 ], [ 79.788559452999749, 7.558735966462087 ], [ 79.788551650673668, 7.559323141580614 ], [ 79.788365661091063, 7.560069116926205 ], [ 79.788250989923426, 7.560633893664175 ], [ 79.788192886311165, 7.561255302698637 ], [ 79.788234258861195, 7.561763928913363 ], [ 79.788346211829946, 7.562399846104039 ], [ 79.788344644889634, 7.563092013171205 ], [ 79.788204800335336, 7.563960762826083 ], [ 79.788186361859033, 7.564075304217381 ], [ 79.78807060176122, 7.565120359523272 ], [ 79.788068585801824, 7.566010286999777 ], [ 79.788108996035788, 7.566942687434974 ], [ 79.788106980523139, 7.567831435819026 ], [ 79.788118754884877, 7.568890904334859 ], [ 79.788102754952959, 7.569696045559293 ], [ 79.787901241156874, 7.571051676163956 ], [ 79.787800194365673, 7.571856624304091 ], [ 79.787754328135833, 7.573180745027041 ], [ 79.787779567638495, 7.574551015657286 ], [ 79.787691828835847, 7.57573739164446 ], [ 79.787661395623189, 7.576681704938095 ], [ 79.787669813167525, 7.577066332685813 ], [ 79.787680516337701, 7.57755537663226 ], [ 79.787666636745556, 7.57840141660627 ], [ 79.78762916794804, 7.579104404283615 ], [ 79.787578794508178, 7.580224439927143 ], [ 79.787491525839243, 7.581236118435369 ], [ 79.787333857190518, 7.582212913174497 ], [ 79.787260513749658, 7.582915820332039 ], [ 79.787234947079369, 7.583642667479165 ], [ 79.787194672516847, 7.584017120653225 ], [ 79.787599005632956, 7.584056655013502 ], [ 79.788039071963041, 7.584167488972394 ], [ 79.788369184686431, 7.584223155081255 ], [ 79.788515500194634, 7.584424857536553 ], [ 79.788790447911765, 7.584535317590778 ], [ 79.788936970509596, 7.58464548827565 ], [ 79.789150314283418, 7.584749965339666 ], [ 79.789563310161682, 7.584373583072401 ], [ 79.789767071970928, 7.583688039220522 ], [ 79.789688018812456, 7.582880796602362 ], [ 79.789488008514368, 7.581911868679063 ], [ 79.789448848496335, 7.581346835896657 ], [ 79.789570994620803, 7.580983933204769 ], [ 79.790137625352031, 7.580783445433961 ], [ 79.79017980253451, 7.580016829005308 ], [ 79.790102667457035, 7.57836217423863 ], [ 79.791221256164405, 7.578210788830826 ] ] ] ] } },
{ "type": "Feature", "properties": { "OBJECTID_1": 413, "PROVINCE_N": "North Western", "DISTRICT_N": "Puttalam", "DSD_N": "Chilaw", "GND_N": "Aluthwatta", "GND_C": "576", "TOTAL_POPU": 1579, "EXIS_COVE": "YES", "SUP_LEV": null, "SCH_NAME": null, "RWS_SCHE": null, "PROJ_DETAI": "ON_GO", "WATER_SOUR": "Daduru Oya", "PROJ_NAME": "Chilaw WSP - ADB 5th", "COVER_PER": 100, "P_POP": 2174, "GRO_RATE": 1.98, "COVE_2018": 75.0, "WATER_QUAL": "COMPLIED", "COVE_2020": 100.0, "COVE_2025": 100.0, "COVE_2030": 100.0, "Shape_Leng": null, "Shape_Area": null, "OBJECTID_2": 2211, "OBJECTID_3": 2211, "OBJECTID": 13006, "EX_SCH_NAM": "chilaw wss", "RWS_Name": "<Null>", "SUP_LEVEL": "24", "layer": "Sche_Puttlam", "path": "C:/Users/MB/Downloads/New folder (2)/Sem 05/Advanced GIS and Remote Sensing for Planning/WEB MAP/Shape Files/Shape Files/WSS Shape Files/Sche_Puttlam.shp" }, "geometry": { "type": "MultiPolygon", "coordinates": [ [ [ [ 79.796340470577135, 7.584784265971519 ], [ 79.795768491754629, 7.583059161252251 ], [ 79.79519688376503, 7.58177911182147 ], [ 79.794821771820665, 7.580753071793468 ], [ 79.794801596038482, 7.58069788687097 ], [ 79.794204963299507, 7.580718594456962 ], [ 79.793630476402257, 7.580717303818225 ], [ 79.792923314752372, 7.580759809301834 ], [ 79.792194557252088, 7.580581788913183 ], [ 79.792033950975323, 7.580388596184826 ], [ 79.792117501215046, 7.58155461719431 ], [ 79.792155752366369, 7.582523180526191 ], [ 79.791992254247646, 7.583289523396398 ], [ 79.791747689051746, 7.584136389247118 ], [ 79.791503671573409, 7.584741138845183 ], [ 79.791421328115945, 7.585386604555004 ], [ 79.791783839624372, 7.586033072702873 ], [ 79.793157390799351, 7.586681816749071 ], [ 79.793230828293602, 7.586716501192882 ], [ 79.794250680430736, 7.586078976492592 ], [ 79.795506914299779, 7.584951906436707 ], [ 79.796340470577135, 7.584784265971519 ] ] ] ] } },
{ "type": "Feature", "properties": { "OBJECTID_1": 414, "PROVINCE_N": "North Western", "DISTRICT_N": "Puttalam", "DSD_N": "Chilaw", "GND_N": "Weralabada South", "GND_C": "575B", "TOTAL_POPU": 2196, "EXIS_COVE": "YES", "SUP_LEV": null, "SCH_NAME": null, "RWS_SCHE": null, "PROJ_DETAI": "ON_GO", "WATER_SOUR": "Daduru Oya", "PROJ_NAME": "Chilaw WSP - ADB 5th", "COVER_PER": 100, "P_POP": 4437, "GRO_RATE": 1.98, "COVE_2018": 25.0, "WATER_QUAL": "COMPLIED", "COVE_2020": 100.0, "COVE_2025": 100.0, "COVE_2030": 100.0, "Shape_Leng": null, "Shape_Area": null, "OBJECTID_2": 2212, "OBJECTID_3": 2212, "OBJECTID": 13007, "EX_SCH_NAM": "chilaw wss", "RWS_Name": "<Null>", "SUP_LEVEL": "24", "layer": "Sche_Puttlam", "path": "C:/Users/MB/Downloads/New folder (2)/Sem 05/Advanced GIS and Remote Sensing for Planning/WEB MAP/Shape Files/Shape Files/WSS Shape Files/Sche_Puttlam.shp" }, "geometry": { "type": "MultiPolygon", "coordinates": [ [ [ [ 79.78975764735199, 7.587844395249794 ], [ 79.789618627483378, 7.587248814070867 ], [ 79.789665518807098, 7.586990371549978 ], [ 79.789702710437354, 7.586770776220414 ], [ 79.789685151682832, 7.586422912797378 ], [ 79.789685774428477, 7.586148315959627 ], [ 79.789686272607881, 7.585928638667731 ], [ 79.789650285956881, 7.585617346851034 ], [ 79.789559217928684, 7.585324236372236 ], [ 79.789449635495203, 7.585104309613042 ], [ 79.789266586388379, 7.584920831041941 ], [ 79.789150314283418, 7.584749965339666 ], [ 79.788936970509596, 7.58464548827565 ], [ 79.788790447911765, 7.584535317590778 ], [ 79.788515500194634, 7.584424857536553 ], [ 79.788369184686431, 7.584223155081255 ], [ 79.788039071963041, 7.584167488972394 ], [ 79.787599005632956, 7.584056655013502 ], [ 79.787194672516847, 7.584017120653225 ], [ 79.787125003838213, 7.584664865735156 ], [ 79.787063616562122, 7.585367797942431 ], [ 79.787072501940628, 7.585725409259564 ], [ 79.787085527319718, 7.586249668161581 ], [ 79.787095425360164, 7.587155343095491 ], [ 79.787072316100208, 7.587473196410067 ], [ 79.788019665315289, 7.587396582381872 ], [ 79.788666730512986, 7.587398045621653 ], [ 79.789192472100055, 7.587399233797599 ], [ 79.789757464296528, 7.587925101421133 ], [ 79.78975764735199, 7.587844395249794 ] ] ] ] } },
{ "type": "Feature", "properties": { "OBJECTID_1": 415, "PROVINCE_N": "North Western", "DISTRICT_N": "Puttalam", "DSD_N": "Chilaw", "GND_N": "Wattakkaliya", "GND_C": "579", "TOTAL_POPU": 3159, "EXIS_COVE": "YES", "SUP_LEV": null, "SCH_NAME": null, "RWS_SCHE": null, "PROJ_DETAI": "ON_GO", "WATER_SOUR": "Daduru Oya", "PROJ_NAME": "Chilaw WSP - ADB 5th", "COVER_PER": 100, "P_POP": 4041, "GRO_RATE": 1.98, "COVE_2018": 75.0, "WATER_QUAL": "COMPLIED", "COVE_2020": 100.0, "COVE_2025": 100.0, "COVE_2030": 100.0, "Shape_Leng": null, "Shape_Area": null, "OBJECTID_2": 2218, "OBJECTID_3": 2218, "OBJECTID": 13012, "EX_SCH_NAM": "chilaw wss", "RWS_Name": "<Null>", "SUP_LEVEL": "24", "layer": "Sche_Puttlam", "path": "C:/Users/MB/Downloads/New folder (2)/Sem 05/Advanced GIS and Remote Sensing for Planning/WEB MAP/Shape Files/Shape Files/WSS Shape Files/Sche_Puttlam.shp" }, "geometry": { "type": "MultiPolygon", "coordinates": [ [ [ [ 79.799088854854702, 7.589823183977099 ], [ 79.799045662576034, 7.589791058149911 ], [ 79.798583180259541, 7.589106543962833 ], [ 79.797746751537915, 7.587671568637411 ], [ 79.797262473723407, 7.586854717982225 ], [ 79.796514685590509, 7.585309701182299 ], [ 79.796340470577135, 7.584784265971519 ], [ 79.795506914299779, 7.584951906436707 ], [ 79.794250680430736, 7.586078976492592 ], [ 79.793230828293602, 7.586716501192882 ], [ 79.793157208407933, 7.586762522103062 ], [ 79.792750786086557, 7.587649378847489 ], [ 79.79291072753341, 7.588456803663152 ], [ 79.792867548590266, 7.589667302642189 ], [ 79.792300357711568, 7.590109909429096 ], [ 79.791286934420853, 7.591156808198471 ], [ 79.791043409940656, 7.591414304576332 ], [ 79.790030212352875, 7.592485626988942 ], [ 79.789097937456503, 7.593411643106515 ], [ 79.788732123689343, 7.594217878396079 ], [ 79.788731023249269, 7.594702113319783 ], [ 79.788850424214445, 7.595549800743719 ], [ 79.789050803119565, 7.596357316743615 ], [ 79.789413134574374, 7.59708449339941 ], [ 79.79009964897719, 7.597529930265835 ], [ 79.790145327921664, 7.597559568921871 ], [ 79.790332086019149, 7.597433470441421 ], [ 79.790800428759681, 7.596940915576154 ], [ 79.79192707267427, 7.597025726697125 ], [ 79.793082877106357, 7.596370181221594 ], [ 79.794568047388523, 7.595907333773885 ], [ 79.79597156933599, 7.59508779861824 ], [ 79.797018726438367, 7.593856114169341 ], [ 79.797791722315111, 7.592322157871267 ], [ 79.798619493630568, 7.590870591217762 ], [ 79.799061445687457, 7.589884351895664 ], [ 79.799088854854702, 7.589823183977099 ] ] ] ] } },
{ "type": "Feature", "properties": { "OBJECTID_1": 416, "PROVINCE_N": "North Western", "DISTRICT_N": "Puttalam", "DSD_N": "Chilaw", "GND_N": "Thimbilla", "GND_C": "579A", "TOTAL_POPU": 2441, "EXIS_COVE": "YES", "SUP_LEV": null, "SCH_NAME": null, "RWS_SCHE": null, "PROJ_DETAI": "ON_GO", "WATER_SOUR": "Daduru Oya", "PROJ_NAME": "Chilaw WSP - ADB 5th", "COVER_PER": 100, "P_POP": 2756, "GRO_RATE": 1.98, "COVE_2018": 50.0, "WATER_QUAL": "COMPLIED", "COVE_2020": 100.0, "COVE_2025": 100.0, "COVE_2030": 100.0, "Shape_Leng": null, "Shape_Area": null, "OBJECTID_2": 2219, "OBJECTID_3": 2219, "OBJECTID": 13013, "EX_SCH_NAM": "chilaw wss", "RWS_Name": "<Null>", "SUP_LEVEL": "24", "layer": "Sche_Puttlam", "path": "C:/Users/MB/Downloads/New folder (2)/Sem 05/Advanced GIS and Remote Sensing for Planning/WEB MAP/Shape Files/Shape Files/WSS Shape Files/Sche_Puttlam.shp" }, "geometry": { "type": "MultiPolygon", "coordinates": [ [ [ [ 79.812668073313219, 7.578300967614989 ], [ 79.812695593685376, 7.577361694664358 ], [ 79.812685480702299, 7.577281232870543 ], [ 79.812545578487033, 7.576168156788528 ], [ 79.812294918224225, 7.574466648569656 ], [ 79.811968125920643, 7.57291980637451 ], [ 79.811967673000694, 7.572917284549692 ], [ 79.811155301569087, 7.572077721754437 ], [ 79.810417424599024, 7.572101481747882 ], [ 79.808939359015483, 7.573189875634535 ], [ 79.807596309593109, 7.573616461866592 ], [ 79.807784027890264, 7.574487399694752 ], [ 79.80753743680323, 7.576262404359297 ], [ 79.807048106746763, 7.578077223794828 ], [ 79.805917198819813, 7.577429062442993 ], [ 79.804744684983547, 7.577305400131745 ], [ 79.803046621080753, 7.57709985898883 ], [ 79.8014294404433, 7.57689449165353 ], [ 79.799441366366025, 7.576773780441852 ], [ 79.797667830909418, 7.576869925357141 ], [ 79.795326823647628, 7.57711585802842 ], [ 79.79521752036959, 7.577127339953898 ], [ 79.795195149160079, 7.577250745497509 ], [ 79.7949551076711, 7.578574854281867 ], [ 79.794829146635934, 7.580632587478867 ], [ 79.794821771820665, 7.580753071793468 ], [ 79.79519688376503, 7.58177911182147 ], [ 79.795768491754629, 7.583059161252251 ], [ 79.796340470577135, 7.584784265971519 ], [ 79.796514685590509, 7.585309701182299 ], [ 79.797262473723407, 7.586854717982225 ], [ 79.797746751537915, 7.587671568637411 ], [ 79.798583180259541, 7.589106543962833 ], [ 79.799045662576034, 7.589791058149911 ], [ 79.799088854854702, 7.589823183977099 ], [ 79.799729505379105, 7.590299685844784 ], [ 79.800302174026641, 7.591116731336464 ], [ 79.801228288650066, 7.591978662828086 ], [ 79.802419166877129, 7.593017564721588 ], [ 79.803103363587212, 7.593371853922924 ], [ 79.804823678354964, 7.594808790192215 ], [ 79.805793508787204, 7.59589128802317 ], [ 79.806190951072182, 7.59602445771419 ], [ 79.806610736562121, 7.596047438733523 ], [ 79.806964034698368, 7.596158462444596 ], [ 79.808088108440401, 7.597439729326749 ], [ 79.809035122763703, 7.598247540528168 ], [ 79.809419953702388, 7.597502871085303 ], [ 79.809653381258997, 7.597010775366713 ], [ 79.809901327782299, 7.596518712500982 ], [ 79.81028801772807, 7.596016105587849 ], [ 79.809957646911215, 7.595837662548966 ], [ 79.80914503791189, 7.595125016014228 ], [ 79.808384052309108, 7.594082447624772 ], [ 79.807826617700599, 7.593040330763232 ], [ 79.808133181042351, 7.592482488528136 ], [ 79.808211489183464, 7.591594104869857 ], [ 79.808976029281411, 7.591037277670792 ], [ 79.809790776497778, 7.59078520800729 ], [ 79.810478644946343, 7.590380530741095 ], [ 79.810607269712818, 7.58974613166076 ], [ 79.810736063982802, 7.589035569236615 ], [ 79.811093788854905, 7.588350900709662 ], [ 79.811146139330447, 7.587690944544002 ], [ 79.810383300087807, 7.587486159724251 ], [ 79.809926453069451, 7.586977402424194 ], [ 79.809496009866535, 7.586037117895255 ], [ 79.809421260997439, 7.585326105525046 ], [ 79.809753090188948, 7.584844479622609 ], [ 79.81039113362759, 7.583957331972636 ], [ 79.810596534911014, 7.583120002116383 ], [ 79.810546662574552, 7.582662920096601 ], [ 79.810929992664512, 7.581902144712164 ], [ 79.81169586014849, 7.580736014415757 ], [ 79.81215658158257, 7.579493048693162 ], [ 79.812668073313219, 7.578300967614989 ] ] ] ] } },
{ "type": "Feature", "properties": { "OBJECTID_1": 417, "PROVINCE_N": "North Western", "DISTRICT_N": "Puttalam", "DSD_N": "Chilaw", "GND_N": "Deduruoya", "GND_C": "579B", "TOTAL_POPU": 3058, "EXIS_COVE": "YES", "SUP_LEV": null, "SCH_NAME": null, "RWS_SCHE": null, "PROJ_DETAI": "ON_GO", "WATER_SOUR": "Daduru Oya", "PROJ_NAME": "Chilaw WSP - ADB 5th", "COVER_PER": 100, "P_POP": 8961, "GRO_RATE": 1.98, "COVE_2018": 25.0, "WATER_QUAL": "COMPLIED", "COVE_2020": 100.0, "COVE_2025": 100.0, "COVE_2030": 100.0, "Shape_Leng": null, "Shape_Area": null, "OBJECTID_2": 2230, "OBJECTID_3": 2230, "OBJECTID": 13021, "EX_SCH_NAM": "chilaw wss", "RWS_Name": "<Null>", "SUP_LEVEL": "24", "layer": "Sche_Puttlam", "path": "C:/Users/MB/Downloads/New folder (2)/Sem 05/Advanced GIS and Remote Sensing for Planning/WEB MAP/Shape Files/Shape Files/WSS Shape Files/Sche_Puttlam.shp" }, "geometry": { "type": "MultiPolygon", "coordinates": [ [ [ [ 79.805818968596171, 7.612724229097507 ], [ 79.805927195429646, 7.612573458052553 ], [ 79.806107301104944, 7.612226886014514 ], [ 79.806241271064522, 7.611869190214829 ], [ 79.806327360026614, 7.611363048208531 ], [ 79.806345116294807, 7.610926261871489 ], [ 79.806316968395805, 7.610501805614829 ], [ 79.806231678906911, 7.61011225861005 ], [ 79.806135037071087, 7.609734270514175 ], [ 79.806015546650286, 7.609379683822363 ], [ 79.805872395565999, 7.608967968854411 ], [ 79.805660261895483, 7.608568533412468 ], [ 79.805448780179219, 7.608226174016627 ], [ 79.805179087618214, 7.607827456483698 ], [ 79.804956669338836, 7.607531411126102 ], [ 79.804676275174444, 7.607201612269952 ], [ 79.804407537803741, 7.606883142267649 ], [ 79.804149967140134, 7.606541527770561 ], [ 79.803938557280929, 7.60619916803786 ], [ 79.803772934037696, 7.60583374111919 ], [ 79.803676108825854, 7.605444167286793 ], [ 79.803671389459595, 7.605053952659132 ], [ 79.803701523563092, 7.60468613695434 ], [ 79.803810809218902, 7.604191066306714 ], [ 79.803955410291337, 7.603764452888203 ], [ 79.8041588236416, 7.603440536515272 ], [ 79.804385504769812, 7.603127973958113 ], [ 79.80469310062098, 7.602848649700895 ], [ 79.805024380918994, 7.602615152305632 ], [ 79.805436460122777, 7.602403872681403 ], [ 79.805814781758599, 7.602250159081907 ], [ 79.806205409092826, 7.602165415281542 ], [ 79.806584729535473, 7.602103531360491 ], [ 79.806952765934398, 7.602053490121265 ], [ 79.807459534385686, 7.602047835878333 ], [ 79.807897250212235, 7.60205417611605 ], [ 79.808266125109441, 7.602073078430983 ], [ 79.80875053488009, 7.602125012881165 ], [ 79.809223940888359, 7.60222297803494 ], [ 79.809605006770667, 7.602298981913266 ], [ 79.810078831332206, 7.602431419445145 ], [ 79.810471972179926, 7.602553222902452 ], [ 79.810842034000927, 7.602675257035701 ], [ 79.811200555195782, 7.602797548342175 ], [ 79.811605469830567, 7.602942264139696 ], [ 79.812055984469509, 7.603051760866101 ], [ 79.812506266846626, 7.603138652405902 ], [ 79.812634333856309, 7.603148083831309 ], [ 79.812539786770088, 7.602785152883468 ], [ 79.812100591241673, 7.601549504542979 ], [ 79.811549933384697, 7.600754566474496 ], [ 79.810910547694235, 7.600113765096733 ], [ 79.810138238895263, 7.599627003926812 ], [ 79.809124685976627, 7.598323938783259 ], [ 79.809035122763703, 7.598247540528168 ], [ 79.808088108440401, 7.597439729326749 ], [ 79.806964034698368, 7.596158462444596 ], [ 79.806610736562121, 7.596047438733523 ], [ 79.806190951072182, 7.59602445771419 ], [ 79.805793508787204, 7.59589128802317 ], [ 79.804823678354964, 7.594808790192215 ], [ 79.803103363587212, 7.593371853922924 ], [ 79.802419166877129, 7.593017564721588 ], [ 79.801228288650066, 7.591978662828086 ], [ 79.800302174026641, 7.591116731336464 ], [ 79.799729505379105, 7.590299685844784 ], [ 79.799088854854702, 7.589823183977099 ], [ 79.799061445687457, 7.589884351895664 ], [ 79.798619493630568, 7.590870591217762 ], [ 79.797791722315111, 7.592322157871267 ], [ 79.797018726438367, 7.593856114169341 ], [ 79.79597156933599, 7.59508779861824 ], [ 79.794568047388523, 7.595907333773885 ], [ 79.793082877106357, 7.596370181221594 ], [ 79.79192707267427, 7.597025726697125 ], [ 79.790800428759681, 7.596940915576154 ], [ 79.790332086019149, 7.597433470441421 ], [ 79.790145327921664, 7.597559568921871 ], [ 79.789643934833805, 7.597898105256376 ], [ 79.788434215932369, 7.598087328093952 ], [ 79.787581846030776, 7.598249935060183 ], [ 79.786666783342767, 7.598195680187497 ], [ 79.786661778266975, 7.598508006443028 ], [ 79.786576062411029, 7.599389630155829 ], [ 79.786514641913001, 7.600104479140262 ], [ 79.786380500178211, 7.600949378703171 ], [ 79.786319649429132, 7.601413982857467 ], [ 79.786280588198935, 7.602202950506252 ], [ 79.786269507167162, 7.602426769767037 ], [ 79.786275530164332, 7.602524284711267 ], [ 79.786338701682837, 7.603547073911911 ], [ 79.786395652277292, 7.603884513701924 ], [ 79.786437249314019, 7.603906146206534 ], [ 79.786807603431825, 7.604051370870743 ], [ 79.787189427992203, 7.604196338271587 ], [ 79.787547941212921, 7.604318648426104 ], [ 79.787929722030071, 7.60445203100056 ], [ 79.788369408550949, 7.604619166707336 ], [ 79.788705213763606, 7.604764876706049 ], [ 79.789064376856544, 7.604944545491562 ], [ 79.789435454102588, 7.605146844166203 ], [ 79.789783681572175, 7.60537254303923 ], [ 79.790155103781402, 7.605609596196608 ], [ 79.79053848468638, 7.605880865265557 ], [ 79.790979424340378, 7.60615141517147 ], [ 79.791420552143236, 7.606433551073932 ], [ 79.791861306579406, 7.606692798654249 ], [ 79.792232198615011, 7.606883792805187 ], [ 79.792637641574657, 7.607074300468696 ], [ 79.793042853164749, 7.607241920168259 ], [ 79.793401674454202, 7.607387113794694 ], [ 79.793759890141942, 7.607486531567148 ], [ 79.794153144977201, 7.607619935105641 ], [ 79.794511317545812, 7.607707767145414 ], [ 79.794984839204204, 7.607817051398627 ], [ 79.795516293240951, 7.607948786675326 ], [ 79.79590913235306, 7.60804771561487 ], [ 79.796382956904267, 7.608180168337904 ], [ 79.79674094381572, 7.60825641406803 ], [ 79.797087879370736, 7.6083673889814 ], [ 79.79750402999727, 7.608488973988306 ], [ 79.797851011194638, 7.608611250506253 ], [ 79.798256573437143, 7.608813620850407 ], [ 79.79869717528581, 7.609049691780835 ], [ 79.79913812409275, 7.609320235317002 ], [ 79.799428801890386, 7.609546646480243 ], [ 79.799754865184809, 7.609841513434055 ], [ 79.800069157314724, 7.610113467570762 ], [ 79.800418879791678, 7.610465463520827 ], [ 79.800675613165978, 7.610738418574226 ], [ 79.80103748186562, 7.611136213845311 ], [ 79.801294866108478, 7.611466246467172 ], [ 79.80162230180342, 7.611875831481503 ], [ 79.801926658622108, 7.612285930693414 ], [ 79.802231086410416, 7.612695746910315 ], [ 79.802499407089613, 7.612980029159114 ], [ 79.802871146620703, 7.61323995999477 ], [ 79.803311034518259, 7.613418668756902 ], [ 79.803807948794358, 7.613550882026625 ], [ 79.804199540517274, 7.613546388341279 ], [ 79.804579288748002, 7.613518980697028 ], [ 79.804969392794234, 7.613388181717927 ], [ 79.805324110304468, 7.61318892582459 ], [ 79.805677919794093, 7.612920724829032 ], [ 79.805818968596171, 7.612724229097507 ] ] ] ] } },
{ "type": "Feature", "properties": { "OBJECTID_1": 418, "PROVINCE_N": "North Western", "DISTRICT_N": "Puttalam", "DSD_N": "Chilaw", "GND_N": "Mungandaluwa West", "GND_C": "564A", "TOTAL_POPU": 604, "EXIS_COVE": "YES", "SUP_LEV": null, "SCH_NAME": null, "RWS_SCHE": null, "PROJ_DETAI": "ON_GO", "WATER_SOUR": "Kadupiti Oya", "PROJ_NAME": "Chilaw WSP - ADB 5th", "COVER_PER": 50, "P_POP": 414, "GRO_RATE": 1.98, "COVE_2018": 50.0, "WATER_QUAL": "COMPLIED", "COVE_2020": 50.0, "COVE_2025": 50.0, "COVE_2030": 50.0, "Shape_Leng": null, "Shape_Area": null, "OBJECTID_2": 2269, "OBJECTID_3": 2269, "OBJECTID": 13049, "EX_SCH_NAM": "Kakkapalliya wss", "RWS_Name": "<Null>", "SUP_LEVEL": "24", "layer": "Sche_Puttlam", "path": "C:/Users/MB/Downloads/New folder (2)/Sem 05/Advanced GIS and Remote Sensing for Planning/WEB MAP/Shape Files/Shape Files/WSS Shape Files/Sche_Puttlam.shp" }, "geometry": { "type": "MultiPolygon", "coordinates": [ [ [ [ 79.846858006078037, 7.569861752794004 ], [ 79.844223950951715, 7.568927784573221 ], [ 79.841324543282852, 7.568836506287033 ], [ 79.839550487070809, 7.568917005407034 ], [ 79.839554838885832, 7.568955959448405 ], [ 79.839808175119956, 7.571223845711229 ], [ 79.840041780101842, 7.572481930504554 ], [ 79.839882330075966, 7.573372378827359 ], [ 79.83990571460086, 7.574708614105923 ], [ 79.839928030858815, 7.576542640060967 ], [ 79.839774833573799, 7.57881162894548 ], [ 79.841832677145504, 7.579507453966261 ], [ 79.844494451050437, 7.579744132164825 ], [ 79.847818053756342, 7.580319584177692 ], [ 79.847487103395892, 7.578142133682729 ], [ 79.847699084643025, 7.577096101968025 ], [ 79.84761732547247, 7.576091306670061 ], [ 79.84720032463801, 7.574918361282515 ], [ 79.847160605948417, 7.573871795324947 ], [ 79.847080454547097, 7.572113535456275 ], [ 79.846957104097029, 7.57094121501523 ], [ 79.846858006078037, 7.569861752794004 ] ] ] ] } },
{ "type": "Feature", "properties": { "OBJECTID_1": 419, "PROVINCE_N": "North Western", "DISTRICT_N": "Puttalam", "DSD_N": "Mundalama", "GND_N": "Kattakaduwa", "GND_C": "597", "TOTAL_POPU": 2099, "EXIS_COVE": "YES", "SUP_LEV": null, "SCH_NAME": null, "RWS_SCHE": null, "PROJ_DETAI": "PAC", "WATER_SOUR": "Mee Oya", "PROJ_NAME": "Galgamuwa WSP", "COVER_PER": 100, "P_POP": 2330, "GRO_RATE": 1.5, "COVE_2018": 75.0, "WATER_QUAL": "COMPLIED", "COVE_2020": 100.0, "COVE_2025": 100.0, "COVE_2030": 100.0, "Shape_Leng": null, "Shape_Area": null, "OBJECTID_2": 2338, "OBJECTID_3": 2338, "OBJECTID": 13103, "EX_SCH_NAM": "Galgamuwa WSS", "RWS_Name": "<Null>", "SUP_LEVEL": "24", "layer": "Sche_Puttlam", "path": "C:/Users/MB/Downloads/New folder (2)/Sem 05/Advanced GIS and Remote Sensing for Planning/WEB MAP/Shape Files/Shape Files/WSS Shape Files/Sche_Puttlam.shp" }, "geometry": { "type": "MultiPolygon", "coordinates": [ [ [ [ 79.796683751396955, 7.847866420132814 ], [ 79.796428690706705, 7.847752670395106 ], [ 79.796176082061081, 7.846786338721267 ], [ 79.795463782477711, 7.846225571091504 ], [ 79.795057906593357, 7.845411370165783 ], [ 79.794446840285403, 7.845155807494347 ], [ 79.794602602903183, 7.843936279885717 ], [ 79.79373775197466, 7.843222669444161 ], [ 79.793434537039147, 7.842103732890772 ], [ 79.791654115465107, 7.840574732248736 ], [ 79.79135174006062, 7.839099995991938 ], [ 79.790894669058687, 7.838387330199034 ], [ 79.790899785495256, 7.836201709616105 ], [ 79.791210007797517, 7.834321769910741 ], [ 79.792131272707863, 7.832697392220842 ], [ 79.79208279663311, 7.831629876222218 ], [ 79.791780303450963, 7.83020596975657 ], [ 79.792089445731975, 7.828783483369522 ], [ 79.792566521734301, 7.827014825444254 ], [ 79.777507313662156, 7.821855173537559 ], [ 79.777390827080708, 7.821818384125993 ], [ 79.777230665222731, 7.822607292797338 ], [ 79.777055502900467, 7.823299060133619 ], [ 79.776822500476399, 7.82399069095439 ], [ 79.776588402009224, 7.825143771311843 ], [ 79.776471352148008, 7.825720311810026 ], [ 79.776412143381378, 7.826296988676114 ], [ 79.776294955000523, 7.826931209894967 ], [ 79.776351291203554, 7.827565840501642 ], [ 79.776349511937156, 7.828315697259427 ], [ 79.776058388832666, 7.829122553119415 ], [ 79.775883358432111, 7.829756637413364 ], [ 79.775477234104144, 7.830274812405073 ], [ 79.775417336402469, 7.831139894797407 ], [ 79.775415417576568, 7.831947432962907 ], [ 79.775297541397052, 7.83287005936281 ], [ 79.775238190759097, 7.833504417280841 ], [ 79.77512044956714, 7.834369362625432 ], [ 79.774828357169383, 7.835579984161308 ], [ 79.774421403248198, 7.83644424472886 ], [ 79.774245953132208, 7.837251371664949 ], [ 79.774011560993188, 7.838519810563545 ], [ 79.773893677184077, 7.839442436568233 ], [ 79.773657908157617, 7.841287687261276 ], [ 79.773539333582363, 7.842498717667518 ], [ 79.773189660317442, 7.843593837622598 ], [ 79.773071497563876, 7.844631825213995 ], [ 79.772837507989721, 7.845727218867023 ], [ 79.772602965968218, 7.847053336098609 ], [ 79.772770712868819, 7.849476357776452 ], [ 79.772929001340103, 7.851093669032817 ], [ 79.7743285173635, 7.851152818550629 ], [ 79.77577462859773, 7.85115624527286 ], [ 79.777220739575782, 7.851159667022889 ], [ 79.77837776691284, 7.85110471909895 ], [ 79.779708190678321, 7.851107859039974 ], [ 79.780807100068557, 7.851168131521933 ], [ 79.781963444761985, 7.851401580917261 ], [ 79.783062355984711, 7.851461846737363 ], [ 79.784219248305718, 7.851464564597086 ], [ 79.784913384440515, 7.85146619378732 ], [ 79.785607655822133, 7.851410140860597 ], [ 79.786012705070448, 7.851353408137687 ], [ 79.787285287542815, 7.851356388641608 ], [ 79.788442317568112, 7.851301413833208 ], [ 79.789426218547334, 7.851072985635586 ], [ 79.790815844610862, 7.850499411287688 ], [ 79.791626615046752, 7.850097527806531 ], [ 79.792495500048958, 7.849580415026392 ], [ 79.793653468432751, 7.84912165376041 ], [ 79.794580058552839, 7.848662352591568 ], [ 79.795390688794242, 7.848318142990124 ], [ 79.796374850603883, 7.847974333939844 ], [ 79.796683751396955, 7.847866420132814 ] ] ] ] } },
{ "type": "Feature", "properties": { "OBJECTID_1": 420, "PROVINCE_N": "North Western", "DISTRICT_N": "Puttalam", "DSD_N": "Dankotuwa", "GND_N": "Godella", "GND_C": "473", "TOTAL_POPU": 1734, "EXIS_COVE": "YES", "SUP_LEV": null, "SCH_NAME": null, "RWS_SCHE": null, "PROJ_DETAI": "PROCU", "WATER_SOUR": "Maa Oya", "PROJ_NAME": "Dankotuwa (Phase 1)", "COVER_PER": 75, "P_POP": 2001, "GRO_RATE": 1.2, "COVE_2018": 50.0, "WATER_QUAL": "COMPLIED", "COVE_2020": 75.0, "COVE_2025": 75.0, "COVE_2030": 75.0, "Shape_Leng": null, "Shape_Area": null, "OBJECTID_2": 2510, "OBJECTID_3": 2510, "OBJECTID": 13257, "EX_SCH_NAM": "Dankotuwa wss", "RWS_Name": "<Null>", "SUP_LEVEL": "24", "layer": "Sche_Puttlam", "path": "C:/Users/MB/Downloads/New folder (2)/Sem 05/Advanced GIS and Remote Sensing for Planning/WEB MAP/Shape Files/Shape Files/WSS Shape Files/Sche_Puttlam.shp" }, "geometry": { "type": "MultiPolygon", "coordinates": [ [ [ [ 79.8745743556603, 7.286906463898938 ], [ 79.875143718416282, 7.286588161397857 ], [ 79.875606867711113, 7.286056693811253 ], [ 79.876105490030426, 7.285560788297083 ], [ 79.876639867975499, 7.28495847538036 ], [ 79.877032485958139, 7.284142927401909 ], [ 79.877353800665261, 7.283433714554699 ], [ 79.877390784947266, 7.283351076112124 ], [ 79.878010133253511, 7.28196717347333 ], [ 79.877840562930373, 7.282019588696238 ], [ 79.877470861300793, 7.282118743495157 ], [ 79.877067151391898, 7.282171491511741 ], [ 79.876709403769539, 7.282236338687961 ], [ 79.876304990998108, 7.282358029702356 ], [ 79.875946469749351, 7.282491819797741 ], [ 79.87555325988599, 7.282636843378159 ], [ 79.875126393417005, 7.2827007042437 ], [ 79.874723129478497, 7.282707392942364 ], [ 79.874331608366603, 7.282714246520068 ], [ 79.873940275266747, 7.282698071128625 ], [ 79.873561269996344, 7.282601530399412 ], [ 79.873171485112223, 7.282447326309388 ], [ 79.872805020340991, 7.282270280284017 ], [ 79.872380806600162, 7.282104138717786 ], [ 79.872048795638989, 7.281927584662989 ], [ 79.871637051883681, 7.281681078729393 ], [ 79.871568589959566, 7.281635732766287 ], [ 79.87151771301879, 7.281602079571124 ], [ 79.871282801790088, 7.281446696369265 ], [ 79.87125274530392, 7.281420675290887 ], [ 79.870580514691554, 7.282089235248502 ], [ 79.869531850554452, 7.282883731651659 ], [ 79.86883210763304, 7.283728709116915 ], [ 79.8676837136492, 7.284523001356682 ], [ 79.866786418255117, 7.284421635193186 ], [ 79.866289308842482, 7.28367384234724 ], [ 79.866241446720295, 7.282678015820744 ], [ 79.865844360281287, 7.281781063310774 ], [ 79.865396514920889, 7.281332087517102 ], [ 79.864354317331347, 7.281329999919437 ], [ 79.864299585748185, 7.281329890221789 ], [ 79.863550075292864, 7.282124972137698 ], [ 79.862248886318625, 7.284512111432903 ], [ 79.861847189396741, 7.28590532562062 ], [ 79.861545612215266, 7.28709959447299 ], [ 79.861503522499277, 7.287802072241923 ], [ 79.861739734710042, 7.28822953420913 ], [ 79.861881200907149, 7.288584741236405 ], [ 79.862129374893911, 7.288904670527829 ], [ 79.86255527752806, 7.289224957049329 ], [ 79.863088246115908, 7.28933250521071 ], [ 79.863692234935783, 7.289475686825098 ], [ 79.86426096426176, 7.289476828408538 ], [ 79.864900999239552, 7.289371635180191 ], [ 79.865256812089953, 7.289194887586982 ], [ 79.865754449925461, 7.289195884751399 ], [ 79.866109692093417, 7.289303073369423 ], [ 79.866784560068439, 7.289552870034298 ], [ 79.867281984918449, 7.289660341387221 ], [ 79.867779695610139, 7.289625845046023 ], [ 79.86817105265601, 7.289449165189853 ], [ 79.8687044501646, 7.289343754297197 ], [ 79.868987963281526, 7.289770227312556 ], [ 79.869413729353127, 7.290161492584577 ], [ 79.869839638184189, 7.290481772104702 ], [ 79.870372257099433, 7.290766773423941 ], [ 79.870869117162314, 7.291158178386931 ], [ 79.871543778659245, 7.291514445433808 ], [ 79.871921398905869, 7.291660328816813 ], [ 79.872181323744428, 7.29011013534955 ], [ 79.872110751657587, 7.289512861705015 ], [ 79.872016353848878, 7.288867771048247 ], [ 79.871155573255066, 7.288674975848844 ], [ 79.871276658216743, 7.287934772251147 ], [ 79.871949689394526, 7.286311911193976 ], [ 79.872669985785862, 7.284975766446062 ], [ 79.87364851074507, 7.286100319135362 ], [ 79.8745743556603, 7.286906463898938 ] ] ] ] } },
{ "type": "Feature", "properties": { "OBJECTID_1": 421, "PROVINCE_N": "North Western", "DISTRICT_N": "Puttalam", "DSD_N": "Chilaw", "GND_N": "Weralabada North", "GND_C": "575", "TOTAL_POPU": 1205, "EXIS_COVE": "YES", "SUP_LEV": null, "SCH_NAME": null, "RWS_SCHE": null, "PROJ_DETAI": "ON_GO", "WATER_SOUR": "Daduru Oya", "PROJ_NAME": "Chilaw WSP - ADB 5th", "COVER_PER": 100, "P_POP": 2404, "GRO_RATE": 1.98, "COVE_2018": 25.0, "WATER_QUAL": "COMPLIED", "COVE_2020": 100.0, "COVE_2025": 100.0, "COVE_2030": 100.0, "Shape_Leng": null, "Shape_Area": null, "OBJECTID_2": 2513, "OBJECTID_3": 2513, "OBJECTID": 13259, "EX_SCH_NAM": "chilaw wss", "RWS_Name": "<Null>", "SUP_LEVEL": "24", "layer": "Sche_Puttlam", "path": "C:/Users/MB/Downloads/New folder (2)/Sem 05/Advanced GIS and Remote Sensing for Planning/WEB MAP/Shape Files/Shape Files/WSS Shape Files/Sche_Puttlam.shp" }, "geometry": { "type": "MultiPolygon", "coordinates": [ [ [ [ 79.788253006519881, 7.589791096665055 ], [ 79.788378231840227, 7.589778230687325 ], [ 79.788945241449156, 7.589416333805262 ], [ 79.78943182521148, 7.588852489280455 ], [ 79.78967520769848, 7.588530213663029 ], [ 79.789757464296528, 7.587925101421133 ], [ 79.789192472100055, 7.587399233797599 ], [ 79.788666730512986, 7.587398045621653 ], [ 79.788019665315289, 7.587396582381872 ], [ 79.787072316100208, 7.587473196410067 ], [ 79.787046049764172, 7.587834470433567 ], [ 79.786813363663526, 7.588837942586982 ], [ 79.786767081795688, 7.589037530321247 ], [ 79.786718355024632, 7.589430664000034 ], [ 79.786678773352989, 7.589853913446988 ], [ 79.787609654384823, 7.589857198043433 ], [ 79.788253006519881, 7.589791096665055 ] ] ] ] } },
{ "type": "Feature", "properties": { "OBJECTID_1": 422, "PROVINCE_N": "North Western", "DISTRICT_N": "Puttalam", "DSD_N": "Wennappuwa", "GND_N": "Meda Ulhitiyawa", "GND_C": "492B", "TOTAL_POPU": 1764, "EXIS_COVE": "YES", "SUP_LEV": null, "SCH_NAME": null, "RWS_SCHE": null, "PROJ_DETAI": "PROCU", "WATER_SOUR": "Bore Hole", "PROJ_NAME": "Dankotuwa (Phase 1)", "COVER_PER": 100, "P_POP": 2532, "GRO_RATE": 1.2, "COVE_2018": 25.0, "WATER_QUAL": "COMPLIED", "COVE_2020": 100.0, "COVE_2025": 100.0, "COVE_2030": 100.0, "Shape_Leng": null, "Shape_Area": null, "OBJECTID_2": 2514, "OBJECTID_3": 2514, "OBJECTID": 13260, "EX_SCH_NAM": "Naththandiya WSS", "RWS_Name": "<Null>", "SUP_LEVEL": "24", "layer": "Sche_Puttlam", "path": "C:/Users/MB/Downloads/New folder (2)/Sem 05/Advanced GIS and Remote Sensing for Planning/WEB MAP/Shape Files/Shape Files/WSS Shape Files/Sche_Puttlam.shp" }, "geometry": { "type": "MultiPolygon", "coordinates": [ [ [ [ 79.841461575996675, 7.341322966906257 ], [ 79.843056367479278, 7.336596047283986 ], [ 79.841963056200328, 7.336550120701174 ], [ 79.840890369736584, 7.336637131628198 ], [ 79.839996525389381, 7.3366798954857 ], [ 79.8394601825715, 7.336723398433449 ], [ 79.838431997152497, 7.336899727147951 ], [ 79.837538153569, 7.336942485116269 ], [ 79.836689089378837, 7.33694071921066 ], [ 79.836152745516245, 7.336984219032025 ], [ 79.835616495779064, 7.336983102252826 ], [ 79.8353038690353, 7.336893219514924 ], [ 79.834902241540135, 7.336624688311765 ], [ 79.834321304475225, 7.336623476880161 ], [ 79.833561617553627, 7.336621891567313 ], [ 79.83306977429713, 7.336754711033248 ], [ 79.832622619670744, 7.336887624220479 ], [ 79.832349032446402, 7.336926061644608 ], [ 79.832397685566761, 7.33760100360143 ], [ 79.83234981565252, 7.339117835554779 ], [ 79.832169005152082, 7.340099000684061 ], [ 79.832121695012873, 7.341348138751783 ], [ 79.832043073826782, 7.34175174245662 ], [ 79.832835859939848, 7.341751172712486 ], [ 79.833908371872155, 7.341753413718089 ], [ 79.835070259272513, 7.341755838582774 ], [ 79.836053208410718, 7.341847119933838 ], [ 79.836857593244346, 7.341848795187447 ], [ 79.837706665875956, 7.341850561947169 ], [ 79.838690081481474, 7.341718758631314 ], [ 79.83949502418028, 7.341452735909328 ], [ 79.84029968759279, 7.34132055871752 ], [ 79.840970007847673, 7.341321948424048 ], [ 79.841461575996675, 7.341322966906257 ] ] ] ] } },
{ "type": "Feature", "properties": { "OBJECTID_1": 423, "PROVINCE_N": "North Western", "DISTRICT_N": "Puttalam", "DSD_N": "Dankotuwa", "GND_N": "Kirimetiyana South", "GND_C": "466E", "TOTAL_POPU": 887, "EXIS_COVE": "YES", "SUP_LEV": null, "SCH_NAME": null, "RWS_SCHE": null, "PROJ_DETAI": "<Null>", "WATER_SOUR": "Maa Oya", "PROJ_NAME": "<Null>", "COVER_PER": 75, "P_POP": 0, "GRO_RATE": 0.0, "COVE_2018": 75.0, "WATER_QUAL": "COMPLIED", "COVE_2020": 75.0, "COVE_2025": 75.0, "COVE_2030": 75.0, "Shape_Leng": null, "Shape_Area": null, "OBJECTID_2": 1946, "OBJECTID_3": 1946, "OBJECTID": 12794, "EX_SCH_NAM": "Dankotuwa wss", "RWS_Name": "<Null>", "SUP_LEVEL": "24", "layer": "Sche_Puttlam", "path": "C:/Users/MB/Downloads/New folder (2)/Sem 05/Advanced GIS and Remote Sensing for Planning/WEB MAP/Shape Files/Shape Files/WSS Shape Files/Sche_Puttlam.shp" }, "geometry": { "type": "MultiPolygon", "coordinates": [ [ [ [ 79.889898591979886, 7.338036966030317 ], [ 79.890361611912667, 7.333827380675758 ], [ 79.889563345042021, 7.332827127081631 ], [ 79.88887415634872, 7.332222660999408 ], [ 79.888357224072664, 7.331790850170099 ], [ 79.887969398586449, 7.331531612081337 ], [ 79.887366256975326, 7.331056552140806 ], [ 79.886806009086655, 7.330710813930107 ], [ 79.886418014475964, 7.330537732730985 ], [ 79.88572781308207, 7.330450214359245 ], [ 79.885223146428274, 7.330701447809993 ], [ 79.88529855854425, 7.330824696700566 ], [ 79.885365935887506, 7.331100892953095 ], [ 79.885364259454363, 7.331376670090396 ], [ 79.885351120542865, 7.33165228357603 ], [ 79.885291991439544, 7.331927664440001 ], [ 79.885198286802094, 7.332191392532144 ], [ 79.885023601323752, 7.3325463698974 ], [ 79.884860351774151, 7.332878622805383 ], [ 79.884744026250701, 7.333096107931339 ], [ 79.884615980326885, 7.333336597094051 ], [ 79.88449928080027, 7.333600138513281 ], [ 79.884371003275874, 7.333886544989753 ], [ 79.884254303432428, 7.334150085400342 ], [ 79.884103052265232, 7.3344248609146 ], [ 79.883963334067914, 7.334699800184921 ], [ 79.883846937824501, 7.334917283910428 ], [ 79.883661182047319, 7.335180405562831 ], [ 79.883417879672336, 7.335454574794436 ], [ 79.883232543603796, 7.335648752882826 ], [ 79.882966247110176, 7.335922875441214 ], [ 79.882688626776925, 7.336162363629544 ], [ 79.882399473571482, 7.336401827882406 ], [ 79.882122062395936, 7.336606841732586 ], [ 79.882102320904423, 7.336621428042071 ], [ 79.881746099001276, 7.336390300749114 ], [ 79.880999192635727, 7.336295584733926 ], [ 79.879901902780787, 7.336293408591156 ], [ 79.879176811482793, 7.336967932847435 ], [ 79.878942415789211, 7.337433648286917 ], [ 79.878859528681133, 7.337912689583209 ], [ 79.878859825815724, 7.337914013012946 ], [ 79.878683790063832, 7.3380785243748 ], [ 79.878521328981122, 7.338295773663002 ], [ 79.878381606072438, 7.338570710593311 ], [ 79.878264830977741, 7.338834108532893 ], [ 79.87817147270313, 7.339063362630977 ], [ 79.878089294696792, 7.33932711141335 ], [ 79.878018743614675, 7.339579439792226 ], [ 79.877970977639563, 7.339866427012426 ], [ 79.877899609090875, 7.34024505815364 ], [ 79.877863585700936, 7.340497596231193 ], [ 79.877804075133028, 7.340818891442604 ], [ 79.877763425643295, 7.341100822026584 ], [ 79.878148866039311, 7.340795742030564 ], [ 79.878515190689043, 7.340505791514528 ], [ 79.879002654055981, 7.340344643660186 ], [ 79.879652045166551, 7.340410781011531 ], [ 79.880269089621777, 7.340412006077488 ], [ 79.880951473399094, 7.340218818329907 ], [ 79.881276749042513, 7.339960074514877 ], [ 79.881764017820544, 7.339896193882662 ], [ 79.88212125439108, 7.339896901506759 ], [ 79.882673346436718, 7.339897994547201 ], [ 79.883290583701537, 7.339801944922933 ], [ 79.883875922457733, 7.339414018813784 ], [ 79.884461132666729, 7.339090939712595 ], [ 79.88520878717857, 7.338735756688447 ], [ 79.885761263133816, 7.338542304711474 ], [ 79.8863456368329, 7.33864072761885 ], [ 79.887352455183233, 7.338610286973249 ], [ 79.887904610418545, 7.338578949867709 ], [ 79.888684673135842, 7.338256248037164 ], [ 79.889302035567468, 7.338095342639447 ], [ 79.889898591979886, 7.338036966030317 ] ] ] ] } },
{ "type": "Feature", "properties": { "OBJECTID_1": 424, "PROVINCE_N": "North Western", "DISTRICT_N": "Puttalam", "DSD_N": "Wennappuwa", "GND_N": "Wennappuwa West", "GND_C": "491C", "TOTAL_POPU": 1672, "EXIS_COVE": "YES", "SUP_LEV": null, "SCH_NAME": null, "RWS_SCHE": null, "PROJ_DETAI": "PROCU", "WATER_SOUR": "Kadupiti Oya", "PROJ_NAME": "Dankotuwa (Phase 1)", "COVER_PER": 100, "P_POP": 2765, "GRO_RATE": 1.2, "COVE_2018": 75.0, "WATER_QUAL": "COMPLIED", "COVE_2020": 75.0, "COVE_2025": 100.0, "COVE_2030": 100.0, "Shape_Leng": null, "Shape_Area": null, "OBJECTID_2": 1947, "OBJECTID_3": 1947, "OBJECTID": 12795, "EX_SCH_NAM": "Kakkapalliya wss", "RWS_Name": "<Null>", "SUP_LEVEL": "24", "layer": "Sche_Puttlam", "path": "C:/Users/MB/Downloads/New folder (2)/Sem 05/Advanced GIS and Remote Sensing for Planning/WEB MAP/Shape Files/Shape Files/WSS Shape Files/Sche_Puttlam.shp" }, "geometry": { "type": "MultiPolygon", "coordinates": [ [ [ [ 79.843056367479278, 7.336596047283986 ], [ 79.841461575996675, 7.341322966906257 ], [ 79.841234073886099, 7.342200159189658 ], [ 79.841797287736227, 7.342362078590892 ], [ 79.84276320179292, 7.342444453786475 ], [ 79.843487763889229, 7.342445952152358 ], [ 79.84437309008888, 7.342568346684394 ], [ 79.845056982093141, 7.342770698941484 ], [ 79.84562019861977, 7.342932614710239 ], [ 79.846224000901387, 7.342933859669306 ], [ 79.846908310764007, 7.342935269642668 ], [ 79.847873813570686, 7.343218573803589 ], [ 79.848517622600184, 7.343340463473402 ], [ 79.849160850337711, 7.343743667742819 ], [ 79.849482134723871, 7.344106022400591 ], [ 79.850045354263287, 7.344267932111062 ], [ 79.850568734032862, 7.344228817830213 ], [ 79.850730824885801, 7.343706702594906 ], [ 79.850530797401589, 7.343103468346963 ], [ 79.850089000589037, 7.342620302485847 ], [ 79.849727795802011, 7.342097114184249 ], [ 79.849487600239627, 7.341453607820638 ], [ 79.849449250860403, 7.340529199183806 ], [ 79.849531329814866, 7.339765790846688 ], [ 79.849572742013407, 7.339203240539485 ], [ 79.849493560306001, 7.338560064773851 ], [ 79.849615312503801, 7.338078056318276 ], [ 79.850018835615174, 7.337596624962974 ], [ 79.850341852235644, 7.337115028063072 ], [ 79.850446939436921, 7.336906264540686 ], [ 79.850665199569036, 7.336472677462406 ], [ 79.850867785543059, 7.33583008089316 ], [ 79.851110542251959, 7.335227753134403 ], [ 79.850669000195438, 7.334624024430964 ], [ 79.850065951425293, 7.334261093585883 ], [ 79.849583827964068, 7.33381803400123 ], [ 79.84890035910017, 7.33341474926709 ], [ 79.848216561200573, 7.333172216024924 ], [ 79.847653438025063, 7.332970116543174 ], [ 79.846728042726042, 7.332767273075214 ], [ 79.845963409733486, 7.332685323328941 ], [ 79.845319368512975, 7.332683996812941 ], [ 79.844272719075974, 7.332722026631775 ], [ 79.844227211793068, 7.332723680555807 ], [ 79.844191630384586, 7.3330031766871 ], [ 79.843988371382849, 7.33396727546834 ], [ 79.843785942656169, 7.334529492226365 ], [ 79.843501759310499, 7.33569436381795 ], [ 79.843056367479278, 7.336596047283986 ] ] ] ] } },
{ "type": "Feature", "properties": { "OBJECTID_1": 425, "PROVINCE_N": "North Western", "DISTRICT_N": "Puttalam", "DSD_N": "Mahawewa", "GND_N": "Egodagoda", "GND_C": "518B", "TOTAL_POPU": 648, "EXIS_COVE": "YES", "SUP_LEV": null, "SCH_NAME": null, "RWS_SCHE": null, "PROJ_DETAI": "<Null>", "WATER_SOUR": "Bore Hole", "PROJ_NAME": "<Null>", "COVER_PER": 50, "P_POP": 0, "GRO_RATE": 0.0, "COVE_2018": 50.0, "WATER_QUAL": "COMPLIED", "COVE_2020": 50.0, "COVE_2025": 50.0, "COVE_2030": 50.0, "Shape_Leng": null, "Shape_Area": null, "OBJECTID_2": 1739, "OBJECTID_3": 1742, "OBJECTID": 12882, "EX_SCH_NAM": "Naththandiya WSS", "RWS_Name": "<Null>", "SUP_LEVEL": "24", "layer": "Sche_Puttlam", "path": "C:/Users/MB/Downloads/New folder (2)/Sem 05/Advanced GIS and Remote Sensing for Planning/WEB MAP/Shape Files/Shape Files/WSS Shape Files/Sche_Puttlam.shp" }, "geometry": { "type": "MultiPolygon", "coordinates": [ [ [ [ 79.882556576715359, 7.434479298382109 ], [ 79.882059858441082, 7.434556837098342 ], [ 79.881634196157464, 7.434586327937531 ], [ 79.880843548235262, 7.434706117857268 ], [ 79.880144284016694, 7.434735057674172 ], [ 79.879505881899675, 7.434733774090183 ], [ 79.8788066791072, 7.434732367205015 ], [ 79.878138183591815, 7.434579299406883 ], [ 79.87753067264417, 7.434335319512491 ], [ 79.876892763020564, 7.434091278451012 ], [ 79.876437315723052, 7.433817259215389 ], [ 79.875768884307391, 7.433633843549227 ], [ 79.875709007229489, 7.433617413717224 ], [ 79.875424272046374, 7.433411625021686 ], [ 79.875069006892943, 7.433168187770643 ], [ 79.874702275797929, 7.432889972685294 ], [ 79.874393011007129, 7.432646769933899 ], [ 79.874118165445068, 7.432426664579815 ], [ 79.873854688550551, 7.43221816749386 ], [ 79.873614307032966, 7.431998273575945 ], [ 79.873362483732663, 7.431766912945717 ], [ 79.873087898025645, 7.431523778748074 ], [ 79.872801491985015, 7.431280762429111 ], [ 79.872648649847747, 7.431157085875608 ], [ 79.872515135749083, 7.431049048450031 ], [ 79.872205991009309, 7.430782816752052 ], [ 79.871919704887461, 7.430551242750076 ], [ 79.871633443555382, 7.430308085056146 ], [ 79.871335811560513, 7.43005331965279 ], [ 79.87104938598128, 7.429821745812606 ], [ 79.870717313794174, 7.429555323885238 ], [ 79.870384912464488, 7.42931193082246 ], [ 79.870064000419561, 7.429091589718878 ], [ 79.869811733538683, 7.428940472567288 ], [ 79.869593790609045, 7.428824180318455 ], [ 79.869260896885436, 7.428684202327385 ], [ 79.869008324592301, 7.42857914090203 ], [ 79.86875570632813, 7.428497108981241 ], [ 79.86841087760024, 7.428414465254463 ], [ 79.868043002186482, 7.428354662130429 ], [ 79.867709377395457, 7.428329540852876 ], [ 79.867375825137529, 7.428304420380923 ], [ 79.867053619454552, 7.428302351597218 ], [ 79.866685344477318, 7.428299905657685 ], [ 79.866362902381425, 7.428343892605704 ], [ 79.865994296835822, 7.428398946453443 ], [ 79.865729508168585, 7.428420162788547 ], [ 79.865487600542778, 7.428464595526612 ], [ 79.865199741402535, 7.428485624295012 ], [ 79.864957738702657, 7.428541499960709 ], [ 79.864635203190147, 7.428596929745284 ], [ 79.864347319320089, 7.428629542367944 ], [ 79.864047877033371, 7.428673574585471 ], [ 79.863667854170998, 7.428705573392922 ], [ 79.863241926488314, 7.428725894366064 ], [ 79.862792952906062, 7.428768913517519 ], [ 79.862424582617891, 7.428778048270384 ], [ 79.862010284346837, 7.42878680649625 ], [ 79.861595726756704, 7.428818592580971 ], [ 79.861158098408524, 7.428884662083447 ], [ 79.860904749967148, 7.428917483404254 ], [ 79.860467050553368, 7.42898369310847 ], [ 79.860098326207378, 7.429061770432062 ], [ 79.859787207197826, 7.429140106828463 ], [ 79.859430041188077, 7.429206762098191 ], [ 79.859187920472706, 7.429285663906926 ], [ 79.858864888007503, 7.429409890692948 ], [ 79.858588326067107, 7.42947699490812 ], [ 79.858486924059051, 7.429507928340837 ], [ 79.858219388648678, 7.429589541394714 ], [ 79.857965921548157, 7.429645390377997 ], [ 79.857654706416653, 7.429735309436338 ], [ 79.85755930585087, 7.429756431906585 ], [ 79.857551461873143, 7.431236346510332 ], [ 79.858550851985925, 7.432823059007204 ], [ 79.85946290503226, 7.436244454211486 ], [ 79.858783460597536, 7.439115492695086 ], [ 79.860292618536448, 7.439081858896217 ], [ 79.862298153778539, 7.439002574170635 ], [ 79.864303518064517, 7.439006683216419 ], [ 79.864367583930871, 7.439020914260714 ], [ 79.864811198946938, 7.439384719096464 ], [ 79.865780712702147, 7.43938670139189 ], [ 79.866548245632401, 7.439388269207969 ], [ 79.867881080567713, 7.439511954706489 ], [ 79.869092809603899, 7.439595067360702 ], [ 79.870102721790971, 7.43959712251115 ], [ 79.871274138479663, 7.439639825813911 ], [ 79.872687606772331, 7.439844304755634 ], [ 79.873697520531579, 7.439846351785414 ], [ 79.874464727363616, 7.440009194060321 ], [ 79.875272413691661, 7.440131793614836 ], [ 79.87595891070859, 7.440254147770168 ], [ 79.876806912565215, 7.440417149434632 ], [ 79.877654997774641, 7.440539827273804 ], [ 79.878462441950845, 7.440783388092323 ], [ 79.879148778432011, 7.440986381211859 ], [ 79.879879771988811, 7.441359064399284 ], [ 79.880592113637377, 7.440967998943674 ], [ 79.881454741717207, 7.439439323524801 ], [ 79.88185200169643, 7.438280720447541 ], [ 79.882249445090494, 7.437029365841337 ], [ 79.882367372226938, 7.43614845695368 ], [ 79.882556576715359, 7.434479298382109 ] ] ] ] } },
{ "type": "Feature", "properties": { "OBJECTID_1": 426, "PROVINCE_N": "North Western", "DISTRICT_N": "Puttalam", "DSD_N": "Mahawewa", "GND_N": "Halpanvila East", "GND_C": "525", "TOTAL_POPU": 1402, "EXIS_COVE": "YES", "SUP_LEV": null, "SCH_NAME": null, "RWS_SCHE": null, "PROJ_DETAI": "<Null>", "WATER_SOUR": "Bore Hole", "PROJ_NAME": "<Null>", "COVER_PER": 25, "P_POP": 0, "GRO_RATE": 0.0, "COVE_2018": 25.0, "WATER_QUAL": "COMPLIED", "COVE_2020": 25.0, "COVE_2025": 25.0, "COVE_2030": 25.0, "Shape_Leng": null, "Shape_Area": null, "OBJECTID_2": 1740, "OBJECTID_3": 1743, "OBJECTID": 12883, "EX_SCH_NAM": "Naththandiya WSS", "RWS_Name": "<Null>", "SUP_LEVEL": "24", "layer": "Sche_Puttlam", "path": "C:/Users/MB/Downloads/New folder (2)/Sem 05/Advanced GIS and Remote Sensing for Planning/WEB MAP/Shape Files/Shape Files/WSS Shape Files/Sche_Puttlam.shp" }, "geometry": { "type": "MultiPolygon", "coordinates": [ [ [ [ 79.840220538001773, 7.43726644648097 ], [ 79.839781533817828, 7.43638542320268 ], [ 79.839250355592242, 7.435203120256036 ], [ 79.838859667542067, 7.433418939328563 ], [ 79.838862550993483, 7.432052473785971 ], [ 79.838704235928589, 7.430106657727042 ], [ 79.838752400592057, 7.42927298025767 ], [ 79.839194375197494, 7.428741216732237 ], [ 79.840053265675976, 7.428557735732022 ], [ 79.841028705759641, 7.428119730952993 ], [ 79.841911332958887, 7.427681530334365 ], [ 79.841949261871974, 7.42762123560181 ], [ 79.841378694340349, 7.427194043342646 ], [ 79.840938380600832, 7.42693835418901 ], [ 79.840103036731719, 7.426959763054962 ], [ 79.839476467903026, 7.42700476935419 ], [ 79.838385847970528, 7.427048798689061 ], [ 79.837875537233472, 7.426978244735783 ], [ 79.837296499021704, 7.426490655900009 ], [ 79.836809245126389, 7.426489630339361 ], [ 79.836021238838086, 7.42607108107583 ], [ 79.835164411426703, 7.425281818151077 ], [ 79.834595569485771, 7.424607130127423 ], [ 79.834748963339209, 7.425433380673428 ], [ 79.835332007248553, 7.426336995016253 ], [ 79.835277817944871, 7.426814612630289 ], [ 79.834954593162252, 7.428777942654887 ], [ 79.834523431036857, 7.431484182891399 ], [ 79.834091698575222, 7.434455827660328 ], [ 79.833874815752111, 7.436419379723089 ], [ 79.833499745694084, 7.437745619850885 ], [ 79.833176814575737, 7.441055749361022 ], [ 79.833483203888832, 7.441006614742731 ], [ 79.83384929486094, 7.441043938366222 ], [ 79.834166329425372, 7.441190806185998 ], [ 79.834385694517451, 7.441349649288048 ], [ 79.834690575736033, 7.441472125194443 ], [ 79.835019817341788, 7.441619018281888 ], [ 79.835239337116818, 7.441704763695193 ], [ 79.835495551884009, 7.441754036797044 ], [ 79.835642019650805, 7.441754346188813 ], [ 79.835898750940487, 7.441559959458078 ], [ 79.8361070721799, 7.44117054051663 ], [ 79.836131999391185, 7.440926932414896 ], [ 79.836279266937638, 7.44054956739329 ], [ 79.836426534196221, 7.440172203189252 ], [ 79.836708010395427, 7.439819487894965 ], [ 79.836928149521825, 7.439612839321262 ], [ 79.83718495630734, 7.43938190291406 ], [ 79.837588847270538, 7.438858881807363 ], [ 79.837833550881442, 7.438579186704979 ], [ 79.838029277131426, 7.438372486011279 ], [ 79.83822497745065, 7.438177969010714 ], [ 79.838384190089599, 7.437922459418699 ], [ 79.838506811181006, 7.437654689779789 ], [ 79.838775796555879, 7.437435960777267 ], [ 79.838995623965346, 7.437375507532004 ], [ 79.839251991251075, 7.437351680787036 ], [ 79.839496358792957, 7.437230363183235 ], [ 79.839825906920908, 7.437231055850159 ], [ 79.840220538001773, 7.43726644648097 ] ] ] ] } },
{ "type": "Feature", "properties": { "OBJECTID_1": 427, "PROVINCE_N": "North Western", "DISTRICT_N": "Puttalam", "DSD_N": "Mahawewa", "GND_N": "Puhulhena", "GND_C": "519A", "TOTAL_POPU": 838, "EXIS_COVE": "YES", "SUP_LEV": null, "SCH_NAME": null, "RWS_SCHE": null, "PROJ_DETAI": "<Null>", "WATER_SOUR": "Kadupiti Oya", "PROJ_NAME": "<Null>", "COVER_PER": 75, "P_POP": 0, "GRO_RATE": 0.0, "COVE_2018": 75.0, "WATER_QUAL": "COMPLIED", "COVE_2020": 75.0, "COVE_2025": 75.0, "COVE_2030": 75.0, "Shape_Leng": null, "Shape_Area": null, "OBJECTID_2": 1831, "OBJECTID_3": 1831, "OBJECTID": 12888, "EX_SCH_NAM": "Kakkapalliya wss", "RWS_Name": "<Null>", "SUP_LEVEL": "24", "layer": "Sche_Puttlam", "path": "C:/Users/MB/Downloads/New folder (2)/Sem 05/Advanced GIS and Remote Sensing for Planning/WEB MAP/Shape Files/Shape Files/WSS Shape Files/Sche_Puttlam.shp" }, "geometry": { "type": "MultiPolygon", "coordinates": [ [ [ [ 79.855649150466803, 7.447311092595347 ], [ 79.856269096473127, 7.445245376866092 ], [ 79.858535683753203, 7.440162480798508 ], [ 79.858783460597536, 7.439115492695086 ], [ 79.85946290503226, 7.436244454211486 ], [ 79.858550851985925, 7.432823059007204 ], [ 79.857551461873143, 7.431236346510332 ], [ 79.85755930585087, 7.429756431906585 ], [ 79.857251352173023, 7.429824615286881 ], [ 79.85690562606041, 7.4299027362789 ], [ 79.856513973320247, 7.429980622144266 ], [ 79.856191245632104, 7.430059072979561 ], [ 79.855810748100723, 7.430182896727425 ], [ 79.855464974776154, 7.4302840451736 ], [ 79.855119059720593, 7.430385334091278 ], [ 79.854796404364549, 7.430463642941592 ], [ 79.854439024183264, 7.430564766553654 ], [ 79.854081832063144, 7.430642861516035 ], [ 79.853770829521935, 7.43069830689658 ], [ 79.8534711967921, 7.430765218053822 ], [ 79.853183312458071, 7.430797823161391 ], [ 79.852884081424989, 7.430807375863203 ], [ 79.852607804263883, 7.430805673569003 ], [ 79.852274370030074, 7.430757513151981 ], [ 79.852010337553523, 7.430652419563578 ], [ 79.851999019856606, 7.430646380560089 ], [ 79.85077657392111, 7.430491278769813 ], [ 79.849964666774568, 7.43039695139383 ], [ 79.848990194352936, 7.430371765866568 ], [ 79.848178675146315, 7.430092150461319 ], [ 79.847089061733186, 7.429649830501414 ], [ 79.846207695281933, 7.429485869759716 ], [ 79.84495445242149, 7.429622218212285 ], [ 79.844002992829445, 7.429689712733975 ], [ 79.843169102805703, 7.429016313191651 ], [ 79.842706118351586, 7.42850581246553 ], [ 79.842266336856554, 7.427995359949953 ], [ 79.841965353098473, 7.427628981985315 ], [ 79.841953480837873, 7.42761452996768 ], [ 79.841949261871974, 7.42762123560181 ], [ 79.841911332958887, 7.427681530334365 ], [ 79.841028705759641, 7.428119730952993 ], [ 79.840053265675976, 7.428557735732022 ], [ 79.839194375197494, 7.428741216732237 ], [ 79.838752400592057, 7.42927298025767 ], [ 79.838704235928589, 7.430106657727042 ], [ 79.838862550993483, 7.432052473785971 ], [ 79.838859667542067, 7.433418939328563 ], [ 79.839250355592242, 7.435203120256036 ], [ 79.839781533817828, 7.43638542320268 ], [ 79.840220538001773, 7.43726644648097 ], [ 79.84055803290363, 7.437330058411581 ], [ 79.841133723999945, 7.43742655064646 ], [ 79.841591507959549, 7.437677039488809 ], [ 79.84200710370763, 7.438176966049197 ], [ 79.842339457742469, 7.438635130824002 ], [ 79.842921888732121, 7.439052231488845 ], [ 79.843463093181683, 7.439261304639783 ], [ 79.84396280731373, 7.439387114491552 ], [ 79.844421032613155, 7.439429661150364 ], [ 79.844755048523155, 7.439097656142077 ], [ 79.845130467773004, 7.438890501197977 ], [ 79.845588780021941, 7.438891458828392 ], [ 79.846130072191983, 7.439058941075682 ], [ 79.846546632939365, 7.439101398532268 ], [ 79.847045739655485, 7.439518319518377 ], [ 79.847335564955756, 7.440392272283058 ], [ 79.847417675982683, 7.440974676027961 ], [ 79.847416196075216, 7.441681669354391 ], [ 79.84741445482284, 7.442513426020207 ], [ 79.847704718269213, 7.443179439814523 ], [ 79.848078398938966, 7.443804039438193 ], [ 79.848243928492607, 7.444345029069463 ], [ 79.849159086482686, 7.445053932376999 ], [ 79.849699432961501, 7.445678878114333 ], [ 79.850614509352852, 7.446429365912051 ], [ 79.851321521585746, 7.447054656690893 ], [ 79.851987651442087, 7.447305569551322 ], [ 79.852736764987711, 7.447723005792252 ], [ 79.853070004017553, 7.447765285239377 ], [ 79.853485534714807, 7.448306791420578 ], [ 79.853612952036485, 7.448658809242303 ], [ 79.853651246171765, 7.448764604245664 ], [ 79.854149764796503, 7.449472635089363 ], [ 79.854304530918668, 7.449685971184768 ], [ 79.855343552486758, 7.448329365290784 ], [ 79.855649150466803, 7.447311092595347 ] ] ] ] } },
{ "type": "Feature", "properties": { "OBJECTID_1": 428, "PROVINCE_N": "North Western", "DISTRICT_N": "Puttalam", "DSD_N": "Wennappuwa", "GND_N": "Thopputhota", "GND_C": "482B", "TOTAL_POPU": 1005, "EXIS_COVE": "YES", "SUP_LEV": null, "SCH_NAME": null, "RWS_SCHE": null, "PROJ_DETAI": "PROCU", "WATER_SOUR": "Maa Oya", "PROJ_NAME": "Dankotuwa (Phase 1)", "COVER_PER": 100, "P_POP": 1202, "GRO_RATE": 1.2, "COVE_2018": 75.0, "WATER_QUAL": "COMPLIED", "COVE_2020": 75.0, "COVE_2025": 100.0, "COVE_2030": 100.0, "Shape_Leng": null, "Shape_Area": null, "OBJECTID_2": 1855, "OBJECTID_3": 1855, "OBJECTID": 12727, "EX_SCH_NAM": "Dankotuwa wss", "RWS_Name": "<Null>", "SUP_LEVEL": "24", "layer": "Sche_Puttlam", "path": "C:/Users/MB/Downloads/New folder (2)/Sem 05/Advanced GIS and Remote Sensing for Planning/WEB MAP/Shape Files/Shape Files/WSS Shape Files/Sche_Puttlam.shp" }, "geometry": { "type": "MultiPolygon", "coordinates": [ [ [ [ 79.864937595315837, 7.276108760714997 ], [ 79.864992356130188, 7.27605429941079 ], [ 79.865605476320681, 7.275380358726622 ], [ 79.866122320953309, 7.274545469415841 ], [ 79.867413140129258, 7.273101259370756 ], [ 79.867905013749635, 7.272550931264298 ], [ 79.867748547433223, 7.272302327857881 ], [ 79.867487280474933, 7.271988587754509 ], [ 79.867191491818431, 7.271674354590245 ], [ 79.866894858064754, 7.271429205596507 ], [ 79.866586600516953, 7.271195335687548 ], [ 79.866242787414322, 7.271053087293049 ], [ 79.865981589106525, 7.270988422778934 ], [ 79.865944580752654, 7.270979247204875 ], [ 79.865852333206306, 7.270956376618149 ], [ 79.865415991491219, 7.270847707232342 ], [ 79.865002218512373, 7.270773697005332 ], [ 79.864576984881893, 7.270699521526935 ], [ 79.864139867964099, 7.270659794328934 ], [ 79.863783843981594, 7.270575019355364 ], [ 79.863369718722168, 7.27053562049253 ], [ 79.863092576389462, 7.270499612567555 ], [ 79.862978750690061, 7.270484824181765 ], [ 79.862622561708548, 7.27041163345928 ], [ 79.862231593042324, 7.270360835621522 ], [ 79.861817468288478, 7.270321435381343 ], [ 79.861380094042104, 7.270304734015083 ], [ 79.86097707773169, 7.270299827747409 ], [ 79.860562271446938, 7.270317925456427 ], [ 79.860159161235146, 7.270324602811859 ], [ 79.859686512508546, 7.270365048124116 ], [ 79.859284942095201, 7.270449153041985 ], [ 79.859270930525426, 7.270452087888351 ], [ 79.858855348141063, 7.270539269209252 ], [ 79.858462144886587, 7.27068413667454 ], [ 79.859513306717233, 7.272796070806466 ], [ 79.859608277899355, 7.273600031825281 ], [ 79.859607044793322, 7.274210894802027 ], [ 79.85982175809913, 7.274889449078529 ], [ 79.859831002518888, 7.274918662305376 ], [ 79.859926168930315, 7.275626171496961 ], [ 79.860149090330481, 7.276848350132797 ], [ 79.860243543494619, 7.277909516255458 ], [ 79.860241531727212, 7.278906187359348 ], [ 79.860143443935215, 7.279645457962721 ], [ 79.860109947518723, 7.280288406342087 ], [ 79.860109795659241, 7.280363609665158 ], [ 79.860637559971167, 7.280032262108541 ], [ 79.86125043273708, 7.279486931051493 ], [ 79.861960222833687, 7.278781040538981 ], [ 79.862411518086205, 7.278524739664788 ], [ 79.863056714058771, 7.277915168688527 ], [ 79.864250311630073, 7.276792283525102 ], [ 79.864937595315837, 7.276108760714997 ] ] ] ] } },
{ "type": "Feature", "properties": { "OBJECTID_1": 429, "PROVINCE_N": "North Western", "DISTRICT_N": "Puttalam", "DSD_N": "Wennappuwa", "GND_N": "Bolana", "GND_C": "480A", "TOTAL_POPU": 1013, "EXIS_COVE": "YES", "SUP_LEV": null, "SCH_NAME": null, "RWS_SCHE": null, "PROJ_DETAI": "PROCU", "WATER_SOUR": "Maa Oya", "PROJ_NAME": "Dankotuwa (Phase 1)", "COVER_PER": 100, "P_POP": 1012, "GRO_RATE": 1.2, "COVE_2018": 25.0, "WATER_QUAL": "COMPLIED", "COVE_2020": 25.0, "COVE_2025": 100.0, "COVE_2030": 100.0, "Shape_Leng": null, "Shape_Area": null, "OBJECTID_2": 1856, "OBJECTID_3": 1856, "OBJECTID": 12728, "EX_SCH_NAM": "Dankotuwa wss", "RWS_Name": "<Null>", "SUP_LEVEL": "24", "layer": "Sche_Puttlam", "path": "C:/Users/MB/Downloads/New folder (2)/Sem 05/Advanced GIS and Remote Sensing for Planning/WEB MAP/Shape Files/Shape Files/WSS Shape Files/Sche_Puttlam.shp" }, "geometry": { "type": "MultiPolygon", "coordinates": [ [ [ [ 79.864937595315837, 7.276108760714997 ], [ 79.864250311630073, 7.276792283525102 ], [ 79.863056714058771, 7.277915168688527 ], [ 79.862411518086205, 7.278524739664788 ], [ 79.861960222833687, 7.278781040538981 ], [ 79.86125043273708, 7.279486931051493 ], [ 79.860637559971167, 7.280032262108541 ], [ 79.860109795659241, 7.280363609665158 ], [ 79.860109157724906, 7.280679516604873 ], [ 79.862986781739266, 7.280206567289509 ], [ 79.864197988189247, 7.280472027738802 ], [ 79.864337667013615, 7.281238622050575 ], [ 79.864520663310159, 7.281014651644941 ], [ 79.864969058712958, 7.280726217377281 ], [ 79.865233270580504, 7.280332201719802 ], [ 79.865366248062415, 7.279701195794615 ], [ 79.865315359365994, 7.278806793168125 ], [ 79.865184547352442, 7.278359380506252 ], [ 79.865080130242077, 7.277885717621538 ], [ 79.865080922315229, 7.277491174456603 ], [ 79.865002636924899, 7.277122776049866 ], [ 79.864937595315837, 7.276108760714997 ] ] ] ] } },
{ "type": "Feature", "properties": { "OBJECTID_1": 430, "PROVINCE_N": "North Western", "DISTRICT_N": "Puttalam", "DSD_N": "Wennappuwa", "GND_N": "Sindathriya", "GND_C": "481", "TOTAL_POPU": 1161, "EXIS_COVE": "YES", "SUP_LEV": null, "SCH_NAME": null, "RWS_SCHE": null, "PROJ_DETAI": "PROCU", "WATER_SOUR": "Maa Oya", "PROJ_NAME": "Dankotuwa (Phase 1)", "COVER_PER": 75, "P_POP": 1612, "GRO_RATE": 1.2, "COVE_2018": 75.0, "WATER_QUAL": "COMPLIED", "COVE_2020": 75.0, "COVE_2025": 75.0, "COVE_2030": 75.0, "Shape_Leng": null, "Shape_Area": null, "OBJECTID_2": 1858, "OBJECTID_3": 1858, "OBJECTID": 12729, "EX_SCH_NAM": "Dankotuwa wss", "RWS_Name": "<Null>", "SUP_LEVEL": "24", "layer": "Sche_Puttlam", "path": "C:/Users/MB/Downloads/New folder (2)/Sem 05/Advanced GIS and Remote Sensing for Planning/WEB MAP/Shape Files/Shape Files/WSS Shape Files/Sche_Puttlam.shp" }, "geometry": { "type": "MultiPolygon", "coordinates": [ [ [ [ 79.852129334313958, 7.276628725754088 ], [ 79.851867104855501, 7.276370465137062 ], [ 79.851629004787824, 7.276045320584052 ], [ 79.851553328807739, 7.275618642277281 ], [ 79.851718342827155, 7.275286969763093 ], [ 79.851929316610494, 7.274967257071006 ], [ 79.852094848510504, 7.274589527649868 ], [ 79.852191241718415, 7.274222395124526 ], [ 79.852195457312376, 7.273854227397874 ], [ 79.852015200957268, 7.273506878709543 ], [ 79.851765052711585, 7.273227765850545 ], [ 79.851457132583647, 7.272970859192125 ], [ 79.851091134240136, 7.27274788266105 ], [ 79.850957902665101, 7.272687254488121 ], [ 79.850701626346378, 7.272570631924997 ], [ 79.850334143913486, 7.27248568308238 ], [ 79.849966332168805, 7.272423760343302 ], [ 79.84954077174163, 7.272372599067567 ], [ 79.849114763381536, 7.27236749420744 ], [ 79.848746339274385, 7.272363071327213 ], [ 79.84833136735881, 7.272392600655124 ], [ 79.847870577981311, 7.272410169606074 ], [ 79.847443721306519, 7.27247414708038 ], [ 79.847051811631346, 7.272503864198059 ], [ 79.846648275868162, 7.272545141738187 ], [ 79.846221584021905, 7.272597532961262 ], [ 79.845806776718405, 7.272615618634639 ], [ 79.845426562248605, 7.272634054920155 ], [ 79.845046088675133, 7.272675520088757 ], [ 79.844608125013806, 7.2727048578793 ], [ 79.844238946554725, 7.272757929944984 ], [ 79.843858472892933, 7.272799394089292 ], [ 79.843740236833838, 7.272810737416845 ], [ 79.843431874948649, 7.272840339374917 ], [ 79.842982287439412, 7.272880954130033 ], [ 79.842602072021094, 7.272899389809249 ], [ 79.842106950295246, 7.272893430451038 ], [ 79.84170393285234, 7.272888646929873 ], [ 79.841312282984205, 7.272895471769436 ], [ 79.840863118746526, 7.272901613935655 ], [ 79.840575910224345, 7.272931870403266 ], [ 79.840341677244837, 7.274223402593949 ], [ 79.84028817981303, 7.274694351800558 ], [ 79.840339483296574, 7.275287639849163 ], [ 79.840582405477107, 7.276352381828365 ], [ 79.840668150369837, 7.277224887434875 ], [ 79.84061504788103, 7.277800098598418 ], [ 79.84050816226879, 7.278689655382647 ], [ 79.840311106509347, 7.280852625872667 ], [ 79.840310163707201, 7.281437683130436 ], [ 79.840639410425922, 7.281438360394069 ], [ 79.840961393907023, 7.28143902248558 ], [ 79.841605692207779, 7.281279593532378 ], [ 79.842088866045856, 7.281184134228827 ], [ 79.842604370071655, 7.281024439281576 ], [ 79.843183675433522, 7.281154229774958 ], [ 79.843827643393027, 7.28115555006088 ], [ 79.844600403472711, 7.281157133191963 ], [ 79.845147775866167, 7.281158253779867 ], [ 79.845888140398245, 7.28125622022253 ], [ 79.846499712365983, 7.281353922301455 ], [ 79.847272473371703, 7.281355500914778 ], [ 79.847980641067636, 7.281453399187645 ], [ 79.848560212403157, 7.281454581392051 ], [ 79.849525902398554, 7.281585151790496 ], [ 79.850008879913361, 7.28158613538377 ], [ 79.850198773450529, 7.281719440838793 ], [ 79.850428114828219, 7.281265481707688 ], [ 79.850750951823215, 7.280848179544151 ], [ 79.850977389993147, 7.280334229099886 ], [ 79.851268093331271, 7.279884709808598 ], [ 79.851398001144219, 7.279338412428919 ], [ 79.851624567764873, 7.278760160087353 ], [ 79.851722079402549, 7.278310247755056 ], [ 79.851755195129911, 7.277860204578436 ], [ 79.851917232890301, 7.277346122472133 ], [ 79.851982546902974, 7.276896144604658 ], [ 79.852129334313958, 7.276628725754088 ] ] ] ] } },
{ "type": "Feature", "properties": { "OBJECTID_1": 431, "PROVINCE_N": "North Western", "DISTRICT_N": "Puttalam", "DSD_N": "Wennappuwa", "GND_N": "Thambarawila", "GND_C": "480", "TOTAL_POPU": 1010, "EXIS_COVE": "YES", "SUP_LEV": null, "SCH_NAME": null, "RWS_SCHE": null, "PROJ_DETAI": "PROCU", "WATER_SOUR": "Maa Oya", "PROJ_NAME": "Dankotuwa (Phase 1)", "COVER_PER": 100, "P_POP": 1307, "GRO_RATE": 1.2, "COVE_2018": 50.0, "WATER_QUAL": "COMPLIED", "COVE_2020": 50.0, "COVE_2025": 100.0, "COVE_2030": 100.0, "Shape_Leng": null, "Shape_Area": null, "OBJECTID_2": 1860, "OBJECTID_3": 1860, "OBJECTID": 12730, "EX_SCH_NAM": "Dankotuwa wss", "RWS_Name": "<Null>", "SUP_LEVEL": "24", "layer": "Sche_Puttlam", "path": "C:/Users/MB/Downloads/New folder (2)/Sem 05/Advanced GIS and Remote Sensing for Planning/WEB MAP/Shape Files/Shape Files/WSS Shape Files/Sche_Puttlam.shp" }, "geometry": { "type": "MultiPolygon", "coordinates": [ [ [ [ 79.87125274530392, 7.281420675290887 ], [ 79.870986253469013, 7.281189964715308 ], [ 79.870736417923979, 7.280887833021643 ], [ 79.870544870386809, 7.280517296321492 ], [ 79.87038749542296, 7.28018172415934 ], [ 79.870253534838767, 7.279811867140766 ], [ 79.870131106148506, 7.279442174117472 ], [ 79.870089253089034, 7.279073488740774 ], [ 79.870059097048326, 7.278693384043247 ], [ 79.870040565272788, 7.278302000028987 ], [ 79.870021868751763, 7.277921918140408 ], [ 79.869946010521005, 7.27750682588913 ], [ 79.869869893885792, 7.277114619239413 ], [ 79.86978241072373, 7.276710806293541 ], [ 79.869718177270201, 7.27628429276121 ], [ 79.869641708356838, 7.275926700756807 ], [ 79.869519374334686, 7.275545564371211 ], [ 79.869408313566382, 7.275187479402497 ], [ 79.869228723821294, 7.274782492894368 ], [ 79.869106554473262, 7.274389914179589 ], [ 79.868938167363368, 7.274008120864815 ], [ 79.868642798483407, 7.273659415836983 ], [ 79.868439561237395, 7.273300158775291 ], [ 79.868224253449611, 7.272998518302022 ], [ 79.867974775537718, 7.272661772924873 ], [ 79.867905013749635, 7.272550931264298 ], [ 79.867413140129258, 7.273101259370756 ], [ 79.866122320953309, 7.274545469415841 ], [ 79.865605476320681, 7.275380358726622 ], [ 79.864992356130188, 7.27605429941079 ], [ 79.864937595315837, 7.276108760714997 ], [ 79.865002636924899, 7.277122776049866 ], [ 79.865080922315229, 7.277491174456603 ], [ 79.865080130242077, 7.277885717621538 ], [ 79.865184547352442, 7.278359380506252 ], [ 79.865315359365994, 7.278806793168125 ], [ 79.865366248062415, 7.279701195794615 ], [ 79.865233270580504, 7.280332201719802 ], [ 79.864969058712958, 7.280726217377281 ], [ 79.864520663310159, 7.281014651644941 ], [ 79.864337667013615, 7.281238622050575 ], [ 79.864307411802415, 7.281275652396292 ], [ 79.864299585748185, 7.281329890221789 ], [ 79.864354317331347, 7.281329999919437 ], [ 79.865396514920889, 7.281332087517102 ], [ 79.865844360281287, 7.281781063310774 ], [ 79.866241446720295, 7.282678015820744 ], [ 79.866289308842482, 7.28367384234724 ], [ 79.866786418255117, 7.284421635193186 ], [ 79.8676837136492, 7.284523001356682 ], [ 79.86883210763304, 7.283728709116915 ], [ 79.869531850554452, 7.282883731651659 ], [ 79.870580514691554, 7.282089235248502 ], [ 79.87125274530392, 7.281420675290887 ] ] ] ] } },
{ "type": "Feature", "properties": { "OBJECTID_1": 432, "PROVINCE_N": "North Western", "DISTRICT_N": "Puttalam", "DSD_N": "Wennappuwa", "GND_N": "Waikkala South", "GND_C": "482A", "TOTAL_POPU": 1272, "EXIS_COVE": "YES", "SUP_LEV": null, "SCH_NAME": null, "RWS_SCHE": null, "PROJ_DETAI": "PROCU", "WATER_SOUR": "Maa Oya", "PROJ_NAME": "Dankotuwa (Phase 1)", "COVER_PER": 100, "P_POP": 1792, "GRO_RATE": 1.2, "COVE_2018": 75.0, "WATER_QUAL": "COMPLIED", "COVE_2020": 75.0, "COVE_2025": 100.0, "COVE_2030": 100.0, "Shape_Leng": null, "Shape_Area": null, "OBJECTID_2": 1861, "OBJECTID_3": 1861, "OBJECTID": 12731, "EX_SCH_NAM": "Dankotuwa wss", "RWS_Name": "<Null>", "SUP_LEVEL": "24", "layer": "Sche_Puttlam", "path": "C:/Users/MB/Downloads/New folder (2)/Sem 05/Advanced GIS and Remote Sensing for Planning/WEB MAP/Shape Files/Shape Files/WSS Shape Files/Sche_Puttlam.shp" }, "geometry": { "type": "MultiPolygon", "coordinates": [ [ [ [ 79.860109157724906, 7.280679516604873 ], [ 79.860109795659241, 7.280363609665158 ], [ 79.860109947518723, 7.280288406342087 ], [ 79.860143443935215, 7.279645457962721 ], [ 79.860241531727212, 7.278906187359348 ], [ 79.860243543494619, 7.277909516255458 ], [ 79.860149090330481, 7.276848350132797 ], [ 79.859926168930315, 7.275626171496961 ], [ 79.859831002518888, 7.274918662305376 ], [ 79.85982175809913, 7.274889449078529 ], [ 79.858928807645142, 7.275238353626924 ], [ 79.858606112111772, 7.275591362586482 ], [ 79.85825121831688, 7.275944305426293 ], [ 79.857960329277361, 7.276490282219045 ], [ 79.85776622994176, 7.276940001878555 ], [ 79.857604393099351, 7.277357635192996 ], [ 79.857313372005549, 7.277967912781893 ], [ 79.857183667987442, 7.278417761110928 ], [ 79.856924648043673, 7.27912455500319 ], [ 79.856633298823184, 7.279895584091503 ], [ 79.856343187998149, 7.280055752408718 ], [ 79.856085079398042, 7.280312436409469 ], [ 79.85592310902905, 7.280794369235819 ], [ 79.85559988488238, 7.281404579938618 ], [ 79.855438109283412, 7.281790061694582 ], [ 79.85527594166912, 7.282368446668288 ], [ 79.85517810560917, 7.282979113076201 ], [ 79.855144861640298, 7.283493457279657 ], [ 79.855272089330214, 7.28426533220611 ], [ 79.855399643792026, 7.284876454977611 ], [ 79.85562418545473, 7.285294870012249 ], [ 79.855784331553039, 7.285713152816116 ], [ 79.855944932986702, 7.2859063829203 ], [ 79.856138126365124, 7.285906773911307 ], [ 79.856428241266372, 7.285746607148519 ], [ 79.856718422095739, 7.285554289010836 ], [ 79.8569765989416, 7.285265454773863 ], [ 79.857299433791212, 7.284848147612298 ], [ 79.857622007476095, 7.2845594421201 ], [ 79.857976649782614, 7.284335102807775 ], [ 79.858331486097853, 7.28401431234047 ], [ 79.858944496430738, 7.283404684046728 ], [ 79.859460780366405, 7.282859161511507 ], [ 79.859719603584296, 7.282248818736839 ], [ 79.859881635738986, 7.281734732041024 ], [ 79.860108908728506, 7.280802816525037 ], [ 79.860109157724906, 7.280679516604873 ] ] ] ] } },
{ "type": "Feature", "properties": { "OBJECTID_1": 433, "PROVINCE_N": "North Western", "DISTRICT_N": "Puttalam", "DSD_N": "Wennappuwa", "GND_N": "Waikkala North", "GND_C": "482", "TOTAL_POPU": 1153, "EXIS_COVE": "YES", "SUP_LEV": null, "SCH_NAME": null, "RWS_SCHE": null, "PROJ_DETAI": "PROCU", "WATER_SOUR": "Maa Oya", "PROJ_NAME": "Dankotuwa (Phase 1)", "COVER_PER": 75, "P_POP": 1294, "GRO_RATE": 1.2, "COVE_2018": 75.0, "WATER_QUAL": "COMPLIED", "COVE_2020": 75.0, "COVE_2025": 75.0, "COVE_2030": 75.0, "Shape_Leng": null, "Shape_Area": null, "OBJECTID_2": 1863, "OBJECTID_3": 1863, "OBJECTID": 12732, "EX_SCH_NAM": "Dankotuwa wss", "RWS_Name": "<Null>", "SUP_LEVEL": "24", "layer": "Sche_Puttlam", "path": "C:/Users/MB/Downloads/New folder (2)/Sem 05/Advanced GIS and Remote Sensing for Planning/WEB MAP/Shape Files/Shape Files/WSS Shape Files/Sche_Puttlam.shp" }, "geometry": { "type": "MultiPolygon", "coordinates": [ [ [ [ 79.855892389604492, 7.285938426950904 ], [ 79.855944932986702, 7.2859063829203 ], [ 79.855784331553039, 7.285713152816116 ], [ 79.85562418545473, 7.285294870012249 ], [ 79.855399643792026, 7.284876454977611 ], [ 79.855272089330214, 7.28426533220611 ], [ 79.855144861640298, 7.283493457279657 ], [ 79.85517810560917, 7.282979113076201 ], [ 79.85527594166912, 7.282368446668288 ], [ 79.855438109283412, 7.281790061694582 ], [ 79.85559988488238, 7.281404579938618 ], [ 79.85592310902905, 7.280794369235819 ], [ 79.856085079398042, 7.280312436409469 ], [ 79.856343187998149, 7.280055752408718 ], [ 79.856633298823184, 7.279895584091503 ], [ 79.856924648043673, 7.27912455500319 ], [ 79.857183667987442, 7.278417761110928 ], [ 79.857313372005549, 7.277967912781893 ], [ 79.857604393099351, 7.277357635192996 ], [ 79.85776622994176, 7.276940001878555 ], [ 79.857960329277361, 7.276490282219045 ], [ 79.85825121831688, 7.275944305426293 ], [ 79.858606112111772, 7.275591362586482 ], [ 79.858928807645142, 7.275238353626924 ], [ 79.85982175809913, 7.274889449078529 ], [ 79.859607044793322, 7.274210894802027 ], [ 79.859608277899355, 7.273600031825281 ], [ 79.859513306717233, 7.272796070806466 ], [ 79.858462144886587, 7.27068413667454 ], [ 79.858217174485304, 7.270957303785734 ], [ 79.857959472063726, 7.2713340032928 ], [ 79.857747892624801, 7.271711218753223 ], [ 79.857570929756619, 7.272077342510237 ], [ 79.857428393892718, 7.272455404048404 ], [ 79.857309273303329, 7.272799180513119 ], [ 79.857189210782721, 7.273223485215595 ], [ 79.85703540293953, 7.273578353821136 ], [ 79.856869286847612, 7.274002142248048 ], [ 79.856692133375745, 7.274391293946732 ], [ 79.856515168380412, 7.274757417915314 ], [ 79.856337685060453, 7.275169596718714 ], [ 79.856149705890516, 7.275489499355304 ], [ 79.855927274531723, 7.275809049225995 ], [ 79.85568145138113, 7.276151298434375 ], [ 79.855401434502198, 7.276470166391091 ], [ 79.855133654959005, 7.276720114167405 ], [ 79.854808454727319, 7.276957937841505 ], [ 79.854472830572419, 7.277103482625413 ], [ 79.854103200958974, 7.277202620179335 ], [ 79.853665326536216, 7.277220381013179 ], [ 79.853297416030927, 7.277170045678442 ], [ 79.852930117321662, 7.277062069932593 ], [ 79.85255204265853, 7.276896428878616 ], [ 79.852174579784332, 7.276673288485641 ], [ 79.852129334313958, 7.276628725754088 ], [ 79.851982546902974, 7.276896144604658 ], [ 79.851917232890301, 7.277346122472133 ], [ 79.851755195129911, 7.277860204578436 ], [ 79.851722079402549, 7.278310247755056 ], [ 79.851624567764873, 7.278760160087353 ], [ 79.851398001144219, 7.279338412428919 ], [ 79.851268093331271, 7.279884709808598 ], [ 79.850977389993147, 7.280334229099886 ], [ 79.850750951823215, 7.280848179544151 ], [ 79.850428114828219, 7.281265481707688 ], [ 79.850198773450529, 7.281719440838793 ], [ 79.85033040403151, 7.281811844987531 ], [ 79.850394079214013, 7.282165631952465 ], [ 79.850393357253211, 7.282519288750721 ], [ 79.850231839516766, 7.282776165392667 ], [ 79.849973266437786, 7.283257899375625 ], [ 79.849779024439343, 7.283771915422421 ], [ 79.849616650768411, 7.284446748814641 ], [ 79.849390077929328, 7.285024999326804 ], [ 79.849260362479612, 7.285474844907652 ], [ 79.84913368023885, 7.28643963344747 ], [ 79.849515520036604, 7.286664940715395 ], [ 79.850094836448264, 7.286794723493352 ], [ 79.850706350842373, 7.286924572026884 ], [ 79.851382133255612, 7.287118851215978 ], [ 79.852347835837321, 7.287249418084628 ], [ 79.853023488750537, 7.287507996319177 ], [ 79.853078280240908, 7.287525214907856 ], [ 79.853538343429889, 7.287669795278623 ], [ 79.853956929997011, 7.287670644751366 ], [ 79.854472569100423, 7.287446635351683 ], [ 79.854891678429567, 7.287190279295874 ], [ 79.855278456339462, 7.2869981580486 ], [ 79.855504632375485, 7.286612807111149 ], [ 79.855730938571327, 7.286163155506141 ], [ 79.855892389604492, 7.285938426950904 ] ] ] ] } },
{ "type": "Feature", "properties": { "OBJECTID_1": 434, "PROVINCE_N": "North Western", "DISTRICT_N": "Puttalam", "DSD_N": "Wennappuwa", "GND_N": "Aluttota", "GND_C": "481A", "TOTAL_POPU": 1350, "EXIS_COVE": "YES", "SUP_LEV": null, "SCH_NAME": null, "RWS_SCHE": null, "PROJ_DETAI": "PROCU", "WATER_SOUR": "Maa Oya", "PROJ_NAME": "Dankotuwa (Phase 1)", "COVER_PER": 75, "P_POP": 1587, "GRO_RATE": 1.2, "COVE_2018": 75.0, "WATER_QUAL": "COMPLIED", "COVE_2020": 75.0, "COVE_2025": 75.0, "COVE_2030": 75.0, "Shape_Leng": null, "Shape_Area": null, "OBJECTID_2": 1865, "OBJECTID_3": 1865, "OBJECTID": 12734, "EX_SCH_NAM": "Dankotuwa wss", "RWS_Name": "<Null>", "SUP_LEVEL": "24", "layer": "Sche_Puttlam", "path": "C:/Users/MB/Downloads/New folder (2)/Sem 05/Advanced GIS and Remote Sensing for Planning/WEB MAP/Shape Files/Shape Files/WSS Shape Files/Sche_Puttlam.shp" }, "geometry": { "type": "MultiPolygon", "coordinates": [ [ [ [ 79.84913368023885, 7.28643963344747 ], [ 79.849260362479612, 7.285474844907652 ], [ 79.849390077929328, 7.285024999326804 ], [ 79.849616650768411, 7.284446748814641 ], [ 79.849779024439343, 7.283771915422421 ], [ 79.849973266437786, 7.283257899375625 ], [ 79.850231839516766, 7.282776165392667 ], [ 79.850393357253211, 7.282519288750721 ], [ 79.850394079214013, 7.282165631952465 ], [ 79.85033040403151, 7.281811844987531 ], [ 79.850198773450529, 7.281719440838793 ], [ 79.850008879913361, 7.28158613538377 ], [ 79.849525902398554, 7.281585151790496 ], [ 79.848560212403157, 7.281454581392051 ], [ 79.847980641067636, 7.281453399187645 ], [ 79.847272473371703, 7.281355500914778 ], [ 79.846499712365983, 7.281353922301455 ], [ 79.845888140398245, 7.28125622022253 ], [ 79.845147775866167, 7.281158253779867 ], [ 79.844600403472711, 7.281157133191963 ], [ 79.843827643393027, 7.28115555006088 ], [ 79.843183675433522, 7.281154229774958 ], [ 79.842604370071655, 7.281024439281576 ], [ 79.842088866045856, 7.281184134228827 ], [ 79.841605692207779, 7.281279593532378 ], [ 79.840961393907023, 7.28143902248558 ], [ 79.840639410425922, 7.281438360394069 ], [ 79.840310163707201, 7.281437683130436 ], [ 79.840307846089587, 7.282875767610915 ], [ 79.840269118716236, 7.284672685841314 ], [ 79.84005468924174, 7.28676583412644 ], [ 79.839927700820368, 7.288001003717809 ], [ 79.839756099551408, 7.289397280849205 ], [ 79.840204301898183, 7.28944296705199 ], [ 79.840719417811968, 7.289476177145717 ], [ 79.841202401660752, 7.28947717120175 ], [ 79.841749717303571, 7.289510448197759 ], [ 79.842393894825435, 7.28941532075437 ], [ 79.842876878839661, 7.28941631301395 ], [ 79.843391929108449, 7.28948167112125 ], [ 79.844003444880641, 7.289611528920925 ], [ 79.844454031449544, 7.289708904796987 ], [ 79.844968290338571, 7.290160068366137 ], [ 79.845321555049011, 7.290610901649126 ], [ 79.84551395626589, 7.290997102851596 ], [ 79.845770954299354, 7.291286985445915 ], [ 79.84606021744284, 7.29154478280008 ], [ 79.846381879523264, 7.291706194541785 ], [ 79.846439343216332, 7.291717792657222 ], [ 79.846703738896451, 7.291771154696476 ], [ 79.847090524497148, 7.291579041422849 ], [ 79.847348775782308, 7.291258062889351 ], [ 79.847607358045437, 7.290776331504977 ], [ 79.847930204407348, 7.290359032708214 ], [ 79.848156520030741, 7.289909386147972 ], [ 79.848511894810244, 7.28933139983072 ], [ 79.8486094798034, 7.28884933887306 ], [ 79.848706997812812, 7.288399428039255 ], [ 79.848837503612046, 7.287563777008584 ], [ 79.848935547191772, 7.286856661826921 ], [ 79.84912952883677, 7.286471249066259 ], [ 79.84913368023885, 7.28643963344747 ] ] ] ] } },
{ "type": "Feature", "properties": { "OBJECTID_1": 435, "PROVINCE_N": "North Western", "DISTRICT_N": "Puttalam", "DSD_N": "Dankotuwa", "GND_N": "Morukkuliya", "GND_C": "473A", "TOTAL_POPU": 2433, "EXIS_COVE": "YES", "SUP_LEV": null, "SCH_NAME": null, "RWS_SCHE": null, "PROJ_DETAI": "PROCU", "WATER_SOUR": "Maa Oya", "PROJ_NAME": "Dankotuwa (Phase 1)", "COVER_PER": 75, "P_POP": 2407, "GRO_RATE": 1.2, "COVE_2018": 25.0, "WATER_QUAL": "COMPLIED", "COVE_2020": 25.0, "COVE_2025": 75.0, "COVE_2030": 75.0, "Shape_Leng": null, "Shape_Area": null, "OBJECTID_2": 1866, "OBJECTID_3": 1866, "OBJECTID": 12735, "EX_SCH_NAM": "Dankotuwa wss", "RWS_Name": "<Null>", "SUP_LEVEL": "24", "layer": "Sche_Puttlam", "path": "C:/Users/MB/Downloads/New folder (2)/Sem 05/Advanced GIS and Remote Sensing for Planning/WEB MAP/Shape Files/Shape Files/WSS Shape Files/Sche_Puttlam.shp" }, "geometry": { "type": "MultiPolygon", "coordinates": [ [ [ [ 79.889845383585026, 7.290761171755674 ], [ 79.889887693554797, 7.29041483775525 ], [ 79.889853744302016, 7.289598444554239 ], [ 79.88971322764732, 7.288746350025801 ], [ 79.889394495235237, 7.288142356050831 ], [ 79.889324515593643, 7.287574340741833 ], [ 79.889218781959599, 7.287112731657198 ], [ 79.888970934172562, 7.286615352695732 ], [ 79.88861672870398, 7.285975797514411 ], [ 79.888191154908753, 7.285478071349043 ], [ 79.887836187333988, 7.285228930896854 ], [ 79.887517251748463, 7.284731412544018 ], [ 79.887376252164501, 7.284127764942173 ], [ 79.88741304969372, 7.283488973071624 ], [ 79.887556483222866, 7.282850388575438 ], [ 79.88780606482149, 7.282460458465752 ], [ 79.887984694260467, 7.281999404471232 ], [ 79.888163115759298, 7.281644828631245 ], [ 79.888058077892325, 7.280828295794738 ], [ 79.888273293256759, 7.279834926714329 ], [ 79.88827530719179, 7.278805648027342 ], [ 79.888277945696615, 7.27745693891861 ], [ 79.888351119085598, 7.276392306282056 ], [ 79.888390410660605, 7.274475787674616 ], [ 79.888391315545761, 7.274431654478275 ], [ 79.888400964188492, 7.273960952512911 ], [ 79.888274266657362, 7.273973468338994 ], [ 79.887813658509828, 7.273968048262961 ], [ 79.887341754272569, 7.27395088180709 ], [ 79.886904231303276, 7.273934203350891 ], [ 79.886478474629598, 7.27390610389662 ], [ 79.885994875084677, 7.273900356767919 ], [ 79.885626046441189, 7.273918991071572 ], [ 79.885187799809572, 7.273982840351005 ], [ 79.884829473475563, 7.274093751901929 ], [ 79.884527279405489, 7.274331783335089 ], [ 79.884270860405607, 7.274604943739679 ], [ 79.884037174158365, 7.27490131862033 ], [ 79.883733505288205, 7.275277378063065 ], [ 79.883511279343949, 7.275573916096436 ], [ 79.883277006157769, 7.275916346529809 ], [ 79.883007202828679, 7.276338954825571 ], [ 79.882760766753719, 7.276750305347978 ], [ 79.88254946073377, 7.277104506883044 ], [ 79.882336984116904, 7.277550820400896 ], [ 79.8821716613772, 7.27790553602279 ], [ 79.882017003278889, 7.278340943363268 ], [ 79.881851329198469, 7.278730270853867 ], [ 79.881639436186418, 7.279130527785734 ], [ 79.881404995695917, 7.279484400025693 ], [ 79.881147797314895, 7.279826501682061 ], [ 79.88089085740063, 7.280145715657438 ], [ 79.880633939077825, 7.280453343075354 ], [ 79.880354543743707, 7.280714728718378 ], [ 79.880051993101773, 7.28098722997548 ], [ 79.879761300738124, 7.28123700651337 ], [ 79.8794016077225, 7.281462771460378 ], [ 79.87900781339583, 7.281653713246229 ], [ 79.878580058179466, 7.281809832969703 ], [ 79.878198896556015, 7.281908824739287 ], [ 79.878010133253511, 7.28196717347333 ], [ 79.877390784947266, 7.283351076112124 ], [ 79.877353800665261, 7.283433714554699 ], [ 79.877032485958139, 7.284142927401909 ], [ 79.876639867975499, 7.28495847538036 ], [ 79.876105490030426, 7.285560788297083 ], [ 79.875606867711113, 7.286056693811253 ], [ 79.875143718416282, 7.286588161397857 ], [ 79.8745743556603, 7.286906463898938 ], [ 79.874751165135933, 7.287368215559915 ], [ 79.875283220030326, 7.28793714783763 ], [ 79.875601860781728, 7.288576641782033 ], [ 79.876098230417284, 7.289216487597371 ], [ 79.876523933452475, 7.289643239207937 ], [ 79.877091326855577, 7.290318716374051 ], [ 79.877410464484456, 7.290709764027063 ], [ 79.878013547222096, 7.291314326855961 ], [ 79.878510696827732, 7.291563755804961 ], [ 79.878865874751583, 7.291706426435225 ], [ 79.879434398487064, 7.291814026350494 ], [ 79.880145317386905, 7.291815428921146 ], [ 79.880606853645986, 7.292100278034659 ], [ 79.881033124090806, 7.292243088124351 ], [ 79.881530627251109, 7.292315052186837 ], [ 79.882028411790927, 7.292245048005264 ], [ 79.882561741428233, 7.292175112266211 ], [ 79.883059804800595, 7.29196313734146 ], [ 79.883487266123808, 7.291502575365599 ], [ 79.884055651622717, 7.291681154375922 ], [ 79.884766361684541, 7.291789025976988 ], [ 79.885299202131321, 7.291967533785821 ], [ 79.885405770641654, 7.292003235278864 ], [ 79.885974018298441, 7.292252795975875 ], [ 79.886755751763275, 7.292396296325116 ], [ 79.887146549531465, 7.292503538898368 ], [ 79.887643845890523, 7.292681974592885 ], [ 79.888212583908924, 7.292683086544606 ], [ 79.888603729257312, 7.292612865705498 ], [ 79.88903049112497, 7.292507221476684 ], [ 79.889351170201763, 7.29211742997257 ], [ 79.889600825922301, 7.291692007909042 ], [ 79.889779319519974, 7.291301938526051 ], [ 79.889845383585026, 7.290761171755674 ] ] ] ] } },
{ "type": "Feature", "properties": { "OBJECTID_1": 436, "PROVINCE_N": "North Western", "DISTRICT_N": "Puttalam", "DSD_N": "Wennappuwa", "GND_N": "Angampitiya West", "GND_C": "484B", "TOTAL_POPU": 1273, "EXIS_COVE": "YES", "SUP_LEV": null, "SCH_NAME": null, "RWS_SCHE": null, "PROJ_DETAI": "PROCU", "WATER_SOUR": "Maa Oya", "PROJ_NAME": "Dankotuwa (Phase 1)", "COVER_PER": 100, "P_POP": 2067, "GRO_RATE": 1.2, "COVE_2018": 25.0, "WATER_QUAL": "COMPLIED", "COVE_2020": 25.0, "COVE_2025": 100.0, "COVE_2030": 100.0, "Shape_Leng": null, "Shape_Area": null, "OBJECTID_2": 1867, "OBJECTID_3": 1867, "OBJECTID": 12736, "EX_SCH_NAM": "Dankotuwa wss", "RWS_Name": "<Null>", "SUP_LEVEL": "24", "layer": "Sche_Puttlam", "path": "C:/Users/MB/Downloads/New folder (2)/Sem 05/Advanced GIS and Remote Sensing for Planning/WEB MAP/Shape Files/Shape Files/WSS Shape Files/Sche_Puttlam.shp" }, "geometry": { "type": "MultiPolygon", "coordinates": [ [ [ [ 79.861254358300243, 7.290058946290217 ], [ 79.861391205047923, 7.289489035249323 ], [ 79.861392913800785, 7.288642667858902 ], [ 79.861503522499277, 7.287802072241923 ], [ 79.861545612215266, 7.28709959447299 ], [ 79.861847189396741, 7.28590532562062 ], [ 79.862248886318625, 7.284512111432903 ], [ 79.863550075292864, 7.282124972137698 ], [ 79.864299585748185, 7.281329890221789 ], [ 79.864307411802415, 7.281275652396292 ], [ 79.864337667013615, 7.281238622050575 ], [ 79.864197988189247, 7.280472027738802 ], [ 79.862986781739266, 7.280206567289509 ], [ 79.860109157724906, 7.280679516604873 ], [ 79.860108908728506, 7.280802816525037 ], [ 79.859881635738986, 7.281734732041024 ], [ 79.859719603584296, 7.282248818736839 ], [ 79.859460780366405, 7.282859161511507 ], [ 79.858944496430738, 7.283404684046728 ], [ 79.858331486097853, 7.28401431234047 ], [ 79.857976649782614, 7.284335102807775 ], [ 79.857622007476095, 7.2845594421201 ], [ 79.857299433791212, 7.284848147612298 ], [ 79.8569765989416, 7.285265454773863 ], [ 79.856718422095739, 7.285554289010836 ], [ 79.856428241266372, 7.285746607148519 ], [ 79.856138126365124, 7.285906773911307 ], [ 79.855944932986702, 7.2859063829203 ], [ 79.855892389604492, 7.285938426950904 ], [ 79.855730938571327, 7.286163155506141 ], [ 79.855504632375485, 7.286612807111149 ], [ 79.855278456339462, 7.2869981580486 ], [ 79.854891678429567, 7.287190279295874 ], [ 79.854472569100423, 7.287446635351683 ], [ 79.853956929997011, 7.287670644751366 ], [ 79.853538343429889, 7.287669795278623 ], [ 79.853078280240908, 7.287525214907856 ], [ 79.85245628533373, 7.289573567107754 ], [ 79.851796801037935, 7.29136047386612 ], [ 79.853032597867426, 7.291463732623951 ], [ 79.853510888836908, 7.291943248778891 ], [ 79.853913354075232, 7.292498172122253 ], [ 79.854372030013124, 7.292904214703654 ], [ 79.8548897952044, 7.292802169168566 ], [ 79.855319595882747, 7.292737038280518 ], [ 79.855799207812169, 7.292556502728341 ], [ 79.856328295425499, 7.292425568643391 ], [ 79.856874075790074, 7.292212164609621 ], [ 79.857320669173774, 7.292015058953566 ], [ 79.857767094912305, 7.291900457370272 ], [ 79.858329566837128, 7.291604581144058 ], [ 79.858809176697164, 7.291424042089184 ], [ 79.85958644722848, 7.291145098418883 ], [ 79.859900566851749, 7.291079729503438 ], [ 79.860214786507896, 7.29096485776468 ], [ 79.86043005236877, 7.290750782571076 ], [ 79.860629025990889, 7.290421169087986 ], [ 79.860794615890825, 7.290256495468105 ], [ 79.861092275102337, 7.290158090291548 ], [ 79.861254358300243, 7.290058946290217 ] ] ] ] } },
{ "type": "Feature", "properties": { "OBJECTID_1": 437, "PROVINCE_N": "North Western", "DISTRICT_N": "Puttalam", "DSD_N": "Dankotuwa", "GND_N": "Thamarakuliya", "GND_C": "472A", "TOTAL_POPU": 569, "EXIS_COVE": "YES", "SUP_LEV": null, "SCH_NAME": null, "RWS_SCHE": null, "PROJ_DETAI": "PROCU", "WATER_SOUR": "Maa Oya", "PROJ_NAME": "Dankotuwa (Phase 1)", "COVER_PER": 75, "P_POP": 613, "GRO_RATE": 1.2, "COVE_2018": 50.0, "WATER_QUAL": "COMPLIED", "COVE_2020": 50.0, "COVE_2025": 75.0, "COVE_2030": 75.0, "Shape_Leng": null, "Shape_Area": null, "OBJECTID_2": 1870, "OBJECTID_3": 1870, "OBJECTID": 12738, "EX_SCH_NAM": "Dankotuwa wss", "RWS_Name": "<Null>", "SUP_LEVEL": "24", "layer": "Sche_Puttlam", "path": "C:/Users/MB/Downloads/New folder (2)/Sem 05/Advanced GIS and Remote Sensing for Planning/WEB MAP/Shape Files/Shape Files/WSS Shape Files/Sche_Puttlam.shp" }, "geometry": { "type": "MultiPolygon", "coordinates": [ [ [ [ 79.900224066075296, 7.295786022401016 ], [ 79.900292367483331, 7.295758896024038 ], [ 79.900719336865052, 7.295546764037461 ], [ 79.901217055103004, 7.29551223135713 ], [ 79.901857370659826, 7.295265015550539 ], [ 79.902390703654561, 7.295195057382241 ], [ 79.90299554022279, 7.294912279773693 ], [ 79.903600444492966, 7.294594008678184 ], [ 79.903885362362061, 7.294310615055106 ], [ 79.904170554119773, 7.293885250846039 ], [ 79.904189403472031, 7.293857136441801 ], [ 79.904066673421497, 7.293865652642459 ], [ 79.903417715860826, 7.29360501648747 ], [ 79.90289858901555, 7.293377051998994 ], [ 79.902217285271163, 7.293051504424298 ], [ 79.901601679423905, 7.292336996393178 ], [ 79.901050707795051, 7.291784731357766 ], [ 79.900402758136664, 7.291005313039186 ], [ 79.899754873383117, 7.29019346942617 ], [ 79.899366583123424, 7.289479397407735 ], [ 79.899270733859979, 7.28866861883956 ], [ 79.8993683142252, 7.287309880122042 ], [ 79.899313416582189, 7.287309774253086 ], [ 79.898886868000346, 7.287308951436123 ], [ 79.898602226256088, 7.287450371954153 ], [ 79.898352925839674, 7.287698339445826 ], [ 79.89806814619169, 7.287910744660874 ], [ 79.897782748133451, 7.288442581610731 ], [ 79.89756857892651, 7.288903571534766 ], [ 79.897247771204647, 7.289364355109023 ], [ 79.897069353541298, 7.289718934903274 ], [ 79.896819704784804, 7.290144363003162 ], [ 79.896320890043668, 7.29074677095419 ], [ 79.895858309724801, 7.290994322786196 ], [ 79.895375053682002, 7.291165598920173 ], [ 79.89539572803254, 7.291241874079901 ], [ 79.895501606618609, 7.291632497485432 ], [ 79.895714055887964, 7.292058820045107 ], [ 79.895783975638764, 7.292662328718825 ], [ 79.895960257589365, 7.293408013162308 ], [ 79.896243180023902, 7.29415390416782 ], [ 79.896597676912705, 7.294651486944124 ], [ 79.89688128929194, 7.295042454340471 ], [ 79.897413657783176, 7.295469395640821 ], [ 79.897875417091456, 7.29564775124656 ], [ 79.898337108000447, 7.295861598954724 ], [ 79.898941191006031, 7.295969244204187 ], [ 79.8997587589717, 7.295970822683219 ], [ 79.900224066075296, 7.295786022401016 ] ] ] ] } },
{ "type": "Feature", "properties": { "OBJECTID_1": 438, "PROVINCE_N": "North Western", "DISTRICT_N": "Puttalam", "DSD_N": "Wennappuwa", "GND_N": "Angampitiya East", "GND_C": "484", "TOTAL_POPU": 817, "EXIS_COVE": "YES", "SUP_LEV": null, "SCH_NAME": null, "RWS_SCHE": null, "PROJ_DETAI": "PROCU", "WATER_SOUR": "Maa Oya", "PROJ_NAME": "Dankotuwa (Phase 1)", "COVER_PER": 100, "P_POP": 1464, "GRO_RATE": 1.2, "COVE_2018": 25.0, "WATER_QUAL": "COMPLIED", "COVE_2020": 25.0, "COVE_2025": 100.0, "COVE_2030": 100.0, "Shape_Leng": null, "Shape_Area": null, "OBJECTID_2": 1872, "OBJECTID_3": 1872, "OBJECTID": 12739, "EX_SCH_NAM": "Dankotuwa wss", "RWS_Name": "<Null>", "SUP_LEVEL": "24", "layer": "Sche_Puttlam", "path": "C:/Users/MB/Downloads/New folder (2)/Sem 05/Advanced GIS and Remote Sensing for Planning/WEB MAP/Shape Files/Shape Files/WSS Shape Files/Sche_Puttlam.shp" }, "geometry": { "type": "MultiPolygon", "coordinates": [ [ [ [ 79.853553257344885, 7.294511238168557 ], [ 79.8536011857516, 7.294519445238356 ], [ 79.853938035095638, 7.294571889917867 ], [ 79.854274989041315, 7.294572574092575 ], [ 79.854611943019435, 7.294573258016133 ], [ 79.855000947435244, 7.294470526303542 ], [ 79.855106074283498, 7.294483091707996 ], [ 79.855107271388249, 7.294054892174066 ], [ 79.855042586954482, 7.293629331273348 ], [ 79.854813761801879, 7.293334338253599 ], [ 79.854551963157405, 7.293137455436296 ], [ 79.854420930246221, 7.293104464112075 ], [ 79.854355646960215, 7.292973429916053 ], [ 79.854332652160721, 7.292911975037631 ], [ 79.854372030013124, 7.292904214703654 ], [ 79.853913354075232, 7.292498172122253 ], [ 79.853510888836908, 7.291943248778891 ], [ 79.853032597867426, 7.291463732623951 ], [ 79.851796801037935, 7.29136047386612 ], [ 79.85245628533373, 7.289573567107754 ], [ 79.853078280240908, 7.287525214907856 ], [ 79.853023488750537, 7.287507996319177 ], [ 79.852347835837321, 7.287249418084628 ], [ 79.851382133255612, 7.287118851215978 ], [ 79.850706350842373, 7.286924572026884 ], [ 79.850094836448264, 7.286794723493352 ], [ 79.849515520036604, 7.286664940715395 ], [ 79.84913368023885, 7.28643963344747 ], [ 79.84912952883677, 7.286471249066259 ], [ 79.848935547191772, 7.286856661826921 ], [ 79.848837503612046, 7.287563777008584 ], [ 79.848706997812812, 7.288399428039255 ], [ 79.8486094798034, 7.28884933887306 ], [ 79.848511894810244, 7.28933139983072 ], [ 79.848156520030741, 7.289909386147972 ], [ 79.847930204407348, 7.290359032708214 ], [ 79.847607358045437, 7.290776331504977 ], [ 79.847348775782308, 7.291258062889351 ], [ 79.847090524497148, 7.291579041422849 ], [ 79.846703738896451, 7.291771154696476 ], [ 79.846439343216332, 7.291717792657222 ], [ 79.846413946288664, 7.291770561663482 ], [ 79.846155429061369, 7.292220141959541 ], [ 79.845993838891701, 7.292509166391794 ], [ 79.845960912688952, 7.292862755738633 ], [ 79.845959921983848, 7.293345013434317 ], [ 79.845991329187356, 7.293730885716962 ], [ 79.846054934436708, 7.294116823945696 ], [ 79.846150608439586, 7.294567129329232 ], [ 79.846246479806481, 7.294920982443501 ], [ 79.846503481190751, 7.295210864010252 ], [ 79.846792483006453, 7.295597264555633 ], [ 79.847113816367283, 7.295919427834924 ], [ 79.84737081885882, 7.296209309941596 ], [ 79.847886736147174, 7.295856708211832 ], [ 79.848273985523278, 7.295439540439975 ], [ 79.84920862402582, 7.295023490933934 ], [ 79.849885403978888, 7.294735515542286 ], [ 79.85062644972372, 7.294511972473583 ], [ 79.851174036322263, 7.29441663631199 ], [ 79.8518507487926, 7.294160807900861 ], [ 79.852365938186011, 7.294161856197769 ], [ 79.852945592128293, 7.294130884617097 ], [ 79.853235059098409, 7.294292226541146 ], [ 79.853492457398872, 7.294389201541835 ], [ 79.853553257344885, 7.294511238168557 ] ] ] ] } },
{ "type": "Feature", "properties": { "OBJECTID_1": 439, "PROVINCE_N": "North Western", "DISTRICT_N": "Puttalam", "DSD_N": "Dankotuwa", "GND_N": "Etiyawala South", "GND_C": "471A", "TOTAL_POPU": 1839, "EXIS_COVE": "YES", "SUP_LEV": null, "SCH_NAME": null, "RWS_SCHE": null, "PROJ_DETAI": "PROCU", "WATER_SOUR": "Maa Oya", "PROJ_NAME": "Dankotuwa (Phase 1)", "COVER_PER": 75, "P_POP": 1836, "GRO_RATE": 1.2, "COVE_2018": 25.0, "WATER_QUAL": "COMPLIED", "COVE_2020": 25.0, "COVE_2025": 75.0, "COVE_2030": 75.0, "Shape_Leng": null, "Shape_Area": null, "OBJECTID_2": 1873, "OBJECTID_3": 1873, "OBJECTID": 12740, "EX_SCH_NAM": "Dankotuwa wss", "RWS_Name": "<Null>", "SUP_LEVEL": "24", "layer": "Sche_Puttlam", "path": "C:/Users/MB/Downloads/New folder (2)/Sem 05/Advanced GIS and Remote Sensing for Planning/WEB MAP/Shape Files/Shape Files/WSS Shape Files/Sche_Puttlam.shp" }, "geometry": { "type": "MultiPolygon", "coordinates": [ [ [ [ 79.912174957273891, 7.294852105334193 ], [ 79.912281390342073, 7.294367706741568 ], [ 79.91218527013298, 7.293686622533401 ], [ 79.912088902698684, 7.293135233528887 ], [ 79.912089706722426, 7.292713724996421 ], [ 79.912090572540905, 7.292259792652233 ], [ 79.912221391490036, 7.291773682550354 ], [ 79.912578900821131, 7.291612242452924 ], [ 79.912935854845671, 7.291742616351033 ], [ 79.913292314170491, 7.292132380504286 ], [ 79.913778974334349, 7.292360270985832 ], [ 79.914298539747307, 7.292361256740702 ], [ 79.914785878925898, 7.29223248503667 ], [ 79.915403171035592, 7.292071534998946 ], [ 79.916052751009715, 7.292007917946429 ], [ 79.916702822964098, 7.291684908284807 ], [ 79.917223125594731, 7.291296805309726 ], [ 79.917678481716962, 7.290908578957324 ], [ 79.918068461687966, 7.290747195538421 ], [ 79.918588025826367, 7.290748176147842 ], [ 79.919140369465268, 7.290587098965321 ], [ 79.919497631695421, 7.290555347564708 ], [ 79.919919778266319, 7.290556143001677 ], [ 79.920767156804061, 7.290411906022383 ], [ 79.920441484310857, 7.289422287533071 ], [ 79.920345230216199, 7.288806052264974 ], [ 79.920354588023059, 7.288499267586528 ], [ 79.920313430038092, 7.288449328466674 ], [ 79.919697860201694, 7.287702419341236 ], [ 79.919244409068071, 7.287085510155545 ], [ 79.919018204515297, 7.286501452085105 ], [ 79.918694400021622, 7.286014483717741 ], [ 79.918403006397895, 7.285559999391016 ], [ 79.918273914034202, 7.285138244152028 ], [ 79.917851834988852, 7.285105023906143 ], [ 79.917397467849241, 7.284974470389136 ], [ 79.917203124793588, 7.284714712547243 ], [ 79.917008967124346, 7.284357683075782 ], [ 79.916847342581676, 7.283968290128308 ], [ 79.916750171382787, 7.2838384106826 ], [ 79.916522742353308, 7.283902829831293 ], [ 79.91606806950378, 7.283934393502989 ], [ 79.915483261316766, 7.284095407268861 ], [ 79.91502821894521, 7.284321513811131 ], [ 79.914637936053083, 7.284645013452608 ], [ 79.914409890306516, 7.285033667988166 ], [ 79.914246850563401, 7.285390021602113 ], [ 79.913921511003821, 7.285713644414771 ], [ 79.913628765864203, 7.285972480868162 ], [ 79.913271138111881, 7.286198769142801 ], [ 79.912946414585605, 7.286198152896927 ], [ 79.912589032478351, 7.286294746205453 ], [ 79.912361725365585, 7.286294314508271 ], [ 79.912199672967731, 7.286131887922241 ], [ 79.912103058909651, 7.285710193274762 ], [ 79.912168559721451, 7.285418503233545 ], [ 79.91252643516691, 7.28506251964173 ], [ 79.912949438955152, 7.284609388383671 ], [ 79.913242429314323, 7.284220857898903 ], [ 79.913470412929968, 7.283864626929113 ], [ 79.913698335418033, 7.28354082053281 ], [ 79.913894031868409, 7.283087257107763 ], [ 79.913894648193818, 7.282763019686342 ], [ 79.913896435381417, 7.281822729419655 ], [ 79.913735122458789, 7.281271217473464 ], [ 79.913670980402031, 7.280849585464716 ], [ 79.913412251907857, 7.280297888837953 ], [ 79.91289405744773, 7.279583580369454 ], [ 79.912375061443484, 7.279290781202062 ], [ 79.911661360009788, 7.278932763009752 ], [ 79.911142057605105, 7.278802080775262 ], [ 79.910038819516956, 7.278378472941047 ], [ 79.909679456232695, 7.278240489038836 ], [ 79.909629973122094, 7.278633958622668 ], [ 79.909464086849439, 7.279034743126286 ], [ 79.909217950042191, 7.279411640190153 ], [ 79.908995643575651, 7.279719634973653 ], [ 79.908727282456013, 7.280027118669129 ], [ 79.908412794793691, 7.280334231198684 ], [ 79.908076155989448, 7.280571792216281 ], [ 79.907660659946927, 7.280647431973719 ], [ 79.907234637369612, 7.280642380751897 ], [ 79.906843813221897, 7.280580317509521 ], [ 79.906651722250785, 7.280255849054612 ], [ 79.906690745074215, 7.27986499682486 ], [ 79.906741298720107, 7.279474306754341 ], [ 79.906826561544023, 7.279061079628059 ], [ 79.906923005626098, 7.278682484981043 ], [ 79.907019356962806, 7.278315335542526 ], [ 79.907092737695919, 7.277936557531601 ], [ 79.907200642358674, 7.277558128398281 ], [ 79.907262725946737, 7.277167601210373 ], [ 79.907290215898058, 7.276776585720675 ], [ 79.907283275200925, 7.276373776975958 ], [ 79.907253506591857, 7.275959197123769 ], [ 79.907177287166718, 7.275566995429898 ], [ 79.906985803040598, 7.275185025478917 ], [ 79.906724668115686, 7.274859721090267 ], [ 79.906439959058403, 7.27458014425855 ], [ 79.906061533738537, 7.274437574292842 ], [ 79.905659021146633, 7.274386791793036 ], [ 79.905198480887307, 7.274381389450315 ], [ 79.904748981815743, 7.27441048238697 ], [ 79.904334331853221, 7.27441717660809 ], [ 79.903918749667667, 7.274504257891039 ], [ 79.903560332198737, 7.274626629092888 ], [ 79.90323583254407, 7.274806847286848 ], [ 79.902945248513447, 7.275045057203188 ], [ 79.902676466202777, 7.2753871502609 ], [ 79.902419237489426, 7.275717821664125 ], [ 79.902208274129521, 7.276049004836613 ], [ 79.902042967724086, 7.276403729673159 ], [ 79.901900372624155, 7.276793394878837 ], [ 79.901769658478742, 7.277148466270145 ], [ 79.901638780239551, 7.277515265710589 ], [ 79.901530380865481, 7.277928166616287 ], [ 79.901468339906785, 7.27833013429655 ], [ 79.901394463949799, 7.278743524619273 ], [ 79.901355693093308, 7.279111348106802 ], [ 79.901304015258262, 7.279605594266244 ], [ 79.901195194955264, 7.280053107076497 ], [ 79.901041323281518, 7.280419437866244 ], [ 79.900830100054648, 7.280773648621915 ], [ 79.900584654767101, 7.281081454756285 ], [ 79.900259634707083, 7.281307726506917 ], [ 79.89983260718931, 7.28138333845535 ], [ 79.899682767058749, 7.283312238468987 ], [ 79.899630501404559, 7.285560971107561 ], [ 79.8993683142252, 7.287309880122042 ], [ 79.899270733859979, 7.28866861883956 ], [ 79.899366583123424, 7.289479397407735 ], [ 79.899754873383117, 7.29019346942617 ], [ 79.900402758136664, 7.291005313039186 ], [ 79.901050707795051, 7.291784731357766 ], [ 79.901601679423905, 7.292336996393178 ], [ 79.902217285271163, 7.293051504424298 ], [ 79.90289858901555, 7.293377051998994 ], [ 79.903417715860826, 7.29360501648747 ], [ 79.904066673421497, 7.293865652642459 ], [ 79.904189403472031, 7.293857136441801 ], [ 79.904521355791928, 7.293834101419581 ], [ 79.905106429598305, 7.293543409776334 ], [ 79.905496726816452, 7.293219920191927 ], [ 79.905789231087297, 7.293090785177696 ], [ 79.906015669194915, 7.293545152178371 ], [ 79.906274705215637, 7.293934733789928 ], [ 79.906696105618451, 7.294324626999881 ], [ 79.90718239055316, 7.294747066999009 ], [ 79.907505876725125, 7.295396161508073 ], [ 79.907634897367146, 7.29585034255756 ], [ 79.907926471286203, 7.296207561842336 ], [ 79.908185821145949, 7.296435024770213 ], [ 79.908575621277336, 7.296370921839141 ], [ 79.908933384734823, 7.296079790155529 ], [ 79.909355782688081, 7.295950900959769 ], [ 79.909875661796917, 7.295789774289079 ], [ 79.910460300831232, 7.295726041219494 ], [ 79.911012404731537, 7.295694669309616 ], [ 79.911467213130365, 7.295598264576476 ], [ 79.911921959506842, 7.295534281351603 ], [ 79.912117602409964, 7.295113143550124 ], [ 79.912174957273891, 7.294852105334193 ] ] ] ] } },
{ "type": "Feature", "properties": { "OBJECTID_1": 440, "PROVINCE_N": "North Western", "DISTRICT_N": "Puttalam", "DSD_N": "Dankotuwa", "GND_N": "Dankotuwa South", "GND_C": "474A", "TOTAL_POPU": 658, "EXIS_COVE": "YES", "SUP_LEV": null, "SCH_NAME": null, "RWS_SCHE": null, "PROJ_DETAI": "PROCU", "WATER_SOUR": "Maa Oya", "PROJ_NAME": "Dankotuwa (Phase 1)", "COVER_PER": 100, "P_POP": 737, "GRO_RATE": 1.2, "COVE_2018": 50.0, "WATER_QUAL": "COMPLIED", "COVE_2020": 50.0, "COVE_2025": 100.0, "COVE_2030": 100.0, "Shape_Leng": null, "Shape_Area": null, "OBJECTID_2": 1874, "OBJECTID_3": 1874, "OBJECTID": 12741, "EX_SCH_NAM": "Dankotuwa wss", "RWS_Name": "<Null>", "SUP_LEVEL": "24", "layer": "Sche_Puttlam", "path": "C:/Users/MB/Downloads/New folder (2)/Sem 05/Advanced GIS and Remote Sensing for Planning/WEB MAP/Shape Files/Shape Files/WSS Shape Files/Sche_Puttlam.shp" }, "geometry": { "type": "MultiPolygon", "coordinates": [ [ [ [ 79.885299202131321, 7.291967533785821 ], [ 79.884766361684541, 7.291789025976988 ], [ 79.884055651622717, 7.291681154375922 ], [ 79.883487266123808, 7.291502575365599 ], [ 79.883059804800595, 7.29196313734146 ], [ 79.882561741428233, 7.292175112266211 ], [ 79.882028411790927, 7.292245048005264 ], [ 79.881530627251109, 7.292315052186837 ], [ 79.881033124090806, 7.292243088124351 ], [ 79.880606853645986, 7.292100278034659 ], [ 79.880145317386905, 7.291815428921146 ], [ 79.879434398487064, 7.291814026350494 ], [ 79.878865874751583, 7.291706426435225 ], [ 79.878510696827732, 7.291563755804961 ], [ 79.878013547222096, 7.291314326855961 ], [ 79.877410464484456, 7.290709764027063 ], [ 79.877091326855577, 7.290318716374051 ], [ 79.876523933452475, 7.289643239207937 ], [ 79.876098230417284, 7.289216487597371 ], [ 79.875601860781728, 7.288576641782033 ], [ 79.875283220030326, 7.28793714783763 ], [ 79.874751165135933, 7.287368215559915 ], [ 79.8745743556603, 7.286906463898938 ], [ 79.87364851074507, 7.286100319135362 ], [ 79.872669985785862, 7.284975766446062 ], [ 79.871949689394526, 7.286311911193976 ], [ 79.871276658216743, 7.287934772251147 ], [ 79.871155573255066, 7.288674975848844 ], [ 79.872016353848878, 7.288867771048247 ], [ 79.872110751657587, 7.289512861705015 ], [ 79.872181323744428, 7.29011013534955 ], [ 79.871921398905869, 7.291660328816813 ], [ 79.872005520664558, 7.291692825779948 ], [ 79.872430937227605, 7.292261550161631 ], [ 79.872820880478429, 7.292794710381665 ], [ 79.873140015523646, 7.293185760769436 ], [ 79.87356571780262, 7.293612514301539 ], [ 79.873849025001903, 7.294145462879929 ], [ 79.874487229445947, 7.294963053845793 ], [ 79.87638542756514, 7.29507753764672 ], [ 79.878054798143722, 7.295080842082045 ], [ 79.879524373144889, 7.294817049958096 ], [ 79.880389411400756, 7.296352254801499 ], [ 79.881263605748089, 7.297205134987003 ], [ 79.881372947320813, 7.297211348945971 ], [ 79.88212607936866, 7.296788268802744 ], [ 79.882553336531103, 7.296434185616163 ], [ 79.882980873132055, 7.295938133303721 ], [ 79.883301349740236, 7.295654824240998 ], [ 79.883587049248817, 7.294981029628351 ], [ 79.883871977565676, 7.294697650159955 ], [ 79.88426389481431, 7.294237017885313 ], [ 79.884620334879827, 7.293740823898583 ], [ 79.884940948556689, 7.293386528517129 ], [ 79.885261701352093, 7.292961248922977 ], [ 79.885262678724615, 7.292464356962824 ], [ 79.885299202131321, 7.291967533785821 ] ] ] ] } },
{ "type": "Feature", "properties": { "OBJECTID_1": 441, "PROVINCE_N": "North Western", "DISTRICT_N": "Puttalam", "DSD_N": "Dankotuwa", "GND_N": "Dankotuwa East", "GND_C": "474B", "TOTAL_POPU": 1705, "EXIS_COVE": "YES", "SUP_LEV": null, "SCH_NAME": null, "RWS_SCHE": null, "PROJ_DETAI": "PROCU", "WATER_SOUR": "Maa Oya", "PROJ_NAME": "Dankotuwa (Phase 1)", "COVER_PER": 100, "P_POP": 1990, "GRO_RATE": 1.2, "COVE_2018": 25.0, "WATER_QUAL": "COMPLIED", "COVE_2020": 25.0, "COVE_2025": 100.0, "COVE_2030": 100.0, "Shape_Leng": null, "Shape_Area": null, "OBJECTID_2": 1877, "OBJECTID_3": 1877, "OBJECTID": 12743, "EX_SCH_NAM": "Dankotuwa wss", "RWS_Name": "<Null>", "SUP_LEVEL": "24", "layer": "Sche_Puttlam", "path": "C:/Users/MB/Downloads/New folder (2)/Sem 05/Advanced GIS and Remote Sensing for Planning/WEB MAP/Shape Files/Shape Files/WSS Shape Files/Sche_Puttlam.shp" }, "geometry": { "type": "MultiPolygon", "coordinates": [ [ [ [ 79.890776304888249, 7.290877397713842 ], [ 79.889845383585026, 7.290761171755674 ], [ 79.889779319519974, 7.291301938526051 ], [ 79.889600825922301, 7.291692007909042 ], [ 79.889351170201763, 7.29211742997257 ], [ 79.88903049112497, 7.292507221476684 ], [ 79.888603729257312, 7.292612865705498 ], [ 79.888212583908924, 7.292683086544606 ], [ 79.887643845890523, 7.292681974592885 ], [ 79.887146549531465, 7.292503538898368 ], [ 79.886755751763275, 7.292396296325116 ], [ 79.885974018298441, 7.292252795975875 ], [ 79.885405770641654, 7.292003235278864 ], [ 79.885299202131321, 7.291967533785821 ], [ 79.885262678724615, 7.292464356962824 ], [ 79.885261701352093, 7.292961248922977 ], [ 79.884940948556689, 7.293386528517129 ], [ 79.884620334879827, 7.293740823898583 ], [ 79.88426389481431, 7.294237017885313 ], [ 79.883871977565676, 7.294697650159955 ], [ 79.883587049248817, 7.294981029628351 ], [ 79.883301349740236, 7.295654824240998 ], [ 79.882980873132055, 7.295938133303721 ], [ 79.882553336531103, 7.296434185616163 ], [ 79.88212607936866, 7.296788268802744 ], [ 79.881372947320813, 7.297211348945971 ], [ 79.882762476642398, 7.297290314714364 ], [ 79.884344003184893, 7.296819965393696 ], [ 79.887398678809561, 7.297404626597501 ], [ 79.889611101441247, 7.297619378511825 ], [ 79.891843609704964, 7.297795148107942 ], [ 79.891757626648698, 7.297587966516848 ], [ 79.891473879029689, 7.297267981216 ], [ 79.891119385661696, 7.296770395808255 ], [ 79.890871740739527, 7.296166540735075 ], [ 79.890552864683798, 7.295633530972044 ], [ 79.890340767391436, 7.295029745055063 ], [ 79.89019969291995, 7.294461590221249 ], [ 79.890201220523466, 7.293680758870662 ], [ 79.890131238927978, 7.293112741788749 ], [ 79.890168104273528, 7.292438456200136 ], [ 79.890275784015728, 7.291906279035211 ], [ 79.890418940140734, 7.291409663555771 ], [ 79.890668662918046, 7.290948747348756 ], [ 79.890776304888249, 7.290877397713842 ] ] ] ] } },
{ "type": "Feature", "properties": { "OBJECTID_1": 442, "PROVINCE_N": "North Western", "DISTRICT_N": "Puttalam", "DSD_N": "Dankotuwa", "GND_N": "Gonavila South", "GND_C": "477A", "TOTAL_POPU": 1657, "EXIS_COVE": "YES", "SUP_LEV": null, "SCH_NAME": null, "RWS_SCHE": null, "PROJ_DETAI": "PROCU", "WATER_SOUR": "Maa Oya", "PROJ_NAME": "Dankotuwa (Phase 1)", "COVER_PER": 100, "P_POP": 1818, "GRO_RATE": 1.2, "COVE_2018": 50.0, "WATER_QUAL": "COMPLIED", "COVE_2020": 50.0, "COVE_2025": 100.0, "COVE_2030": 100.0, "Shape_Leng": null, "Shape_Area": null, "OBJECTID_2": 1878, "OBJECTID_3": 1878, "OBJECTID": 12744, "EX_SCH_NAM": "Dankotuwa wss", "RWS_Name": "<Null>", "SUP_LEVEL": "24", "layer": "Sche_Puttlam", "path": "C:/Users/MB/Downloads/New folder (2)/Sem 05/Advanced GIS and Remote Sensing for Planning/WEB MAP/Shape Files/Shape Files/WSS Shape Files/Sche_Puttlam.shp" }, "geometry": { "type": "MultiPolygon", "coordinates": [ [ [ [ 79.873065100882769, 7.295102196836602 ], [ 79.873231308180522, 7.295113680600568 ], [ 79.873395663802199, 7.295108714189327 ], [ 79.873522899631496, 7.295108967106369 ], [ 79.873734980157749, 7.2950988013562 ], [ 79.873910001467181, 7.295062095132624 ], [ 79.874063745069208, 7.295062400559888 ], [ 79.874228142881606, 7.295036259442726 ], [ 79.874350171513328, 7.294988861453593 ], [ 79.874487229445947, 7.294963053845793 ], [ 79.873849025001903, 7.294145462879929 ], [ 79.87356571780262, 7.293612514301539 ], [ 79.873140015523646, 7.293185760769436 ], [ 79.872820880478429, 7.292794710381665 ], [ 79.872430937227605, 7.292261550161631 ], [ 79.872005520664558, 7.291692825779948 ], [ 79.871921398905869, 7.291660328816813 ], [ 79.871543778659245, 7.291514445433808 ], [ 79.870869117162314, 7.291158178386931 ], [ 79.870372257099433, 7.290766773423941 ], [ 79.869839638184189, 7.290481772104702 ], [ 79.869413729353127, 7.290161492584577 ], [ 79.868987963281526, 7.289770227312556 ], [ 79.8687044501646, 7.289343754297197 ], [ 79.86817105265601, 7.289449165189853 ], [ 79.867779695610139, 7.289625845046023 ], [ 79.867281984918449, 7.289660341387221 ], [ 79.866784560068439, 7.289552870034298 ], [ 79.866109692093417, 7.289303073369423 ], [ 79.865754449925461, 7.289195884751399 ], [ 79.865256812089953, 7.289194887586982 ], [ 79.864900999239552, 7.289371635180191 ], [ 79.86426096426176, 7.289476828408538 ], [ 79.863692234935783, 7.289475686825098 ], [ 79.863088246115908, 7.28933250521071 ], [ 79.86255527752806, 7.289224957049329 ], [ 79.862129374893911, 7.288904670527829 ], [ 79.861881200907149, 7.288584741236405 ], [ 79.861739734710042, 7.28822953420913 ], [ 79.861503522499277, 7.287802072241923 ], [ 79.861392913800785, 7.288642667858902 ], [ 79.861391205047923, 7.289489035249323 ], [ 79.861254358300243, 7.290058946290217 ], [ 79.861039762339558, 7.29068320274382 ], [ 79.861087813638122, 7.291579456024519 ], [ 79.861484895405724, 7.292476412222112 ], [ 79.861881577392694, 7.293572513436702 ], [ 79.862178838251992, 7.29451905420643 ], [ 79.862426942219813, 7.295116990657729 ], [ 79.862774368564843, 7.295914273789646 ], [ 79.863171457530328, 7.296811229224712 ], [ 79.863568045916722, 7.297957116270333 ], [ 79.863967862012089, 7.298686420210836 ], [ 79.864624851930969, 7.298687740120359 ], [ 79.865429911633683, 7.298657205753861 ], [ 79.866138501481785, 7.298562174718659 ], [ 79.866879095889075, 7.298563658938719 ], [ 79.867652085359552, 7.298468753572485 ], [ 79.868714679892662, 7.298470879143998 ], [ 79.869551551907321, 7.29863330566231 ], [ 79.87016302735725, 7.298795281755654 ], [ 79.870806768084933, 7.298925169129302 ], [ 79.871386108439367, 7.299054927256377 ], [ 79.871740499585883, 7.298959181156 ], [ 79.872030683395721, 7.298766854444364 ], [ 79.87248167455121, 7.298671300123981 ], [ 79.872867623887672, 7.298897124647761 ], [ 79.873124645336759, 7.299186993419755 ], [ 79.873257738187306, 7.299197481953053 ], [ 79.873199213998191, 7.29914858954951 ], [ 79.872986288913225, 7.29897070377994 ], [ 79.872702909605266, 7.298473247712132 ], [ 79.872561929270987, 7.297869597738762 ], [ 79.872492253690538, 7.29715961242281 ], [ 79.872422011299633, 7.296733565350319 ], [ 79.872707018771436, 7.296414700746412 ], [ 79.872849628136123, 7.296202030831278 ], [ 79.872992946355126, 7.295634438878898 ], [ 79.873065100882769, 7.295102196836602 ] ] ] ] } },
{ "type": "Feature", "properties": { "OBJECTID_1": 443, "PROVINCE_N": "North Western", "DISTRICT_N": "Puttalam", "DSD_N": "Wennappuwa", "GND_N": "Rangammulla", "GND_C": "483", "TOTAL_POPU": 833, "EXIS_COVE": "YES", "SUP_LEV": null, "SCH_NAME": null, "RWS_SCHE": null, "PROJ_DETAI": "PROCU", "WATER_SOUR": "Maa Oya", "PROJ_NAME": "Dankotuwa (Phase 1)", "COVER_PER": 75, "P_POP": 1103, "GRO_RATE": 1.2, "COVE_2018": 75.0, "WATER_QUAL": "COMPLIED", "COVE_2020": 75.0, "COVE_2025": 75.0, "COVE_2030": 75.0, "Shape_Leng": null, "Shape_Area": null, "OBJECTID_2": 1880, "OBJECTID_3": 1880, "OBJECTID": 12745, "EX_SCH_NAM": "Dankotuwa wss", "RWS_Name": "<Null>", "SUP_LEVEL": "24", "layer": "Sche_Puttlam", "path": "C:/Users/MB/Downloads/New folder (2)/Sem 05/Advanced GIS and Remote Sensing for Planning/WEB MAP/Shape Files/Shape Files/WSS Shape Files/Sche_Puttlam.shp" }, "geometry": { "type": "MultiPolygon", "coordinates": [ [ [ [ 79.853553257344885, 7.294511238168557 ], [ 79.853492457398872, 7.294389201541835 ], [ 79.853235059098409, 7.294292226541146 ], [ 79.852945592128293, 7.294130884617097 ], [ 79.852365938186011, 7.294161856197769 ], [ 79.8518507487926, 7.294160807900861 ], [ 79.851174036322263, 7.29441663631199 ], [ 79.85062644972372, 7.294511972473583 ], [ 79.849885403978888, 7.294735515542286 ], [ 79.84920862402582, 7.295023490933934 ], [ 79.848273985523278, 7.295439540439975 ], [ 79.847886736147174, 7.295856708211832 ], [ 79.84737081885882, 7.296209309941596 ], [ 79.846854571629777, 7.296722663557962 ], [ 79.846273725799804, 7.297332336758548 ], [ 79.845918671232042, 7.297749567429999 ], [ 79.845628279812061, 7.298038328300422 ], [ 79.845168869878847, 7.298372742006965 ], [ 79.845369757472326, 7.298487906568349 ], [ 79.845691290746942, 7.298713620529754 ], [ 79.846045155830765, 7.298875099102514 ], [ 79.846463355529139, 7.299068860416405 ], [ 79.846753085885467, 7.299101604156142 ], [ 79.847075083446967, 7.299102263488221 ], [ 79.847268545125161, 7.298974056547667 ], [ 79.847493942931379, 7.29897451783805 ], [ 79.847912339586003, 7.299071826509576 ], [ 79.848137275853105, 7.299297340431164 ], [ 79.848426809730469, 7.299426535435324 ], [ 79.848748674960703, 7.299491493936981 ], [ 79.849199141012491, 7.299653168562127 ], [ 79.849488543784688, 7.299846663298205 ], [ 79.849504463548001, 7.29986490530459 ], [ 79.849810870388239, 7.299686568051898 ], [ 79.850068798058714, 7.299526341127905 ], [ 79.850423126260324, 7.2994627625495 ], [ 79.850745189271677, 7.299431269109823 ], [ 79.851131783368274, 7.299335605426506 ], [ 79.851615304805549, 7.29907938541924 ], [ 79.85197028928917, 7.298694299055216 ], [ 79.852228477420951, 7.298405469014604 ], [ 79.852486796470529, 7.298052337469881 ], [ 79.852712587805584, 7.297859892150929 ], [ 79.852874569879518, 7.297377961122772 ], [ 79.853165414829476, 7.296864141659654 ], [ 79.853166463867339, 7.296349731939988 ], [ 79.853263915366796, 7.2959319710237 ], [ 79.853329101085976, 7.295546294827437 ], [ 79.853522821775812, 7.295289483002248 ], [ 79.853587941595677, 7.294935957840839 ], [ 79.853620730305707, 7.294646667674961 ], [ 79.853553257344885, 7.294511238168557 ] ] ] ] } },
{ "type": "Feature", "properties": { "OBJECTID_1": 444, "PROVINCE_N": "North Western", "DISTRICT_N": "Puttalam", "DSD_N": "Wennappuwa", "GND_N": "Kammala", "GND_C": "481B", "TOTAL_POPU": 1302, "EXIS_COVE": "YES", "SUP_LEV": null, "SCH_NAME": null, "RWS_SCHE": null, "PROJ_DETAI": "PROCU", "WATER_SOUR": "Maa Oya", "PROJ_NAME": "Dankotuwa (Phase 1)", "COVER_PER": 75, "P_POP": 1546, "GRO_RATE": 1.2, "COVE_2018": 75.0, "WATER_QUAL": "COMPLIED", "COVE_2020": 75.0, "COVE_2025": 75.0, "COVE_2030": 75.0, "Shape_Leng": null, "Shape_Area": null, "OBJECTID_2": 1881, "OBJECTID_3": 1881, "OBJECTID": 12746, "EX_SCH_NAM": "Dankotuwa wss", "RWS_Name": "<Null>", "SUP_LEVEL": "24", "layer": "Sche_Puttlam", "path": "C:/Users/MB/Downloads/New folder (2)/Sem 05/Advanced GIS and Remote Sensing for Planning/WEB MAP/Shape Files/Shape Files/WSS Shape Files/Sche_Puttlam.shp" }, "geometry": { "type": "MultiPolygon", "coordinates": [ [ [ [ 79.845168869878847, 7.298372742006965 ], [ 79.845628279812061, 7.298038328300422 ], [ 79.845918671232042, 7.297749567429999 ], [ 79.846273725799804, 7.297332336758548 ], [ 79.846854571629777, 7.296722663557962 ], [ 79.84737081885882, 7.296209309941596 ], [ 79.847113816367283, 7.295919427834924 ], [ 79.846792483006453, 7.295597264555633 ], [ 79.846503481190751, 7.295210864010252 ], [ 79.846246479806481, 7.294920982443501 ], [ 79.846150608439586, 7.294567129329232 ], [ 79.846054934436708, 7.294116823945696 ], [ 79.845991329187356, 7.293730885716962 ], [ 79.845959921983848, 7.293345013434317 ], [ 79.845960912688952, 7.292862755738633 ], [ 79.845993838891701, 7.292509166391794 ], [ 79.846155429061369, 7.292220141959541 ], [ 79.846413946288664, 7.291770561663482 ], [ 79.846439343216332, 7.291717792657222 ], [ 79.846381879523264, 7.291706194541785 ], [ 79.84606021744284, 7.29154478280008 ], [ 79.845770954299354, 7.291286985445915 ], [ 79.84551395626589, 7.290997102851596 ], [ 79.845321555049011, 7.290610901649126 ], [ 79.844968290338571, 7.290160068366137 ], [ 79.844454031449544, 7.289708904796987 ], [ 79.844003444880641, 7.289611528920925 ], [ 79.843391929108449, 7.28948167112125 ], [ 79.842876878839661, 7.28941631301395 ], [ 79.842393894825435, 7.28941532075437 ], [ 79.841749717303571, 7.289510448197759 ], [ 79.841202401660752, 7.28947717120175 ], [ 79.840719417811968, 7.289476177145717 ], [ 79.840204301898183, 7.28944296705199 ], [ 79.839756099551408, 7.289397280849205 ], [ 79.839696188448599, 7.289884757386578 ], [ 79.839484486879769, 7.291188288406502 ], [ 79.83921885587975, 7.292635805652369 ], [ 79.838882862690966, 7.294240196742057 ], [ 79.83873834326036, 7.29542400160038 ], [ 79.838666028862704, 7.296522986110706 ], [ 79.838488514744768, 7.297691538428433 ], [ 79.83827619718565, 7.298755340738185 ], [ 79.838169409114172, 7.299817394327864 ], [ 79.838047543625422, 7.300772769461532 ], [ 79.838087787357196, 7.300819905702567 ], [ 79.838537650557583, 7.30127094309749 ], [ 79.838891181115059, 7.301593179370233 ], [ 79.83927684592021, 7.30194763200852 ], [ 79.839582430844089, 7.302024581943471 ], [ 79.839663043072278, 7.302044881027941 ], [ 79.839920841962254, 7.301948961614193 ], [ 79.840436039425924, 7.301950024638669 ], [ 79.840790236991097, 7.301950755125556 ], [ 79.841080234207112, 7.301854901402755 ], [ 79.841789427339918, 7.301470555337653 ], [ 79.842176555313543, 7.301117696236749 ], [ 79.8427566817616, 7.300861684562044 ], [ 79.843047075932873, 7.300572926937753 ], [ 79.843466733902403, 7.300059379408482 ], [ 79.843725126572323, 7.299674103761372 ], [ 79.84424144695268, 7.299128603631874 ], [ 79.844725302082011, 7.298711638996079 ], [ 79.845168869878847, 7.298372742006965 ] ] ] ] } },
{ "type": "Feature", "properties": { "OBJECTID_1": 445, "PROVINCE_N": "North Western", "DISTRICT_N": "Puttalam", "DSD_N": "Wennappuwa", "GND_N": "Bolawatta", "GND_C": "484A", "TOTAL_POPU": 918, "EXIS_COVE": "YES", "SUP_LEV": null, "SCH_NAME": null, "RWS_SCHE": null, "PROJ_DETAI": "PROCU", "WATER_SOUR": "Maa Oya", "PROJ_NAME": "Dankotuwa (Phase 1)", "COVER_PER": 100, "P_POP": 1281, "GRO_RATE": 1.2, "COVE_2018": 75.0, "WATER_QUAL": "COMPLIED", "COVE_2020": 75.0, "COVE_2025": 100.0, "COVE_2030": 100.0, "Shape_Leng": null, "Shape_Area": null, "OBJECTID_2": 1882, "OBJECTID_3": 1882, "OBJECTID": 12747, "EX_SCH_NAM": "Dankotuwa wss", "RWS_Name": "<Null>", "SUP_LEVEL": "24", "layer": "Sche_Puttlam", "path": "C:/Users/MB/Downloads/New folder (2)/Sem 05/Advanced GIS and Remote Sensing for Planning/WEB MAP/Shape Files/Shape Files/WSS Shape Files/Sche_Puttlam.shp" }, "geometry": { "type": "MultiPolygon", "coordinates": [ [ [ [ 79.855314150144949, 7.301112399939448 ], [ 79.855765144289521, 7.301016863051271 ], [ 79.856312607903305, 7.300985822910175 ], [ 79.856795802258418, 7.300890349324402 ], [ 79.857182462323891, 7.300762530220103 ], [ 79.857923972151525, 7.300313920658153 ], [ 79.85847189251551, 7.300057823279708 ], [ 79.859084079998681, 7.299866156726379 ], [ 79.859535399127935, 7.299609861777075 ], [ 79.860000833487319, 7.299332304670592 ], [ 79.86001898141339, 7.299321481944085 ], [ 79.860502238707454, 7.299193854695584 ], [ 79.861114425354941, 7.299002184227347 ], [ 79.861726481623947, 7.298874815243238 ], [ 79.862467336225563, 7.298747703783606 ], [ 79.863819857118699, 7.298686122733343 ], [ 79.863967862012089, 7.298686420210836 ], [ 79.863568045916722, 7.297957116270333 ], [ 79.863171457530328, 7.296811229224712 ], [ 79.862774368564843, 7.295914273789646 ], [ 79.862426942219813, 7.295116990657729 ], [ 79.862178838251992, 7.29451905420643 ], [ 79.861881577392694, 7.293572513436702 ], [ 79.861484895405724, 7.292476412222112 ], [ 79.861087813638122, 7.291579456024519 ], [ 79.861039762339558, 7.29068320274382 ], [ 79.861254358300243, 7.290058946290217 ], [ 79.861092275102337, 7.290158090291548 ], [ 79.860794615890825, 7.290256495468105 ], [ 79.860629025990889, 7.290421169087986 ], [ 79.86043005236877, 7.290750782571076 ], [ 79.860214786507896, 7.29096485776468 ], [ 79.859900566851749, 7.291079729503438 ], [ 79.85958644722848, 7.291145098418883 ], [ 79.858809176697164, 7.291424042089184 ], [ 79.858329566837128, 7.291604581144058 ], [ 79.857767094912305, 7.291900457370272 ], [ 79.857320669173774, 7.292015058953566 ], [ 79.856874075790074, 7.292212164609621 ], [ 79.856328295425499, 7.292425568643391 ], [ 79.855799207812169, 7.292556502728341 ], [ 79.855319595882747, 7.292737038280518 ], [ 79.8548897952044, 7.292802169168566 ], [ 79.854372030013124, 7.292904214703654 ], [ 79.854332652160721, 7.292911975037631 ], [ 79.854355646960215, 7.292973429916053 ], [ 79.854420930246221, 7.293104464112075 ], [ 79.854551963157405, 7.293137455436296 ], [ 79.854813761801879, 7.293334338253599 ], [ 79.855042586954482, 7.293629331273348 ], [ 79.855107271388249, 7.294054892174066 ], [ 79.855106074283498, 7.294483091707996 ], [ 79.855000947435244, 7.294470526303542 ], [ 79.854611943019435, 7.294573258016133 ], [ 79.854274989041315, 7.294572574092575 ], [ 79.853938035095638, 7.294571889917867 ], [ 79.8536011857516, 7.294519445238356 ], [ 79.853553257344885, 7.294511238168557 ], [ 79.853620730305707, 7.294646667674961 ], [ 79.853587941595677, 7.294935957840839 ], [ 79.853522821775812, 7.295289483002248 ], [ 79.853329101085976, 7.295546294827437 ], [ 79.853263915366796, 7.2959319710237 ], [ 79.853166463867339, 7.296349731939988 ], [ 79.853165414829476, 7.296864141659654 ], [ 79.852874569879518, 7.297377961122772 ], [ 79.852712587805584, 7.297859892150929 ], [ 79.852486796470529, 7.298052337469881 ], [ 79.852228477420951, 7.298405469014604 ], [ 79.85197028928917, 7.298694299055216 ], [ 79.851615304805549, 7.29907938541924 ], [ 79.851131783368274, 7.299335605426506 ], [ 79.850745189271677, 7.299431269109823 ], [ 79.850423126260324, 7.2994627625495 ], [ 79.850068798058714, 7.299526341127905 ], [ 79.849810870388239, 7.299686568051898 ], [ 79.849504463548001, 7.29986490530459 ], [ 79.85026751063117, 7.30073922045549 ], [ 79.850323697876561, 7.300845039543188 ], [ 79.850614022013858, 7.300588425719152 ], [ 79.850807484470408, 7.300460218130354 ], [ 79.851128956496339, 7.300718078906431 ], [ 79.851289428794274, 7.300975611334299 ], [ 79.851449903075661, 7.30123314372885 ], [ 79.851739438442308, 7.301362335966617 ], [ 79.852093439624696, 7.301459509922889 ], [ 79.85257670048091, 7.301331890830064 ], [ 79.852866762257747, 7.301203878966689 ], [ 79.853124624388997, 7.301075800485424 ], [ 79.853381697489311, 7.301333528843937 ], [ 79.85350990712918, 7.301623146283212 ], [ 79.853541386142936, 7.301976867672223 ], [ 79.853604801516298, 7.302459257182014 ], [ 79.853683944917279, 7.302912440735859 ], [ 79.853894208189814, 7.302652749532176 ], [ 79.854249063066547, 7.302331964684582 ], [ 79.854507580773372, 7.301882379671824 ], [ 79.854733635489467, 7.301561331726452 ], [ 79.854927358470576, 7.301304519589025 ], [ 79.855314150144949, 7.301112399939448 ] ] ] ] } },
{ "type": "Feature", "properties": { "OBJECTID_1": 446, "PROVINCE_N": "North Western", "DISTRICT_N": "Puttalam", "DSD_N": "Dankotuwa", "GND_N": "Dankotuwa North", "GND_C": "474", "TOTAL_POPU": 703, "EXIS_COVE": "YES", "SUP_LEV": null, "SCH_NAME": null, "RWS_SCHE": null, "PROJ_DETAI": "PROCU", "WATER_SOUR": "Maa Oya", "PROJ_NAME": "Dankotuwa (Phase 1)", "COVER_PER": 75, "P_POP": 1020, "GRO_RATE": 1.2, "COVE_2018": 50.0, "WATER_QUAL": "COMPLIED", "COVE_2020": 50.0, "COVE_2025": 75.0, "COVE_2030": 75.0, "Shape_Leng": null, "Shape_Area": null, "OBJECTID_2": 1884, "OBJECTID_3": 1884, "OBJECTID": 12748, "EX_SCH_NAM": "Dankotuwa wss", "RWS_Name": "<Null>", "SUP_LEVEL": "24", "layer": "Sche_Puttlam", "path": "C:/Users/MB/Downloads/New folder (2)/Sem 05/Advanced GIS and Remote Sensing for Planning/WEB MAP/Shape Files/Shape Files/WSS Shape Files/Sche_Puttlam.shp" }, "geometry": { "type": "MultiPolygon", "coordinates": [ [ [ [ 79.887398678809561, 7.297404626597501 ], [ 79.884344003184893, 7.296819965393696 ], [ 79.882762476642398, 7.297290314714364 ], [ 79.881372947320813, 7.297211348945971 ], [ 79.881263605748089, 7.297205134987003 ], [ 79.881307601661192, 7.297248058109035 ], [ 79.882452988674927, 7.299623340429338 ], [ 79.883518504710395, 7.301092261313596 ], [ 79.884395800019959, 7.30222307315871 ], [ 79.88467471909793, 7.302223621273718 ], [ 79.885243467800905, 7.302224738410566 ], [ 79.885598237215575, 7.302580359354224 ], [ 79.886094706157806, 7.30318470498023 ], [ 79.886236055162954, 7.30361089187159 ], [ 79.886661989445841, 7.30393115833847 ], [ 79.887088065723503, 7.30418044146051 ], [ 79.887514419684564, 7.304287754568922 ], [ 79.887703245969291, 7.304277034445177 ], [ 79.888118788234252, 7.304253445613646 ], [ 79.889007950465555, 7.304006738420045 ], [ 79.889648074577352, 7.303866019565325 ], [ 79.890430594329175, 7.303619100963808 ], [ 79.890964562737778, 7.303229725654233 ], [ 79.891249632599838, 7.302875357701241 ], [ 79.891712922758344, 7.302272888794072 ], [ 79.891820812614483, 7.301634233265557 ], [ 79.891894542504431, 7.30028566274467 ], [ 79.89203797715976, 7.29964707626879 ], [ 79.892146073475786, 7.298901944862137 ], [ 79.892146836080244, 7.29851152951387 ], [ 79.892084606661527, 7.298365765954739 ], [ 79.891934526752181, 7.298014220501288 ], [ 79.891843609704964, 7.297795148107942 ], [ 79.889611101441247, 7.297619378511825 ], [ 79.887398678809561, 7.297404626597501 ] ] ] ] } },
{ "type": "Feature", "properties": { "OBJECTID_1": 447, "PROVINCE_N": "North Western", "DISTRICT_N": "Puttalam", "DSD_N": "Dankotuwa", "GND_N": "Dankotuwa West", "GND_C": "474C", "TOTAL_POPU": 1364, "EXIS_COVE": "YES", "SUP_LEV": null, "SCH_NAME": null, "RWS_SCHE": null, "PROJ_DETAI": "PROCU", "WATER_SOUR": "Maa Oya", "PROJ_NAME": "Dankotuwa (Phase 1)", "COVER_PER": 100, "P_POP": 1203, "GRO_RATE": 1.2, "COVE_2018": 75.0, "WATER_QUAL": "COMPLIED", "COVE_2020": 75.0, "COVE_2025": 100.0, "COVE_2030": 100.0, "Shape_Leng": null, "Shape_Area": null, "OBJECTID_2": 1886, "OBJECTID_3": 1886, "OBJECTID": 12750, "EX_SCH_NAM": "Dankotuwa wss", "RWS_Name": "<Null>", "SUP_LEVEL": "24", "layer": "Sche_Puttlam", "path": "C:/Users/MB/Downloads/New folder (2)/Sem 05/Advanced GIS and Remote Sensing for Planning/WEB MAP/Shape Files/Shape Files/WSS Shape Files/Sche_Puttlam.shp" }, "geometry": { "type": "MultiPolygon", "coordinates": [ [ [ [ 79.887703245969291, 7.304277034445177 ], [ 79.887514419684564, 7.304287754568922 ], [ 79.887088065723503, 7.30418044146051 ], [ 79.886661989445841, 7.30393115833847 ], [ 79.886236055162954, 7.30361089187159 ], [ 79.886094706157806, 7.30318470498023 ], [ 79.885598237215575, 7.302580359354224 ], [ 79.885243467800905, 7.302224738410566 ], [ 79.88467471909793, 7.302223621273718 ], [ 79.884395800019959, 7.30222307315871 ], [ 79.883518504710395, 7.301092261313596 ], [ 79.882452988674927, 7.299623340429338 ], [ 79.881307601661192, 7.297248058109035 ], [ 79.881263605748089, 7.297205134987003 ], [ 79.880389411400756, 7.296352254801499 ], [ 79.879524373144889, 7.294817049958096 ], [ 79.878054798143722, 7.295080842082045 ], [ 79.87638542756514, 7.29507753764672 ], [ 79.874487229445947, 7.294963053845793 ], [ 79.874350171513328, 7.294988861453593 ], [ 79.874228142881606, 7.295036259442726 ], [ 79.874063745069208, 7.295062400559888 ], [ 79.873910001467181, 7.295062095132624 ], [ 79.873734980157749, 7.2950988013562 ], [ 79.873522899631496, 7.295108967106369 ], [ 79.873395663802199, 7.295108714189327 ], [ 79.873231308180522, 7.295113680600568 ], [ 79.873065100882769, 7.295102196836602 ], [ 79.872992946355126, 7.295634438878898 ], [ 79.872849628136123, 7.296202030831278 ], [ 79.872707018771436, 7.296414700746412 ], [ 79.872422011299633, 7.296733565350319 ], [ 79.872492253690538, 7.29715961242281 ], [ 79.872561929270987, 7.297869597738762 ], [ 79.872702909605266, 7.298473247712132 ], [ 79.872986288913225, 7.29897070377994 ], [ 79.873199213998191, 7.29914858954951 ], [ 79.873257738187306, 7.299197481953053 ], [ 79.873543179844788, 7.29921997736855 ], [ 79.874058443142246, 7.299188850347573 ], [ 79.874477041894195, 7.299189682136287 ], [ 79.874959528457481, 7.299447847348002 ], [ 79.874958952134406, 7.299737204588734 ], [ 79.874989806939311, 7.300412435111193 ], [ 79.875085126058579, 7.301055641301859 ], [ 79.87514882195353, 7.301409427219997 ], [ 79.875340934548845, 7.301956374002997 ], [ 79.875565375380546, 7.302439082956497 ], [ 79.876047481140546, 7.302890152625573 ], [ 79.876593861528235, 7.303405650426563 ], [ 79.877076098120938, 7.303792417496092 ], [ 79.877365069299003, 7.304210951764262 ], [ 79.877428895880428, 7.304500436750975 ], [ 79.877468922924734, 7.304520518715596 ], [ 79.877879252824727, 7.304726385450108 ], [ 79.878426339759287, 7.304888222316405 ], [ 79.878941353834605, 7.304985694908672 ], [ 79.879520770061902, 7.30508329336302 ], [ 79.880100376875234, 7.305084438877066 ], [ 79.880808912159139, 7.30502153614111 ], [ 79.881034506045594, 7.304925528810865 ], [ 79.881388709969002, 7.30492622773214 ], [ 79.882064918790661, 7.3049275612671 ], [ 79.882451068659407, 7.305056926482393 ], [ 79.882837473779674, 7.305057687730143 ], [ 79.883513555215274, 7.305123320056729 ], [ 79.883932161475329, 7.305124143749882 ], [ 79.884447494804419, 7.305060856034173 ], [ 79.884994965665371, 7.305029780562508 ], [ 79.885542373201901, 7.305030855809595 ], [ 79.885864187651904, 7.305127940373827 ], [ 79.886475806729706, 7.305225594210987 ], [ 79.886797810410471, 7.305226225747973 ], [ 79.88708755170633, 7.305258944438316 ], [ 79.887383247135148, 7.305259523987951 ], [ 79.887703245969291, 7.304277034445177 ] ] ] ] } },
{ "type": "Feature", "properties": { "OBJECTID_1": 448, "PROVINCE_N": "North Western", "DISTRICT_N": "Puttalam", "DSD_N": "Dankotuwa", "GND_N": "Ihala Dummalakotuwa", "GND_C": "474D", "TOTAL_POPU": 895, "EXIS_COVE": "YES", "SUP_LEV": null, "SCH_NAME": null, "RWS_SCHE": null, "PROJ_DETAI": "PROCU", "WATER_SOUR": "Maa Oya", "PROJ_NAME": "Dankotuwa (Phase 1)", "COVER_PER": 75, "P_POP": 814, "GRO_RATE": 1.2, "COVE_2018": 25.0, "WATER_QUAL": "COMPLIED", "COVE_2020": 25.0, "COVE_2025": 75.0, "COVE_2030": 75.0, "Shape_Leng": null, "Shape_Area": null, "OBJECTID_2": 1890, "OBJECTID_3": 1890, "OBJECTID": 12753, "EX_SCH_NAM": "Dankotuwa wss", "RWS_Name": "<Null>", "SUP_LEVEL": "24", "layer": "Sche_Puttlam", "path": "C:/Users/MB/Downloads/New folder (2)/Sem 05/Advanced GIS and Remote Sensing for Planning/WEB MAP/Shape Files/Shape Files/WSS Shape Files/Sche_Puttlam.shp" }, "geometry": { "type": "MultiPolygon", "coordinates": [ [ [ [ 79.896343369233549, 7.306006255773395 ], [ 79.896687936411254, 7.305854174560524 ], [ 79.897377640340466, 7.305702545817918 ], [ 79.897760643444414, 7.305703287758901 ], [ 79.898028522830387, 7.30581853075835 ], [ 79.898487978294298, 7.305895902964876 ], [ 79.898679628412268, 7.305819790945463 ], [ 79.898815831966004, 7.305622977212678 ], [ 79.89810640392264, 7.304840768788147 ], [ 79.897361500114016, 7.304022998143208 ], [ 79.896687486137665, 7.303311840991335 ], [ 79.896332776350221, 7.302920735158163 ], [ 79.89569417446917, 7.30228063170085 ], [ 79.894700797276997, 7.301284912302672 ], [ 79.893885227882762, 7.30025404334801 ], [ 79.892856728011978, 7.299045297775913 ], [ 79.892084606661527, 7.298365765954739 ], [ 79.892146836080244, 7.29851152951387 ], [ 79.892146073475786, 7.298901944862137 ], [ 79.89203797715976, 7.29964707626879 ], [ 79.891894542504431, 7.30028566274467 ], [ 79.891820812614483, 7.301634233265557 ], [ 79.891712922758344, 7.302272888794072 ], [ 79.891249632599838, 7.302875357701241 ], [ 79.890964562737778, 7.303229725654233 ], [ 79.890430594329175, 7.303619100963808 ], [ 79.889648074577352, 7.303866019565325 ], [ 79.889007950465555, 7.304006738420045 ], [ 79.888118788234252, 7.304253445613646 ], [ 79.887703245969291, 7.304277034445177 ], [ 79.887383247135148, 7.305259523987951 ], [ 79.887506157593535, 7.305259764829877 ], [ 79.88782822545997, 7.305228245128853 ], [ 79.888086144777034, 7.305067995247948 ], [ 79.88856896327809, 7.305165393174848 ], [ 79.888988009913732, 7.304941155841942 ], [ 79.889310329801233, 7.304781031150395 ], [ 79.889664850465053, 7.304620969134846 ], [ 79.889922453827154, 7.304621472522173 ], [ 79.890147353151789, 7.304879120710662 ], [ 79.890243387440037, 7.305168666874045 ], [ 79.890436401965687, 7.305265496705248 ], [ 79.890822933100054, 7.305201950068594 ], [ 79.890919912972379, 7.305009232704085 ], [ 79.891145945782114, 7.304688163586467 ], [ 79.891307261738348, 7.304527723191694 ], [ 79.89140430323215, 7.304302855133468 ], [ 79.891533922922932, 7.3038851447795 ], [ 79.891760205246243, 7.303435471231519 ], [ 79.892082209917604, 7.303436098848733 ], [ 79.892436162442309, 7.303565392968619 ], [ 79.892628800044363, 7.303855126959768 ], [ 79.89272458462122, 7.304273277691724 ], [ 79.892916844979979, 7.30475591763569 ], [ 79.892947977521445, 7.305302546055305 ], [ 79.892786033615877, 7.305784496185869 ], [ 79.892463084574473, 7.30626613249663 ], [ 79.892403746384844, 7.306400837726533 ], [ 79.892486978741474, 7.30635603220624 ], [ 79.893341012428493, 7.305896294437102 ], [ 79.893590258169112, 7.305683823909501 ], [ 79.894159289559511, 7.30554296042774 ], [ 79.894870716306542, 7.305295896844107 ], [ 79.895261804264436, 7.305261163048264 ], [ 79.895794735672951, 7.305404168284404 ], [ 79.896043082011943, 7.305653097763053 ], [ 79.896326837797119, 7.305973081091814 ], [ 79.896343369233549, 7.306006255773395 ] ] ] ] } },
{ "type": "Feature", "properties": { "OBJECTID_1": 449, "PROVINCE_N": "North Western", "DISTRICT_N": "Puttalam", "DSD_N": "Wennappuwa", "GND_N": "Mirissankotuwa South", "GND_C": "487A", "TOTAL_POPU": 880, "EXIS_COVE": "YES", "SUP_LEV": null, "SCH_NAME": null, "RWS_SCHE": null, "PROJ_DETAI": "PROCU", "WATER_SOUR": "Maa Oya", "PROJ_NAME": "Dankotuwa (Phase 1)", "COVER_PER": 100, "P_POP": 1229, "GRO_RATE": 1.2, "COVE_2018": 75.0, "WATER_QUAL": "COMPLIED", "COVE_2020": 75.0, "COVE_2025": 100.0, "COVE_2030": 100.0, "Shape_Leng": null, "Shape_Area": null, "OBJECTID_2": 1891, "OBJECTID_3": 1891, "OBJECTID": 12754, "EX_SCH_NAM": "Dankotuwa wss", "RWS_Name": "<Null>", "SUP_LEVEL": "24", "layer": "Sche_Puttlam", "path": "C:/Users/MB/Downloads/New folder (2)/Sem 05/Advanced GIS and Remote Sensing for Planning/WEB MAP/Shape Files/Shape Files/WSS Shape Files/Sche_Puttlam.shp" }, "geometry": { "type": "MultiPolygon", "coordinates": [ [ [ [ 79.863967862012089, 7.298686420210836 ], [ 79.863819857118699, 7.298686122733343 ], [ 79.862467336225563, 7.298747703783606 ], [ 79.861726481623947, 7.298874815243238 ], [ 79.861114425354941, 7.299002184227347 ], [ 79.860502238707454, 7.299193854695584 ], [ 79.86001898141339, 7.299321481944085 ], [ 79.860000833487319, 7.299332304670592 ], [ 79.859535399127935, 7.299609861777075 ], [ 79.859084079998681, 7.299866156726379 ], [ 79.85847189251551, 7.300057823279708 ], [ 79.857923972151525, 7.300313920658153 ], [ 79.857182462323891, 7.300762530220103 ], [ 79.856795802258418, 7.300890349324402 ], [ 79.856312607903305, 7.300985822910175 ], [ 79.855765144289521, 7.301016863051271 ], [ 79.855314150144949, 7.301112399939448 ], [ 79.854927358470576, 7.301304519589025 ], [ 79.854733635489467, 7.301561331726452 ], [ 79.854507580773372, 7.301882379671824 ], [ 79.854249063066547, 7.302331964684582 ], [ 79.853894208189814, 7.302652749532176 ], [ 79.853683944917279, 7.302912440735859 ], [ 79.853700287243555, 7.303006013496775 ], [ 79.853731568705754, 7.303456186406184 ], [ 79.853730584871457, 7.303938445839311 ], [ 79.853890995016116, 7.304228127844574 ], [ 79.854115805766938, 7.304517941659826 ], [ 79.854405147459943, 7.304743584066921 ], [ 79.854791287216614, 7.304872971961131 ], [ 79.855145488522879, 7.304873691472931 ], [ 79.855435224797915, 7.304906431083854 ], [ 79.855724698402497, 7.305067771404427 ], [ 79.8558852420352, 7.30529315245011 ], [ 79.856629857154005, 7.304980325983189 ], [ 79.856829817961142, 7.30488100622419 ], [ 79.8572792723063, 7.30488191715257 ], [ 79.858178182980467, 7.304883737670566 ], [ 79.859226910881688, 7.304885859342951 ], [ 79.859826185272837, 7.304887070635701 ], [ 79.860675257338286, 7.304838922832708 ], [ 79.861674249157062, 7.304741212185845 ], [ 79.862772917991464, 7.304743426277665 ], [ 79.863221165580583, 7.30534268274504 ], [ 79.864068930189944, 7.305942743599116 ], [ 79.864817020004367, 7.306442875589893 ], [ 79.865143903565354, 7.306532594725978 ], [ 79.865147292560451, 7.306075487020448 ], [ 79.865148897850787, 7.305278906816175 ], [ 79.86530009187257, 7.304482626132642 ], [ 79.865451184921014, 7.303736131858709 ], [ 79.865602578953045, 7.302840278681039 ], [ 79.865504958808728, 7.301794566210768 ], [ 79.865207686870463, 7.300848026474227 ], [ 79.864711067039266, 7.299851298663846 ], [ 79.864114523230342, 7.298953944146636 ], [ 79.863967862012089, 7.298686420210836 ] ] ] ] } },
{ "type": "Feature", "properties": { "OBJECTID_1": 450, "PROVINCE_N": "North Western", "DISTRICT_N": "Puttalam", "DSD_N": "Dankotuwa", "GND_N": "Meda Gonavila", "GND_C": "477B", "TOTAL_POPU": 936, "EXIS_COVE": "YES", "SUP_LEV": null, "SCH_NAME": null, "RWS_SCHE": null, "PROJ_DETAI": "PROCU", "WATER_SOUR": "Maa Oya", "PROJ_NAME": "Dankotuwa (Phase 1)", "COVER_PER": 75, "P_POP": 951, "GRO_RATE": 1.2, "COVE_2018": 50.0, "WATER_QUAL": "COMPLIED", "COVE_2020": 50.0, "COVE_2025": 75.0, "COVE_2030": 75.0, "Shape_Leng": null, "Shape_Area": null, "OBJECTID_2": 1892, "OBJECTID_3": 1892, "OBJECTID": 12755, "EX_SCH_NAM": "Dankotuwa wss", "RWS_Name": "<Null>", "SUP_LEVEL": "24", "layer": "Sche_Puttlam", "path": "C:/Users/MB/Downloads/New folder (2)/Sem 05/Advanced GIS and Remote Sensing for Planning/WEB MAP/Shape Files/Shape Files/WSS Shape Files/Sche_Puttlam.shp" }, "geometry": { "type": "MultiPolygon", "coordinates": [ [ [ [ 79.87808007004017, 7.307528239892907 ], [ 79.878098503220556, 7.307421712225496 ], [ 79.878163616098121, 7.307045421109234 ], [ 79.878164311552268, 7.306695351611415 ], [ 79.878024971262889, 7.306239984048547 ], [ 79.877850500827847, 7.305819553784961 ], [ 79.877570778744129, 7.305433922758172 ], [ 79.877501492142656, 7.305013700822368 ], [ 79.877468922924734, 7.304520518715596 ], [ 79.877428895880428, 7.304500436750975 ], [ 79.877365069299003, 7.304210951764262 ], [ 79.877076098120938, 7.303792417496092 ], [ 79.876593861528235, 7.303405650426563 ], [ 79.876047481140546, 7.302890152625573 ], [ 79.875565375380546, 7.302439082956497 ], [ 79.875340934548845, 7.301956374002997 ], [ 79.87514882195353, 7.301409427219997 ], [ 79.875085126058579, 7.301055641301859 ], [ 79.874989806939311, 7.300412435111193 ], [ 79.874958952134406, 7.299737204588734 ], [ 79.874959528457481, 7.299447847348002 ], [ 79.874477041894195, 7.299189682136287 ], [ 79.874058443142246, 7.299188850347573 ], [ 79.873543179844788, 7.29921997736855 ], [ 79.873257738187306, 7.299197481953053 ], [ 79.873124645336759, 7.299186993419755 ], [ 79.872867623887672, 7.298897124647761 ], [ 79.87248167455121, 7.298671300123981 ], [ 79.872030683395721, 7.298766854444364 ], [ 79.871740499585883, 7.298959181156 ], [ 79.871386108439367, 7.299054927256377 ], [ 79.870806768084933, 7.298925169129302 ], [ 79.87016302735725, 7.298795281755654 ], [ 79.869551551907321, 7.29863330566231 ], [ 79.868714679892662, 7.298470879143998 ], [ 79.867652085359552, 7.298468753572485 ], [ 79.866879095889075, 7.298563658938719 ], [ 79.866138501481785, 7.298562174718659 ], [ 79.865429911633683, 7.298657205753861 ], [ 79.864624851930969, 7.298687740120359 ], [ 79.863967862012089, 7.298686420210836 ], [ 79.864114523230342, 7.298953944146636 ], [ 79.864711067039266, 7.299851298663846 ], [ 79.865207686870463, 7.300848026474227 ], [ 79.865504958808728, 7.301794566210768 ], [ 79.865602578953045, 7.302840278681039 ], [ 79.865451184921014, 7.303736131858709 ], [ 79.86530009187257, 7.304482626132642 ], [ 79.865148897850787, 7.305278906816175 ], [ 79.865147292560451, 7.306075487020448 ], [ 79.865143903565354, 7.306532594725978 ], [ 79.865044756572104, 7.307469302575588 ], [ 79.865089481146128, 7.308448561539744 ], [ 79.865373357039132, 7.308232138048212 ], [ 79.865727199391799, 7.307946262643595 ], [ 79.86614719105556, 7.307704610023063 ], [ 79.866699700958407, 7.30744117854862 ], [ 79.86711947001136, 7.307309750308387 ], [ 79.867759764044678, 7.307311033700182 ], [ 79.868400057287857, 7.307312316181725 ], [ 79.86895172497249, 7.307467735792771 ], [ 79.869636222211227, 7.307447059813295 ], [ 79.870497307305811, 7.30744878077054 ], [ 79.871269900051104, 7.307538504252333 ], [ 79.871998511188153, 7.307539957934122 ], [ 79.87268300806025, 7.307519276421453 ], [ 79.873367638000218, 7.30743246031096 ], [ 79.873699176945209, 7.307256759594466 ], [ 79.873832047529163, 7.307058617151025 ], [ 79.874053278848251, 7.306838607059182 ], [ 79.874539019810271, 7.306839573223611 ], [ 79.875046839154209, 7.306840582744001 ], [ 79.875599124460535, 7.306687364362124 ], [ 79.876129066895075, 7.306666371357159 ], [ 79.876570517888126, 7.306733382175602 ], [ 79.877011749805916, 7.306910618293863 ], [ 79.877408778878106, 7.307109812539541 ], [ 79.877673377499463, 7.307286697017156 ], [ 79.877805502531231, 7.307463320702554 ], [ 79.877959925085776, 7.307529761456088 ], [ 79.87808007004017, 7.307528239892907 ] ] ] ] } },
{ "type": "Feature", "properties": { "OBJECTID_1": 451, "PROVINCE_N": "North Western", "DISTRICT_N": "Puttalam", "DSD_N": "Wennappuwa", "GND_N": "Mirissankotuwa North", "GND_C": "487", "TOTAL_POPU": 623, "EXIS_COVE": "YES", "SUP_LEV": null, "SCH_NAME": null, "RWS_SCHE": null, "PROJ_DETAI": "PROCU", "WATER_SOUR": "Maa Oya", "PROJ_NAME": "Dankotuwa (Phase 1)", "COVER_PER": 75, "P_POP": 729, "GRO_RATE": 1.2, "COVE_2018": 50.0, "WATER_QUAL": "COMPLIED", "COVE_2020": 50.0, "COVE_2025": 75.0, "COVE_2030": 75.0, "Shape_Leng": null, "Shape_Area": null, "OBJECTID_2": 1897, "OBJECTID_3": 1897, "OBJECTID": 12758, "EX_SCH_NAM": "Dankotuwa wss", "RWS_Name": "<Null>", "SUP_LEVEL": "24", "layer": "Sche_Puttlam", "path": "C:/Users/MB/Downloads/New folder (2)/Sem 05/Advanced GIS and Remote Sensing for Planning/WEB MAP/Shape Files/Shape Files/WSS Shape Files/Sche_Puttlam.shp" }, "geometry": { "type": "MultiPolygon", "coordinates": [ [ [ [ 79.860333958061787, 7.310146028731897 ], [ 79.860738851138322, 7.310052075610924 ], [ 79.861090938847056, 7.309935684627252 ], [ 79.861231867839734, 7.309842287516076 ], [ 79.861631296237704, 7.309515207909912 ], [ 79.862123932990556, 7.309492781290434 ], [ 79.862757879817394, 7.309189593870967 ], [ 79.863204077078052, 7.308932868178317 ], [ 79.863485603387232, 7.308910014715334 ], [ 79.864002028139936, 7.308723690835905 ], [ 79.864307153678538, 7.308630623031021 ], [ 79.864588869712307, 7.308514087492888 ], [ 79.865056285315603, 7.308473870123711 ], [ 79.865089481146128, 7.308448561539744 ], [ 79.865044756572104, 7.307469302575588 ], [ 79.865143903565354, 7.306532594725978 ], [ 79.864817020004367, 7.306442875589893 ], [ 79.864068930189944, 7.305942743599116 ], [ 79.863221165580583, 7.30534268274504 ], [ 79.862772917991464, 7.304743426277665 ], [ 79.861674249157062, 7.304741212185845 ], [ 79.860675257338286, 7.304838922832708 ], [ 79.859826185272837, 7.304887070635701 ], [ 79.859226910881688, 7.304885859342951 ], [ 79.858178182980467, 7.304883737670566 ], [ 79.8572792723063, 7.30488191715257 ], [ 79.856829817961142, 7.30488100622419 ], [ 79.856629857154005, 7.304980325983189 ], [ 79.8558852420352, 7.30529315245011 ], [ 79.855798554425363, 7.305592197165369 ], [ 79.855773952606455, 7.306154236382217 ], [ 79.855772569574853, 7.306833424615358 ], [ 79.855842128333606, 7.307231712292563 ], [ 79.855958266434101, 7.307794037186599 ], [ 79.856215239591862, 7.308309807162541 ], [ 79.856237694888904, 7.308801680749064 ], [ 79.856166466709112, 7.309223103029507 ], [ 79.856142437796748, 7.309504098814738 ], [ 79.856024391412291, 7.309878584323832 ], [ 79.856024200609212, 7.30997226635598 ], [ 79.856516933639767, 7.309903005390714 ], [ 79.85700966658419, 7.309833743867959 ], [ 79.857408382277029, 7.309857972749162 ], [ 79.857853678164673, 7.310046238405103 ], [ 79.858205433227084, 7.310093790935511 ], [ 79.858674234029294, 7.310258683969268 ], [ 79.85900262781233, 7.310259348719011 ], [ 79.85949526606602, 7.310236925090964 ], [ 79.859800297310002, 7.310190701194777 ], [ 79.860081873626399, 7.310144429671968 ], [ 79.860333958061787, 7.310146028731897 ] ] ] ] } },
{ "type": "Feature", "properties": { "OBJECTID_1": 452, "PROVINCE_N": "North Western", "DISTRICT_N": "Puttalam", "DSD_N": "Wennappuwa", "GND_N": "Nainamadama East", "GND_C": "485", "TOTAL_POPU": 1032, "EXIS_COVE": "YES", "SUP_LEV": null, "SCH_NAME": null, "RWS_SCHE": null, "PROJ_DETAI": "PROCU", "WATER_SOUR": "Maa Oya", "PROJ_NAME": "Dankotuwa (Phase 1)", "COVER_PER": 75, "P_POP": 1259, "GRO_RATE": 1.2, "COVE_2018": 25.0, "WATER_QUAL": "COMPLIED", "COVE_2020": 25.0, "COVE_2025": 75.0, "COVE_2030": 75.0, "Shape_Leng": null, "Shape_Area": null, "OBJECTID_2": 1899, "OBJECTID_3": 1899, "OBJECTID": 12759, "EX_SCH_NAM": "Dankotuwa wss", "RWS_Name": "<Null>", "SUP_LEVEL": "24", "layer": "Sche_Puttlam", "path": "C:/Users/MB/Downloads/New folder (2)/Sem 05/Advanced GIS and Remote Sensing for Planning/WEB MAP/Shape Files/Shape Files/WSS Shape Files/Sche_Puttlam.shp" }, "geometry": { "type": "MultiPolygon", "coordinates": [ [ [ [ 79.856024200609212, 7.30997226635598 ], [ 79.856024391412291, 7.309878584323832 ], [ 79.856142437796748, 7.309504098814738 ], [ 79.856166466709112, 7.309223103029507 ], [ 79.856237694888904, 7.308801680749064 ], [ 79.856215239591862, 7.308309807162541 ], [ 79.855958266434101, 7.307794037186599 ], [ 79.855842128333606, 7.307231712292563 ], [ 79.855772569574853, 7.306833424615358 ], [ 79.855773952606455, 7.306154236382217 ], [ 79.855798554425363, 7.305592197165369 ], [ 79.8558852420352, 7.30529315245011 ], [ 79.855724698402497, 7.305067771404427 ], [ 79.855435224797915, 7.304906431083854 ], [ 79.855145488522879, 7.304873691472931 ], [ 79.854791287216614, 7.304872971961131 ], [ 79.854405147459943, 7.304743584066921 ], [ 79.854115805766938, 7.304517941659826 ], [ 79.853890995016116, 7.304228127844574 ], [ 79.853730584871457, 7.303938445839311 ], [ 79.853731568705754, 7.303456186406184 ], [ 79.853700287243555, 7.303006013496775 ], [ 79.853683944917279, 7.302912440735859 ], [ 79.853604801516298, 7.302459257182014 ], [ 79.853541386142936, 7.301976867672223 ], [ 79.85350990712918, 7.301623146283212 ], [ 79.853381697489311, 7.301333528843937 ], [ 79.853124624388997, 7.301075800485424 ], [ 79.852866762257747, 7.301203878966689 ], [ 79.85257670048091, 7.301331890830064 ], [ 79.852093439624696, 7.301459509922889 ], [ 79.851739438442308, 7.301362335966617 ], [ 79.851449903075661, 7.30123314372885 ], [ 79.851289428794274, 7.300975611334299 ], [ 79.851128956496339, 7.300718078906431 ], [ 79.850807484470408, 7.300460218130354 ], [ 79.850614022013858, 7.300588425719152 ], [ 79.850323697876561, 7.300845039543188 ], [ 79.850290510351812, 7.301327231048011 ], [ 79.850321394476524, 7.301970307572253 ], [ 79.850255875487093, 7.302516735482254 ], [ 79.850093888188113, 7.302998664881105 ], [ 79.84977083458584, 7.303512416429601 ], [ 79.849608978068702, 7.303930044281029 ], [ 79.849349993929408, 7.304604678661998 ], [ 79.849059269786892, 7.305054193092119 ], [ 79.848929546640306, 7.305504037421668 ], [ 79.848639019335408, 7.30585710006092 ], [ 79.848348425565518, 7.306242313509125 ], [ 79.848057898205468, 7.30659537655187 ], [ 79.847992771306025, 7.306948899981172 ], [ 79.847862782177771, 7.307527345261967 ], [ 79.847732989891895, 7.308009339103976 ], [ 79.84757073299204, 7.308619869279601 ], [ 79.847472678265561, 7.309326982629107 ], [ 79.847407285868414, 7.309809107292072 ], [ 79.847277624362576, 7.310226800533144 ], [ 79.84717976688394, 7.31083746144754 ], [ 79.847178775017966, 7.311319718926099 ], [ 79.847178245995664, 7.311576922729566 ], [ 79.847241986039876, 7.311898559759832 ], [ 79.847434726386879, 7.312124009542805 ], [ 79.847732347815082, 7.311962780462687 ], [ 79.84809219357065, 7.311707259505416 ], [ 79.8485543849023, 7.311605702557206 ], [ 79.848965035675562, 7.311606543146049 ], [ 79.849298635744987, 7.311632851393301 ], [ 79.849504171483375, 7.311530769205222 ], [ 79.849761248266347, 7.311326287861766 ], [ 79.849890101876795, 7.311070292911645 ], [ 79.849967676143336, 7.310788567428453 ], [ 79.850019901032852, 7.310353035239795 ], [ 79.850072334989889, 7.309814998997743 ], [ 79.850150277400573, 7.309353893638478 ], [ 79.850202605905366, 7.308867108435974 ], [ 79.85028065291506, 7.308354751883342 ], [ 79.850307210775995, 7.307919166211525 ], [ 79.850436010381173, 7.30768879646546 ], [ 79.850615982839969, 7.307535409959289 ], [ 79.851052452741285, 7.30745942298831 ], [ 79.851386102517822, 7.30746010376042 ], [ 79.851693930735053, 7.307537609558223 ], [ 79.851847398922558, 7.307794180173937 ], [ 79.851846717512572, 7.308127315284056 ], [ 79.852000134446499, 7.308409512352857 ], [ 79.852307700575324, 7.308615146583527 ], [ 79.852666284282748, 7.308974638674147 ], [ 79.853076303969061, 7.309282984848791 ], [ 79.853409379575041, 7.309565547466504 ], [ 79.853845328214135, 7.309745815610093 ], [ 79.854127335390714, 7.309900145404451 ], [ 79.854512162120386, 7.309977805284468 ], [ 79.854845814090638, 7.309978483730494 ], [ 79.855230536607948, 7.310107395107119 ], [ 79.855538576457576, 7.31008239530312 ], [ 79.855743952850133, 7.310057186781051 ], [ 79.856024200609212, 7.30997226635598 ] ] ] ] } },
{ "type": "Feature", "properties": { "OBJECTID_1": 453, "PROVINCE_N": "North Western", "DISTRICT_N": "Puttalam", "DSD_N": "Wennappuwa", "GND_N": "Nainamadama West", "GND_C": "486", "TOTAL_POPU": 1226, "EXIS_COVE": "YES", "SUP_LEV": null, "SCH_NAME": null, "RWS_SCHE": null, "PROJ_DETAI": "PROCU", "WATER_SOUR": "Bore Hole", "PROJ_NAME": "Dankotuwa (Phase 1)", "COVER_PER": 100, "P_POP": 2028, "GRO_RATE": 1.2, "COVE_2018": 25.0, "WATER_QUAL": "COMPLIED", "COVE_2020": 25.0, "COVE_2025": 100.0, "COVE_2030": 100.0, "Shape_Leng": null, "Shape_Area": null, "OBJECTID_2": 1901, "OBJECTID_3": 1901, "OBJECTID": 12760, "EX_SCH_NAM": "Naththandiya WSS", "RWS_Name": "<Null>", "SUP_LEVEL": "24", "layer": "Sche_Puttlam", "path": "C:/Users/MB/Downloads/New folder (2)/Sem 05/Advanced GIS and Remote Sensing for Planning/WEB MAP/Shape Files/Shape Files/WSS Shape Files/Sche_Puttlam.shp" }, "geometry": { "type": "MultiPolygon", "coordinates": [ [ [ [ 79.847434726386879, 7.312124009542805 ], [ 79.847241986039876, 7.311898559759832 ], [ 79.847178245995664, 7.311576922729566 ], [ 79.847178775017966, 7.311319718926099 ], [ 79.84717976688394, 7.31083746144754 ], [ 79.847277624362576, 7.310226800533144 ], [ 79.847407285868414, 7.309809107292072 ], [ 79.847472678265561, 7.309326982629107 ], [ 79.84757073299204, 7.308619869279601 ], [ 79.847732989891895, 7.308009339103976 ], [ 79.847862782177771, 7.307527345261967 ], [ 79.847992771306025, 7.306948899981172 ], [ 79.848057898205468, 7.30659537655187 ], [ 79.848348425565518, 7.306242313509125 ], [ 79.848639019335408, 7.30585710006092 ], [ 79.848929546640306, 7.305504037421668 ], [ 79.849059269786892, 7.305054193092119 ], [ 79.849349993929408, 7.304604678661998 ], [ 79.849608978068702, 7.303930044281029 ], [ 79.84977083458584, 7.303512416429601 ], [ 79.850093888188113, 7.302998664881105 ], [ 79.850255875487093, 7.302516735482254 ], [ 79.850321394476524, 7.301970307572253 ], [ 79.850290510351812, 7.301327231048011 ], [ 79.850323697876561, 7.300845039543188 ], [ 79.85026751063117, 7.30073922045549 ], [ 79.849504463548001, 7.29986490530459 ], [ 79.849488543784688, 7.299846663298205 ], [ 79.849199141012491, 7.299653168562127 ], [ 79.848748674960703, 7.299491493936981 ], [ 79.848426809730469, 7.299426535435324 ], [ 79.848137275853105, 7.299297340431164 ], [ 79.847912339586003, 7.299071826509576 ], [ 79.847493942931379, 7.29897451783805 ], [ 79.847268545125161, 7.298974056547667 ], [ 79.847075083446967, 7.299102263488221 ], [ 79.846753085885467, 7.299101604156142 ], [ 79.846463355529139, 7.299068860416405 ], [ 79.846045155830765, 7.298875099102514 ], [ 79.845691290746942, 7.298713620529754 ], [ 79.845369757472326, 7.298487906568349 ], [ 79.845168869878847, 7.298372742006965 ], [ 79.844725302082011, 7.298711638996079 ], [ 79.84424144695268, 7.299128603631874 ], [ 79.843725126572323, 7.299674103761372 ], [ 79.843466733902403, 7.300059379408482 ], [ 79.843047075932873, 7.300572926937753 ], [ 79.8427566817616, 7.300861684562044 ], [ 79.842176555313543, 7.301117696236749 ], [ 79.841789427339918, 7.301470555337653 ], [ 79.841080234207112, 7.301854901402755 ], [ 79.840790236991097, 7.301950755125556 ], [ 79.840436039425924, 7.301950024638669 ], [ 79.839920841962254, 7.301948961614193 ], [ 79.839663043072278, 7.302044881027941 ], [ 79.839582430844089, 7.302024581943471 ], [ 79.839586560948788, 7.302048742240236 ], [ 79.839665313137971, 7.302892857769669 ], [ 79.839744314223836, 7.303616408457573 ], [ 79.839822483038901, 7.304741840100078 ], [ 79.840102486145767, 7.305586371132952 ], [ 79.840221155675096, 7.306591321041429 ], [ 79.840339825450286, 7.30759627274993 ], [ 79.840136410280792, 7.308640746010258 ], [ 79.839972992879922, 7.30980586697232 ], [ 79.839769075327609, 7.311091468416123 ], [ 79.839735957164933, 7.311665226488587 ], [ 79.840210415627979, 7.311775579324229 ], [ 79.840773757693313, 7.311857119718292 ], [ 79.841417768198099, 7.311858448980214 ], [ 79.842021527929134, 7.311859694327644 ], [ 79.842384033459496, 7.31173987626932 ], [ 79.842947542303577, 7.311741037391956 ], [ 79.843792474778581, 7.311903530994837 ], [ 79.844355736205657, 7.312025254427209 ], [ 79.845120665234148, 7.311946450135347 ], [ 79.845965846806507, 7.311988374807985 ], [ 79.846690194948422, 7.312070237627722 ], [ 79.847213289500175, 7.312151687584526 ], [ 79.847398338818351, 7.31217846933801 ], [ 79.847434726386879, 7.312124009542805 ] ] ] ] } },
{ "type": "Feature", "properties": { "OBJECTID_1": 454, "PROVINCE_N": "North Western", "DISTRICT_N": "Puttalam", "DSD_N": "Dankotuwa", "GND_N": "Katukenda East", "GND_C": "475", "TOTAL_POPU": 1756, "EXIS_COVE": "YES", "SUP_LEV": null, "SCH_NAME": null, "RWS_SCHE": null, "PROJ_DETAI": "PROCU", "WATER_SOUR": "Maa Oya", "PROJ_NAME": "Dankotuwa (Phase 1)", "COVER_PER": 75, "P_POP": 2056, "GRO_RATE": 1.2, "COVE_2018": 50.0, "WATER_QUAL": "COMPLIED", "COVE_2020": 50.0, "COVE_2025": 75.0, "COVE_2030": 75.0, "Shape_Leng": null, "Shape_Area": null, "OBJECTID_2": 1903, "OBJECTID_3": 1903, "OBJECTID": 12761, "EX_SCH_NAM": "Dankotuwa wss", "RWS_Name": "<Null>", "SUP_LEVEL": "24", "layer": "Sche_Puttlam", "path": "C:/Users/MB/Downloads/New folder (2)/Sem 05/Advanced GIS and Remote Sensing for Planning/WEB MAP/Shape Files/Shape Files/WSS Shape Files/Sche_Puttlam.shp" }, "geometry": { "type": "MultiPolygon", "coordinates": [ [ [ [ 79.880751111421162, 7.323238495512942 ], [ 79.881100563804836, 7.32304004019084 ], [ 79.881847556265683, 7.323539384805963 ], [ 79.882245590325326, 7.323988250228847 ], [ 79.883191653418038, 7.324687133144669 ], [ 79.883293014726732, 7.324718151906652 ], [ 79.88336311766821, 7.324656092303326 ], [ 79.883916808854792, 7.324165924889577 ], [ 79.884501899931863, 7.323721035673506 ], [ 79.88477736384958, 7.323447091006708 ], [ 79.885328019612217, 7.323036443365377 ], [ 79.88584403862663, 7.322762971465359 ], [ 79.886325759877835, 7.322455120725658 ], [ 79.886772776505126, 7.322318755733931 ], [ 79.887116564006064, 7.322250808933026 ], [ 79.887666473001858, 7.322217578253099 ], [ 79.888147718907163, 7.322149900508077 ], [ 79.888594735788544, 7.32201353360446 ], [ 79.888732466103875, 7.321876559822536 ], [ 79.888801668224474, 7.321636518472071 ], [ 79.888733680979712, 7.321258965116169 ], [ 79.888631328141543, 7.320881342560833 ], [ 79.888666030365442, 7.320709855959852 ], [ 79.889078478542288, 7.320676352855416 ], [ 79.889525560245346, 7.320505675086989 ], [ 79.890075266026415, 7.320575373077387 ], [ 79.890659470594116, 7.320576516376369 ], [ 79.890968351411544, 7.320782986982864 ], [ 79.891311598234509, 7.320989524596757 ], [ 79.891689882838378, 7.320853019083207 ], [ 79.891930505463847, 7.320819178454251 ], [ 79.892376780981451, 7.321060227364367 ], [ 79.892685125519591, 7.321541183954366 ], [ 79.893165162663323, 7.322091097011626 ], [ 79.893508007905737, 7.322503498035144 ], [ 79.893782594555375, 7.322675588410277 ], [ 79.894229073362268, 7.322813703805974 ], [ 79.894675820697969, 7.322814574305827 ], [ 79.895019608113046, 7.32274662137346 ], [ 79.895535689178914, 7.322438826033898 ], [ 79.895948672971102, 7.322130830404853 ], [ 79.896223594250131, 7.322131365050224 ], [ 79.896601277684397, 7.322303655163564 ], [ 79.89708205544035, 7.322476144370973 ], [ 79.897494438714943, 7.322476945277449 ], [ 79.897632367257145, 7.322237035473385 ], [ 79.897805128199366, 7.321757015601639 ], [ 79.897874726364989, 7.321311107166999 ], [ 79.897946781564727, 7.321083749881151 ], [ 79.898070581497123, 7.321083990075263 ], [ 79.898243949150242, 7.32105960460629 ], [ 79.898367412419262, 7.32123289107793 ], [ 79.89839154699321, 7.321554311036141 ], [ 79.898390873622546, 7.321900404653594 ], [ 79.89848880774548, 7.322469178270932 ], [ 79.89858722207785, 7.322790742282846 ], [ 79.898710301173566, 7.323161796764082 ], [ 79.898783860550722, 7.323532754304567 ], [ 79.898981412165909, 7.323805068753344 ], [ 79.899228629076077, 7.324003315876817 ], [ 79.899599599004219, 7.324226524452277 ], [ 79.899995328424779, 7.324449779809237 ], [ 79.900292114216469, 7.324623401551666 ], [ 79.900638324317669, 7.324846561447928 ], [ 79.901083336915079, 7.325193516676881 ], [ 79.901330314872482, 7.325515368611369 ], [ 79.901676383296007, 7.325812690232428 ], [ 79.902121635483297, 7.326036039726017 ], [ 79.902492704497291, 7.326209804662312 ], [ 79.902739637048342, 7.326556375893658 ], [ 79.902986761478687, 7.326804063814534 ], [ 79.903308501723032, 7.326878847544855 ], [ 79.903556296532841, 7.326780441193153 ], [ 79.903804042507815, 7.326706756403423 ], [ 79.903977077553591, 7.326855416431446 ], [ 79.904348291521686, 7.32695501665386 ], [ 79.904719170289383, 7.32722766229017 ], [ 79.904891834642186, 7.327427349998176 ], [ 79.904829829555169, 7.326638820756926 ], [ 79.904830987362786, 7.326039700832403 ], [ 79.904855047109081, 7.325532798551226 ], [ 79.904925221542413, 7.325049026868196 ], [ 79.905087624401631, 7.324611519054445 ], [ 79.905457699456846, 7.324197454453417 ], [ 79.905804515900712, 7.323875517395456 ], [ 79.906151643876967, 7.323392277961721 ], [ 79.906614212855672, 7.322886218185175 ], [ 79.907030177758116, 7.322610499164827 ], [ 79.907353912772095, 7.322288516291917 ], [ 79.907793222792549, 7.321874582166829 ], [ 79.908209672787848, 7.32134538730025 ], [ 79.908487513848229, 7.320885055362468 ], [ 79.908834414131718, 7.320517030064801 ], [ 79.90901984679337, 7.320102607882964 ], [ 79.909251393642492, 7.319711316622671 ], [ 79.909505931413605, 7.319366156493011 ], [ 79.909713910983299, 7.319228295386272 ], [ 79.910014518429904, 7.318929308538626 ], [ 79.910045952110465, 7.318852248168047 ], [ 79.909269713564825, 7.318635364015911 ], [ 79.908925113687076, 7.318333145703629 ], [ 79.908235028765688, 7.318129061171017 ], [ 79.908192023331949, 7.318116342488512 ], [ 79.907114335822669, 7.31759731866231 ], [ 79.906511103985238, 7.317165362721572 ], [ 79.905951021558266, 7.31673349081734 ], [ 79.905261249198119, 7.316430605870345 ], [ 79.904700336606624, 7.316429526956052 ], [ 79.904139923316322, 7.31616997007345 ], [ 79.903623074164969, 7.31569509904141 ], [ 79.903105643987985, 7.315521782623994 ], [ 79.902286516938076, 7.315175566183996 ], [ 79.901523594083926, 7.314853101814506 ], [ 79.901530636816489, 7.314869598121886 ], [ 79.900863683170826, 7.315090137895029 ], [ 79.900507170921699, 7.315621836890146 ], [ 79.900284220881247, 7.316020697034689 ], [ 79.899794488242037, 7.316507772938593 ], [ 79.899571537983064, 7.316906632590035 ], [ 79.899392590622185, 7.317527405157237 ], [ 79.899169380822585, 7.318059361611261 ], [ 79.898813294240469, 7.318369230772329 ], [ 79.89841389539022, 7.318102262398992 ], [ 79.898103797844328, 7.317613639094347 ], [ 79.897660395835956, 7.317124757063237 ], [ 79.896994905384716, 7.316591078066949 ], [ 79.896373938825221, 7.316013118301077 ], [ 79.895530712237559, 7.315479092224561 ], [ 79.894910094583778, 7.314723669371732 ], [ 79.894466959658061, 7.314101688816535 ], [ 79.893979302812937, 7.313523986785141 ], [ 79.893313909828606, 7.31294593807694 ], [ 79.893223005863263, 7.312866967081102 ], [ 79.893223839257203, 7.312440611825918 ], [ 79.893128052464434, 7.312022461989231 ], [ 79.892871198999202, 7.311636148901092 ], [ 79.892775853577675, 7.310992942527943 ], [ 79.89268013022577, 7.310542642113808 ], [ 79.892552396036152, 7.30999582548982 ], [ 79.892392586480739, 7.309384644087604 ], [ 79.892297241848411, 7.308741437688379 ], [ 79.892169821886895, 7.30803386651309 ], [ 79.892235606680615, 7.307326672908457 ], [ 79.892236675421401, 7.306780107342746 ], [ 79.892403746384844, 7.306400837726533 ], [ 79.892463084574473, 7.30626613249663 ], [ 79.892786033615877, 7.305784496185869 ], [ 79.892947977521445, 7.305302546055305 ], [ 79.892916844979979, 7.30475591763569 ], [ 79.89272458462122, 7.304273277691724 ], [ 79.892628800044363, 7.303855126959768 ], [ 79.892436162442309, 7.303565392968619 ], [ 79.892082209917604, 7.303436098848733 ], [ 79.891760205246243, 7.303435471231519 ], [ 79.891533922922932, 7.3038851447795 ], [ 79.89140430323215, 7.304302855133468 ], [ 79.891307261738348, 7.304527723191694 ], [ 79.891145945782114, 7.304688163586467 ], [ 79.890919912972379, 7.305009232704085 ], [ 79.890822933100054, 7.305201950068594 ], [ 79.890436401965687, 7.305265496705248 ], [ 79.890243387440037, 7.305168666874045 ], [ 79.890147353151789, 7.304879120710662 ], [ 79.889922453827154, 7.304621472522173 ], [ 79.889664850465053, 7.304620969134846 ], [ 79.889310329801233, 7.304781031150395 ], [ 79.888988009913732, 7.304941155841942 ], [ 79.88856896327809, 7.305165393174848 ], [ 79.888086144777034, 7.305067995247948 ], [ 79.88782822545997, 7.305228245128853 ], [ 79.887506157593535, 7.305259764829877 ], [ 79.887383247135148, 7.305259523987951 ], [ 79.88708755170633, 7.305258944438316 ], [ 79.886797810410471, 7.305226225747973 ], [ 79.886475806729706, 7.305225594210987 ], [ 79.885864187651904, 7.305127940373827 ], [ 79.885542373201901, 7.305030855809595 ], [ 79.884994965665371, 7.305029780562508 ], [ 79.884447494804419, 7.305060856034173 ], [ 79.883932161475329, 7.305124143749882 ], [ 79.883513555215274, 7.305123320056729 ], [ 79.882837473779674, 7.305057687730143 ], [ 79.882451068659407, 7.305056926482393 ], [ 79.882064918790661, 7.3049275612671 ], [ 79.881388709969002, 7.30492622773214 ], [ 79.881034506045594, 7.304925528810865 ], [ 79.880808912159139, 7.30502153614111 ], [ 79.880100376875234, 7.305084438877066 ], [ 79.879520770061902, 7.30508329336302 ], [ 79.878941353834605, 7.304985694908672 ], [ 79.878426339759287, 7.304888222316405 ], [ 79.877879252824727, 7.304726385450108 ], [ 79.877468922924734, 7.304520518715596 ], [ 79.877501492142656, 7.305013700822368 ], [ 79.877570778744129, 7.305433922758172 ], [ 79.877850500827847, 7.305819553784961 ], [ 79.878024971262889, 7.306239984048547 ], [ 79.878164311552268, 7.306695351611415 ], [ 79.878163616098121, 7.307045421109234 ], [ 79.878098503220556, 7.307421712225496 ], [ 79.87815849725402, 7.307486864548687 ], [ 79.878789390358691, 7.308171996251493 ], [ 79.879368537298959, 7.308383568047794 ], [ 79.880738625817926, 7.30828106292088 ], [ 79.881326148893976, 7.308086583449446 ], [ 79.881502128115343, 7.308974240287352 ], [ 79.881767942035381, 7.309374054224195 ], [ 79.882211406917961, 7.309818583857817 ], [ 79.882565651539082, 7.310440399734061 ], [ 79.883231377119046, 7.310841001356923 ], [ 79.883941976340807, 7.311019862529945 ], [ 79.884475363582013, 7.310932181500146 ], [ 79.885052834923755, 7.311022048188164 ], [ 79.885541613822582, 7.311023009013092 ], [ 79.886119260462209, 7.311024143848187 ], [ 79.886563604302808, 7.311025016295293 ], [ 79.886873859322392, 7.311424915101037 ], [ 79.887095332523998, 7.311780273222207 ], [ 79.887361328667097, 7.312091354060278 ], [ 79.88731549743261, 7.312801113109306 ], [ 79.887269228411412, 7.313732699377145 ], [ 79.887089917935029, 7.314530926346374 ], [ 79.886822261508001, 7.315062787070501 ], [ 79.886555040550363, 7.315372821246323 ], [ 79.88597625020391, 7.315948436387893 ], [ 79.885575636196933, 7.31630257213221 ], [ 79.884775545163635, 7.316434095145072 ], [ 79.883974928638736, 7.316831808039741 ], [ 79.883441534228155, 7.316919487599996 ], [ 79.882641266268109, 7.31713973703073 ], [ 79.881796914438695, 7.317182434573588 ], [ 79.880686128718338, 7.317135874773811 ], [ 79.880197785022773, 7.31691308108079 ], [ 79.879531173128242, 7.316956126952848 ], [ 79.878813529593074, 7.316700401711352 ], [ 79.878249105656508, 7.316952581911198 ], [ 79.877792326439575, 7.317441775038589 ], [ 79.877054841124533, 7.318035429946628 ], [ 79.876563277742278, 7.318384524032888 ], [ 79.876141975978911, 7.318663742536056 ], [ 79.875545084233337, 7.319082639636629 ], [ 79.874737960137182, 7.319431103477201 ], [ 79.8742466716877, 7.319640166855982 ], [ 79.873861059400696, 7.319604390579586 ], [ 79.873545991980464, 7.319358713592108 ], [ 79.873160380965331, 7.3193229376575 ], [ 79.872669232307359, 7.31946198494417 ], [ 79.872423378781278, 7.319671536959257 ], [ 79.872212420864869, 7.319855090548711 ], [ 79.872299799777807, 7.319980252894348 ], [ 79.872448297182032, 7.320528201646202 ], [ 79.87319597197417, 7.320679053545594 ], [ 79.873943448280428, 7.320929477529413 ], [ 79.874841017763927, 7.320931266018391 ], [ 79.875438602613997, 7.321330748765642 ], [ 79.876036982421766, 7.321331939367474 ], [ 79.876634866855213, 7.321582061614348 ], [ 79.877232652820879, 7.321881968916771 ], [ 79.877730707935456, 7.322181677511152 ], [ 79.877778788374229, 7.323077932262623 ], [ 79.87772793106538, 7.323575697324991 ], [ 79.877527478538767, 7.324073166121344 ], [ 79.877227194927798, 7.324620221443903 ], [ 79.876278857563321, 7.325066415714565 ], [ 79.875779804642093, 7.325264568149843 ], [ 79.875130658435808, 7.325711355177853 ], [ 79.874880435646816, 7.326158936296581 ], [ 79.874879141633571, 7.326806158913253 ], [ 79.875277071871949, 7.327304817486178 ], [ 79.87554851027474, 7.327713090901162 ], [ 79.876105889172678, 7.327112632759643 ], [ 79.876805200651106, 7.326516584579887 ], [ 79.878203718981752, 7.325374271823303 ], [ 79.878903024171777, 7.324778219670587 ], [ 79.879452831386232, 7.324132083889803 ], [ 79.880152133919353, 7.323536030235268 ], [ 79.880751111421162, 7.323238495512942 ] ] ] ] } },
{ "type": "Feature", "properties": { "OBJECTID_1": 455, "PROVINCE_N": "North Western", "DISTRICT_N": "Puttalam", "DSD_N": "Wennappuwa", "GND_N": "Boralessa South", "GND_C": "488C", "TOTAL_POPU": 876, "EXIS_COVE": "YES", "SUP_LEV": null, "SCH_NAME": null, "RWS_SCHE": null, "PROJ_DETAI": "PROCU", "WATER_SOUR": "Maa Oya", "PROJ_NAME": "Dankotuwa (Phase 1)", "COVER_PER": 100, "P_POP": 1306, "GRO_RATE": 1.2, "COVE_2018": 50.0, "WATER_QUAL": "COMPLIED", "COVE_2020": 50.0, "COVE_2025": 100.0, "COVE_2030": 100.0, "Shape_Leng": null, "Shape_Area": null, "OBJECTID_2": 1905, "OBJECTID_3": 1905, "OBJECTID": 12763, "EX_SCH_NAM": "dankotuwa wss", "RWS_Name": "<Null>", "SUP_LEVEL": "24", "layer": "Sche_Puttlam", "path": "C:/Users/MB/Downloads/New folder (2)/Sem 05/Advanced GIS and Remote Sensing for Planning/WEB MAP/Shape Files/Shape Files/WSS Shape Files/Sche_Puttlam.shp" }, "geometry": { "type": "MultiPolygon", "coordinates": [ [ [ [ 79.860333958061787, 7.310146028731897 ], [ 79.860081873626399, 7.310144429671968 ], [ 79.859800297310002, 7.310190701194777 ], [ 79.85949526606602, 7.310236925090964 ], [ 79.85900262781233, 7.310259348719011 ], [ 79.858674234029294, 7.310258683969268 ], [ 79.858205433227084, 7.310093790935511 ], [ 79.857853678164673, 7.310046238405103 ], [ 79.857408382277029, 7.309857972749162 ], [ 79.85700966658419, 7.309833743867959 ], [ 79.856516933639767, 7.309903005390714 ], [ 79.856024200609212, 7.30997226635598 ], [ 79.85593707523644, 7.310430053591345 ], [ 79.855464654016089, 7.311887341846655 ], [ 79.855357889721475, 7.313084970837175 ], [ 79.855251973335456, 7.313865959871284 ], [ 79.855229973167084, 7.314028182261465 ], [ 79.855262492527714, 7.31395713552297 ], [ 79.855618419304037, 7.313736033707322 ], [ 79.85610746837142, 7.313603931225899 ], [ 79.8565522619311, 7.313383008173171 ], [ 79.857041128943308, 7.313339636206793 ], [ 79.857752077434924, 7.313341078208969 ], [ 79.858596058171926, 7.31347588389575 ], [ 79.859395515315256, 7.313654963066391 ], [ 79.859972351012601, 7.314055417158059 ], [ 79.86059371297209, 7.314411595514213 ], [ 79.861133518899763, 7.314898640389702 ], [ 79.86117127009021, 7.314457127795153 ], [ 79.860994701767012, 7.313880023437805 ], [ 79.860818493521094, 7.313125458349027 ], [ 79.860686628994443, 7.312415348882682 ], [ 79.860510511487504, 7.31161641881075 ], [ 79.860378557666579, 7.310950673366965 ], [ 79.860333958061787, 7.310146028731897 ] ] ] ] } },
{ "type": "Feature", "properties": { "OBJECTID_1": 456, "PROVINCE_N": "North Western", "DISTRICT_N": "Puttalam", "DSD_N": "Wennappuwa", "GND_N": "Boralessa East", "GND_C": "488", "TOTAL_POPU": 1487, "EXIS_COVE": "YES", "SUP_LEV": null, "SCH_NAME": null, "RWS_SCHE": null, "PROJ_DETAI": "PROCU", "WATER_SOUR": "Maa Oya", "PROJ_NAME": "Dankotuwa (Phase 1)", "COVER_PER": 100, "P_POP": 2247, "GRO_RATE": 1.2, "COVE_2018": 25.0, "WATER_QUAL": "COMPLIED", "COVE_2020": 25.0, "COVE_2025": 100.0, "COVE_2030": 100.0, "Shape_Leng": null, "Shape_Area": null, "OBJECTID_2": 1908, "OBJECTID_3": 1908, "OBJECTID": 12765, "EX_SCH_NAM": "dankotuwa wss", "RWS_Name": "<Null>", "SUP_LEVEL": "24", "layer": "Sche_Puttlam", "path": "C:/Users/MB/Downloads/New folder (2)/Sem 05/Advanced GIS and Remote Sensing for Planning/WEB MAP/Shape Files/Shape Files/WSS Shape Files/Sche_Puttlam.shp" }, "geometry": { "type": "MultiPolygon", "coordinates": [ [ [ [ 79.865089481146128, 7.308448561539744 ], [ 79.865056285315603, 7.308473870123711 ], [ 79.864588869712307, 7.308514087492888 ], [ 79.864307153678538, 7.308630623031021 ], [ 79.864002028139936, 7.308723690835905 ], [ 79.863485603387232, 7.308910014715334 ], [ 79.863204077078052, 7.308932868178317 ], [ 79.862757879817394, 7.309189593870967 ], [ 79.862123932990556, 7.309492781290434 ], [ 79.861631296237704, 7.309515207909912 ], [ 79.861231867839734, 7.309842287516076 ], [ 79.861090938847056, 7.309935684627252 ], [ 79.860738851138322, 7.310052075610924 ], [ 79.860333958061787, 7.310146028731897 ], [ 79.860378557666579, 7.310950673366965 ], [ 79.860510511487504, 7.31161641881075 ], [ 79.860686628994443, 7.312415348882682 ], [ 79.860818493521094, 7.313125458349027 ], [ 79.860994701767012, 7.313880023437805 ], [ 79.86117127009021, 7.314457127795153 ], [ 79.861133518899763, 7.314898640389702 ], [ 79.861480783304273, 7.315211962096692 ], [ 79.862191465286401, 7.315346492349391 ], [ 79.862990838146985, 7.315569931591195 ], [ 79.863656729143116, 7.315881829972569 ], [ 79.864500717698377, 7.316016626297448 ], [ 79.86534470695203, 7.316151420198631 ], [ 79.865922000042474, 7.316330042647887 ], [ 79.866632417767107, 7.316597661315365 ], [ 79.867387450644699, 7.316776639006639 ], [ 79.867964566202062, 7.317043989091055 ], [ 79.868408289199621, 7.317355435405203 ], [ 79.868674541507858, 7.317533430915295 ], [ 79.868941150754651, 7.317533965222645 ], [ 79.8693128457043, 7.317683273602224 ], [ 79.869264849445287, 7.316588699318699 ], [ 79.869267249865956, 7.315393827741811 ], [ 79.86966686502133, 7.315046122091791 ], [ 79.870116142417587, 7.314798088039103 ], [ 79.870565419354008, 7.314550054379342 ], [ 79.871014896340384, 7.314202446091308 ], [ 79.871165486514343, 7.313704882512261 ], [ 79.871066556033625, 7.313306392191261 ], [ 79.870917961892033, 7.312808229012406 ], [ 79.870469885038716, 7.312458828562443 ], [ 79.869673360950117, 7.311810009974831 ], [ 79.869075893769192, 7.311360735900123 ], [ 79.868129782642171, 7.310711615582755 ], [ 79.867233135832876, 7.310261739858442 ], [ 79.866435918905765, 7.309961421513612 ], [ 79.865638502528782, 7.309760674068394 ], [ 79.865240296085915, 7.309411368514063 ], [ 79.86509180977545, 7.308863418645834 ], [ 79.865092512426372, 7.30851491468887 ], [ 79.865089481146128, 7.308448561539744 ] ] ] ] } },
{ "type": "Feature", "properties": { "OBJECTID_1": 457, "PROVINCE_N": "North Western", "DISTRICT_N": "Puttalam", "DSD_N": "Dankotuwa", "GND_N": "Haldanduwana South", "GND_C": "468A", "TOTAL_POPU": 1199, "EXIS_COVE": "YES", "SUP_LEV": null, "SCH_NAME": null, "RWS_SCHE": null, "PROJ_DETAI": "PROCU", "WATER_SOUR": "Maa Oya", "PROJ_NAME": "Dankotuwa (Phase 1)", "COVER_PER": 100, "P_POP": 1113, "GRO_RATE": 1.2, "COVE_2018": 25.0, "WATER_QUAL": "COMPLIED", "COVE_2020": 25.0, "COVE_2025": 100.0, "COVE_2030": 100.0, "Shape_Leng": null, "Shape_Area": null, "OBJECTID_2": 1911, "OBJECTID_3": 1911, "OBJECTID": 12768, "EX_SCH_NAM": "Dankotuwa wss", "RWS_Name": "<Null>", "SUP_LEVEL": "24", "layer": "Sche_Puttlam", "path": "C:/Users/MB/Downloads/New folder (2)/Sem 05/Advanced GIS and Remote Sensing for Planning/WEB MAP/Shape Files/Shape Files/WSS Shape Files/Sche_Puttlam.shp" }, "geometry": { "type": "MultiPolygon", "coordinates": [ [ [ [ 79.901523594083926, 7.314853101814506 ], [ 79.901265230989736, 7.314247966259999 ], [ 79.900955218245414, 7.313714978443625 ], [ 79.900467123424193, 7.313359110542029 ], [ 79.899934335659907, 7.313136251639043 ], [ 79.899357200872984, 7.312868940768369 ], [ 79.898913370639164, 7.312601887329219 ], [ 79.898291630260914, 7.312423220934806 ], [ 79.89753675849667, 7.312155564495303 ], [ 79.897359624477005, 7.311844661165379 ], [ 79.897094138774904, 7.311267393051456 ], [ 79.896975425501751, 7.310969391972164 ], [ 79.896917263460253, 7.310823392528611 ], [ 79.896781493685253, 7.309807156353293 ], [ 79.896783289350267, 7.308884354161485 ], [ 79.896642136095281, 7.308351691791886 ], [ 79.896571938984977, 7.307890153225675 ], [ 79.896609074830295, 7.307073897452286 ], [ 79.896468473680812, 7.306257295996618 ], [ 79.896343369233549, 7.306006255773395 ], [ 79.896326837797119, 7.305973081091814 ], [ 79.896043082011943, 7.305653097763053 ], [ 79.895794735672951, 7.305404168284404 ], [ 79.895261804264436, 7.305261163048264 ], [ 79.894870716306542, 7.305295896844107 ], [ 79.894159289559511, 7.30554296042774 ], [ 79.893590258169112, 7.305683823909501 ], [ 79.893341012428493, 7.305896294437102 ], [ 79.892486978741474, 7.30635603220624 ], [ 79.892403746384844, 7.306400837726533 ], [ 79.892236675421401, 7.306780107342746 ], [ 79.892235606680615, 7.307326672908457 ], [ 79.892169821886895, 7.30803386651309 ], [ 79.892297241848411, 7.308741437688379 ], [ 79.892392586480739, 7.309384644087604 ], [ 79.892552396036152, 7.30999582548982 ], [ 79.89268013022577, 7.310542642113808 ], [ 79.892775853577675, 7.310992942527943 ], [ 79.892871198999202, 7.311636148901092 ], [ 79.893128052464434, 7.312022461989231 ], [ 79.893223839257203, 7.312440611825918 ], [ 79.893223005863263, 7.312866967081102 ], [ 79.893313909828606, 7.31294593807694 ], [ 79.893979302812937, 7.313523986785141 ], [ 79.894466959658061, 7.314101688816535 ], [ 79.894910094583778, 7.314723669371732 ], [ 79.895530712237559, 7.315479092224561 ], [ 79.896373938825221, 7.316013118301077 ], [ 79.896994905384716, 7.316591078066949 ], [ 79.897660395835956, 7.317124757063237 ], [ 79.898103797844328, 7.317613639094347 ], [ 79.89841389539022, 7.318102262398992 ], [ 79.898813294240469, 7.318369230772329 ], [ 79.899169380822585, 7.318059361611261 ], [ 79.899392590622185, 7.317527405157237 ], [ 79.899571537983064, 7.316906632590035 ], [ 79.899794488242037, 7.316507772938593 ], [ 79.900284220881247, 7.316020697034689 ], [ 79.900507170921699, 7.315621836890146 ], [ 79.900863683170826, 7.315090137895029 ], [ 79.901530636816489, 7.314869598121886 ], [ 79.901523594083926, 7.314853101814506 ] ] ] ] } },
{ "type": "Feature", "properties": { "OBJECTID_1": 458, "PROVINCE_N": "North Western", "DISTRICT_N": "Puttalam", "DSD_N": "Wennappuwa", "GND_N": "Wellamankaraya", "GND_C": "486B", "TOTAL_POPU": 1334, "EXIS_COVE": "YES", "SUP_LEV": null, "SCH_NAME": null, "RWS_SCHE": null, "PROJ_DETAI": "PROCU", "WATER_SOUR": "Bore Hole", "PROJ_NAME": "Dankotuwa (Phase 1)", "COVER_PER": 100, "P_POP": 1906, "GRO_RATE": 1.2, "COVE_2018": 75.0, "WATER_QUAL": "COMPLIED", "COVE_2020": 75.0, "COVE_2025": 100.0, "COVE_2030": 100.0, "Shape_Leng": null, "Shape_Area": null, "OBJECTID_2": 1912, "OBJECTID_3": 1912, "OBJECTID": 12769, "EX_SCH_NAM": "Naththandiya WSS", "RWS_Name": "<Null>", "SUP_LEVEL": "24", "layer": "Sche_Puttlam", "path": "C:/Users/MB/Downloads/New folder (2)/Sem 05/Advanced GIS and Remote Sensing for Planning/WEB MAP/Shape Files/Shape Files/WSS Shape Files/Sche_Puttlam.shp" }, "geometry": { "type": "MultiPolygon", "coordinates": [ [ [ [ 79.83942678519719, 7.319048023078227 ], [ 79.839430641393761, 7.319007843544556 ], [ 79.839554065388626, 7.317722076719964 ], [ 79.839596150783279, 7.316838022988835 ], [ 79.839517567301257, 7.315913532070039 ], [ 79.83947931753147, 7.314948936145761 ], [ 79.83940065074475, 7.314064633457232 ], [ 79.839402068227017, 7.313381436729532 ], [ 79.839604905162417, 7.312618280516348 ], [ 79.839727324663301, 7.311814769444692 ], [ 79.839735957164933, 7.311665226488587 ], [ 79.839769075327609, 7.311091468416123 ], [ 79.839972992879922, 7.30980586697232 ], [ 79.840136410280792, 7.308640746010258 ], [ 79.840339825450286, 7.30759627274993 ], [ 79.840221155675096, 7.306591321041429 ], [ 79.840102486145767, 7.305586371132952 ], [ 79.839822483038901, 7.304741840100078 ], [ 79.839744314223836, 7.303616408457573 ], [ 79.839665313137971, 7.302892857769669 ], [ 79.839586560948788, 7.302048742240236 ], [ 79.839582430844089, 7.302024581943471 ], [ 79.83927684592021, 7.30194763200852 ], [ 79.838891181115059, 7.301593179370233 ], [ 79.838537650557583, 7.30127094309749 ], [ 79.838087787357196, 7.300819905702567 ], [ 79.838047543625422, 7.300772769461532 ], [ 79.837920224952299, 7.301770894026186 ], [ 79.837831880611375, 7.302154535360237 ], [ 79.837597227087102, 7.303755084948691 ], [ 79.837543866100617, 7.304156244811592 ], [ 79.837383707112522, 7.305394619398754 ], [ 79.83720556708721, 7.306859761060094 ], [ 79.837099712979224, 7.307243364791844 ], [ 79.836923274169308, 7.30788852203582 ], [ 79.836795641723143, 7.30916161712437 ], [ 79.836582805152972, 7.310469665720746 ], [ 79.836299635244941, 7.311917141988441 ], [ 79.835963353859597, 7.31364263808039 ], [ 79.835961464546145, 7.314549853563539 ], [ 79.835817969494016, 7.316189530534752 ], [ 79.835411967789838, 7.31775887570432 ], [ 79.83529715825901, 7.318345330209711 ], [ 79.836090205858667, 7.318799976423213 ], [ 79.836653053948694, 7.319122650443837 ], [ 79.837216403849666, 7.319204196342853 ], [ 79.837820172727206, 7.319205448565481 ], [ 79.838303188086755, 7.31920644976146 ], [ 79.838947543516014, 7.319047030923048 ], [ 79.83942678519719, 7.319048023078227 ] ] ] ] } },
{ "type": "Feature", "properties": { "OBJECTID_1": 459, "PROVINCE_N": "North Western", "DISTRICT_N": "Puttalam", "DSD_N": "Wennappuwa", "GND_N": "Meda Nainamadama", "GND_C": "486A", "TOTAL_POPU": 1659, "EXIS_COVE": "YES", "SUP_LEV": null, "SCH_NAME": null, "RWS_SCHE": null, "PROJ_DETAI": "PROCU", "WATER_SOUR": "Kadupiti Oya", "PROJ_NAME": "Dankotuwa (Phase 1)", "COVER_PER": 100, "P_POP": 2661, "GRO_RATE": 1.2, "COVE_2018": 75.0, "WATER_QUAL": "COMPLIED", "COVE_2020": 75.0, "COVE_2025": 100.0, "COVE_2030": 100.0, "Shape_Leng": null, "Shape_Area": null, "OBJECTID_2": 1913, "OBJECTID_3": 1913, "OBJECTID": 12770, "EX_SCH_NAM": "Kakkapalliya wss", "RWS_Name": "<Null>", "SUP_LEVEL": "24", "layer": "Sche_Puttlam", "path": "C:/Users/MB/Downloads/New folder (2)/Sem 05/Advanced GIS and Remote Sensing for Planning/WEB MAP/Shape Files/Shape Files/WSS Shape Files/Sche_Puttlam.shp" }, "geometry": { "type": "MultiPolygon", "coordinates": [ [ [ [ 79.845345091137673, 7.319180182285268 ], [ 79.845409232122151, 7.318364464513601 ], [ 79.845590057223021, 7.3178010681217 ], [ 79.845668059389652, 7.317314338030661 ], [ 79.845822846289337, 7.316930269087029 ], [ 79.845897533979269, 7.316583427318575 ], [ 79.845952918718041, 7.316084885306538 ], [ 79.846134005868052, 7.315393359939748 ], [ 79.846237725111507, 7.314881057664725 ], [ 79.846444846076537, 7.314010205153999 ], [ 79.846651121110895, 7.313549363529122 ], [ 79.846780293636343, 7.313139615732345 ], [ 79.846986410555672, 7.312755651334397 ], [ 79.847166544416083, 7.312525388242325 ], [ 79.847398338818351, 7.31217846933801 ], [ 79.847213289500175, 7.312151687584526 ], [ 79.846690194948422, 7.312070237627722 ], [ 79.845965846806507, 7.311988374807985 ], [ 79.845120665234148, 7.311946450135347 ], [ 79.844355736205657, 7.312025254427209 ], [ 79.843792474778581, 7.311903530994837 ], [ 79.842947542303577, 7.311741037391956 ], [ 79.842384033459496, 7.31173987626932 ], [ 79.842021527929134, 7.311859694327644 ], [ 79.841417768198099, 7.311858448980214 ], [ 79.840773757693313, 7.311857119718292 ], [ 79.840210415627979, 7.311775579324229 ], [ 79.839735957164933, 7.311665226488587 ], [ 79.839727324663301, 7.311814769444692 ], [ 79.839604905162417, 7.312618280516348 ], [ 79.839402068227017, 7.313381436729532 ], [ 79.83940065074475, 7.314064633457232 ], [ 79.83947931753147, 7.314948936145761 ], [ 79.839517567301257, 7.315913532070039 ], [ 79.839596150783279, 7.316838022988835 ], [ 79.839554065388626, 7.317722076719964 ], [ 79.839430641393761, 7.319007843544556 ], [ 79.83942678519719, 7.319048023078227 ], [ 79.839712317617085, 7.31904861396238 ], [ 79.840557511587591, 7.319090551291744 ], [ 79.841321869753813, 7.319293071138059 ], [ 79.84216714791458, 7.31929481634172 ], [ 79.843334353057372, 7.319337412066569 ], [ 79.84430046956183, 7.319299213851363 ], [ 79.845065659040046, 7.319099848110108 ], [ 79.845345091137673, 7.319180182285268 ] ] ] ] } },
{ "type": "Feature", "properties": { "OBJECTID_1": 460, "PROVINCE_N": "North Western", "DISTRICT_N": "Puttalam", "DSD_N": "Dankotuwa", "GND_N": "Gonavila North", "GND_C": "477", "TOTAL_POPU": 660, "EXIS_COVE": "YES", "SUP_LEV": null, "SCH_NAME": null, "RWS_SCHE": null, "PROJ_DETAI": "PROCU", "WATER_SOUR": "Maa Oya", "PROJ_NAME": "Dankotuwa (Phase 1)", "COVER_PER": 75, "P_POP": 763, "GRO_RATE": 1.2, "COVE_2018": 50.0, "WATER_QUAL": "COMPLIED", "COVE_2020": 50.0, "COVE_2025": 75.0, "COVE_2030": 75.0, "Shape_Leng": null, "Shape_Area": null, "OBJECTID_2": 1915, "OBJECTID_3": 1915, "OBJECTID": 12771, "EX_SCH_NAM": "Dankotuwa wss", "RWS_Name": "<Null>", "SUP_LEVEL": "24", "layer": "Sche_Puttlam", "path": "C:/Users/MB/Downloads/New folder (2)/Sem 05/Advanced GIS and Remote Sensing for Planning/WEB MAP/Shape Files/Shape Files/WSS Shape Files/Sche_Puttlam.shp" }, "geometry": { "type": "MultiPolygon", "coordinates": [ [ [ [ 79.878813529593074, 7.316700401711352 ], [ 79.879197305380529, 7.316184306618736 ], [ 79.879548479830731, 7.315904945890823 ], [ 79.87979495464883, 7.315380327456198 ], [ 79.879795649632101, 7.315030258835618 ], [ 79.879796622552391, 7.314540162215038 ], [ 79.879692479555786, 7.314014849757605 ], [ 79.879342698137904, 7.31359407361869 ], [ 79.879203633417887, 7.312998678172596 ], [ 79.879064568974059, 7.31240328361683 ], [ 79.878820252282793, 7.311842686624808 ], [ 79.878506090056078, 7.311141923594781 ], [ 79.878332174346937, 7.310441438299893 ], [ 79.877982605476518, 7.309915639434956 ], [ 79.877773142567364, 7.309460133706072 ], [ 79.877704063510365, 7.308934890587506 ], [ 79.877704898696166, 7.308514808543434 ], [ 79.877705594648759, 7.308164739112439 ], [ 79.87784660495204, 7.307779940820118 ], [ 79.87808007004017, 7.307528239892907 ], [ 79.877959925085776, 7.307529761456088 ], [ 79.877805502531231, 7.307463320702554 ], [ 79.877673377499463, 7.307286697017156 ], [ 79.877408778878106, 7.307109812539541 ], [ 79.877011749805916, 7.306910618293863 ], [ 79.876570517888126, 7.306733382175602 ], [ 79.876129066895075, 7.306666371357159 ], [ 79.875599124460535, 7.306687364362124 ], [ 79.875046839154209, 7.306840582744001 ], [ 79.874539019810271, 7.306839573223611 ], [ 79.874053278848251, 7.306838607059182 ], [ 79.873832047529163, 7.307058617151025 ], [ 79.873699176945209, 7.307256759594466 ], [ 79.873367638000218, 7.30743246031096 ], [ 79.87268300806025, 7.307519276421453 ], [ 79.871998511188153, 7.307539957934122 ], [ 79.871269900051104, 7.307538504252333 ], [ 79.870497307305811, 7.30744878077054 ], [ 79.869636222211227, 7.307447059813295 ], [ 79.86895172497249, 7.307467735792771 ], [ 79.868400057287857, 7.307312316181725 ], [ 79.867759764044678, 7.307311033700182 ], [ 79.86711947001136, 7.307309750308387 ], [ 79.866699700958407, 7.30744117854862 ], [ 79.86614719105556, 7.307704610023063 ], [ 79.865727199391799, 7.307946262643595 ], [ 79.865373357039132, 7.308232138048212 ], [ 79.865089481146128, 7.308448561539744 ], [ 79.865092512426372, 7.30851491468887 ], [ 79.86509180977545, 7.308863418645834 ], [ 79.865240296085915, 7.309411368514063 ], [ 79.865638502528782, 7.309760674068394 ], [ 79.866435918905765, 7.309961421513612 ], [ 79.867233135832876, 7.310261739858442 ], [ 79.868129782642171, 7.310711615582755 ], [ 79.869075893769192, 7.311360735900123 ], [ 79.869673360950117, 7.311810009974831 ], [ 79.870469885038716, 7.312458828562443 ], [ 79.870917961892033, 7.312808229012406 ], [ 79.871066556033625, 7.313306392191261 ], [ 79.871165486514343, 7.313704882512261 ], [ 79.871014896340384, 7.314202446091308 ], [ 79.870565419354008, 7.314550054379342 ], [ 79.870116142417587, 7.314798088039103 ], [ 79.86966686502133, 7.315046122091791 ], [ 79.869267249865956, 7.315393827741811 ], [ 79.869264849445287, 7.316588699318699 ], [ 79.8693128457043, 7.317683273602224 ], [ 79.869361478894064, 7.318132275725369 ], [ 79.869610301253871, 7.318381706140429 ], [ 79.869706141753866, 7.318399302901605 ], [ 79.870158612289941, 7.318482376484391 ], [ 79.870856018086442, 7.318832278352057 ], [ 79.871304500373839, 7.318982534539063 ], [ 79.871653253944785, 7.319132590143888 ], [ 79.871951743698759, 7.319481693239681 ], [ 79.872212420864869, 7.319855090548711 ], [ 79.872423378781278, 7.319671536959257 ], [ 79.872669232307359, 7.31946198494417 ], [ 79.873160380965331, 7.3193229376575 ], [ 79.873545991980464, 7.319358713592108 ], [ 79.873861059400696, 7.319604390579586 ], [ 79.8742466716877, 7.319640166855982 ], [ 79.874737960137182, 7.319431103477201 ], [ 79.875545084233337, 7.319082639636629 ], [ 79.876141975978911, 7.318663742536056 ], [ 79.876563277742278, 7.318384524032888 ], [ 79.877054841124533, 7.318035429946628 ], [ 79.877792326439575, 7.317441775038589 ], [ 79.878249105656508, 7.316952581911198 ], [ 79.878813529593074, 7.316700401711352 ] ] ] ] } },
{ "type": "Feature", "properties": { "OBJECTID_1": 461, "PROVINCE_N": "North Western", "DISTRICT_N": "Puttalam", "DSD_N": "Wennappuwa", "GND_N": "Boralessa North", "GND_C": "488B", "TOTAL_POPU": 991, "EXIS_COVE": "YES", "SUP_LEV": null, "SCH_NAME": null, "RWS_SCHE": null, "PROJ_DETAI": "PROCU", "WATER_SOUR": "Maa Oya", "PROJ_NAME": "Dankotuwa (Phase 1)", "COVER_PER": 75, "P_POP": 1372, "GRO_RATE": 1.2, "COVE_2018": 25.0, "WATER_QUAL": "COMPLIED", "COVE_2020": 25.0, "COVE_2025": 75.0, "COVE_2030": 75.0, "Shape_Leng": null, "Shape_Area": null, "OBJECTID_2": 1920, "OBJECTID_3": 1920, "OBJECTID": 12774, "EX_SCH_NAM": "dankotuwa wss", "RWS_Name": "<Null>", "SUP_LEVEL": "24", "layer": "Sche_Puttlam", "path": "C:/Users/MB/Downloads/New folder (2)/Sem 05/Advanced GIS and Remote Sensing for Planning/WEB MAP/Shape Files/Shape Files/WSS Shape Files/Sche_Puttlam.shp" }, "geometry": { "type": "MultiPolygon", "coordinates": [ [ [ [ 79.869706141753866, 7.318399302901605 ], [ 79.869610301253871, 7.318381706140429 ], [ 79.869361478894064, 7.318132275725369 ], [ 79.8693128457043, 7.317683273602224 ], [ 79.868941150754651, 7.317533965222645 ], [ 79.868674541507858, 7.317533430915295 ], [ 79.868408289199621, 7.317355435405203 ], [ 79.867964566202062, 7.317043989091055 ], [ 79.867387450644699, 7.316776639006639 ], [ 79.866632417767107, 7.316597661315365 ], [ 79.865922000042474, 7.316330042647887 ], [ 79.86534470695203, 7.316151420198631 ], [ 79.864500717698377, 7.316016626297448 ], [ 79.863656729143116, 7.315881829972569 ], [ 79.862990838146985, 7.315569931591195 ], [ 79.862191465286401, 7.315346492349391 ], [ 79.861480783304273, 7.315211962096692 ], [ 79.861133518899763, 7.314898640389702 ], [ 79.861125756788383, 7.31498941833921 ], [ 79.861124587803673, 7.315566164492481 ], [ 79.861078174778513, 7.316542105359241 ], [ 79.861076195914066, 7.317518136874219 ], [ 79.861074756571782, 7.318227976880529 ], [ 79.86111775185141, 7.318937907597022 ], [ 79.861116672195195, 7.319470287802561 ], [ 79.861071067598047, 7.320046943997297 ], [ 79.861069987722928, 7.320579323265502 ], [ 79.861068907763482, 7.321111704329337 ], [ 79.861023572711289, 7.321555264737845 ], [ 79.860978417554009, 7.321910095252838 ], [ 79.860800137092284, 7.322175925305467 ], [ 79.860710635666535, 7.322486300918528 ], [ 79.86071012877693, 7.322736019794644 ], [ 79.860747835160751, 7.322736096090682 ], [ 79.861316331212549, 7.322444596812677 ], [ 79.861793007099422, 7.322262654866643 ], [ 79.862196293317979, 7.322135435076004 ], [ 79.86261849182975, 7.321715605572365 ], [ 79.86280175978608, 7.321679393699548 ], [ 79.863278545461256, 7.321442579258 ], [ 79.863847037617774, 7.321151075457537 ], [ 79.864580404807072, 7.320859904803044 ], [ 79.864965444304815, 7.320696064556738 ], [ 79.865460583742617, 7.320440993546232 ], [ 79.86599199307976, 7.32036890063782 ], [ 79.866413558724304, 7.320260004410728 ], [ 79.866816732580929, 7.320187652697875 ], [ 79.867220015993027, 7.320060427991867 ], [ 79.867769964598324, 7.319878626245566 ], [ 79.868173432499859, 7.3196599489487 ], [ 79.868888880050392, 7.319167537797683 ], [ 79.869219215211288, 7.318875549909396 ], [ 79.869402922811545, 7.3186198490562 ], [ 79.869678116404955, 7.318419204174982 ], [ 79.869706141753866, 7.318399302901605 ] ] ] ] } },
{ "type": "Feature", "properties": { "OBJECTID_1": 462, "PROVINCE_N": "North Western", "DISTRICT_N": "Puttalam", "DSD_N": "Wennappuwa", "GND_N": "Dummaladeniya South", "GND_C": "490B", "TOTAL_POPU": 848, "EXIS_COVE": "YES", "SUP_LEV": null, "SCH_NAME": null, "RWS_SCHE": null, "PROJ_DETAI": "PROCU", "WATER_SOUR": "Bore Hole", "PROJ_NAME": "Dankotuwa (Phase 1)", "COVER_PER": 75, "P_POP": 959, "GRO_RATE": 1.2, "COVE_2018": 50.0, "WATER_QUAL": "COMPLIED", "COVE_2020": 50.0, "COVE_2025": 75.0, "COVE_2030": 75.0, "Shape_Leng": null, "Shape_Area": null, "OBJECTID_2": 1921, "OBJECTID_3": 1921, "OBJECTID": 12775, "EX_SCH_NAM": "Naththandiya WSS", "RWS_Name": "<Null>", "SUP_LEVEL": "24", "layer": "Sche_Puttlam", "path": "C:/Users/MB/Downloads/New folder (2)/Sem 05/Advanced GIS and Remote Sensing for Planning/WEB MAP/Shape Files/Shape Files/WSS Shape Files/Sche_Puttlam.shp" }, "geometry": { "type": "MultiPolygon", "coordinates": [ [ [ [ 79.838734542834459, 7.323827293198238 ], [ 79.839094183266454, 7.32362878361839 ], [ 79.839496637260623, 7.32349577037347 ], [ 79.84003305672141, 7.323407649329583 ], [ 79.841105804539083, 7.32327602038907 ], [ 79.842177996655849, 7.323412083360783 ], [ 79.842669637700553, 7.323368481987633 ], [ 79.843340209362708, 7.323236018373191 ], [ 79.844234211676167, 7.323104013166118 ], [ 79.844994429887336, 7.322837883700299 ], [ 79.845098296213919, 7.32282214850302 ], [ 79.845060516091124, 7.321591507872132 ], [ 79.845143093498933, 7.320586972159705 ], [ 79.845224923890655, 7.319944128432413 ], [ 79.845342912122845, 7.319207890289669 ], [ 79.845345091137673, 7.319180182285268 ], [ 79.845065659040046, 7.319099848110108 ], [ 79.84430046956183, 7.319299213851363 ], [ 79.843334353057372, 7.319337412066569 ], [ 79.84216714791458, 7.31929481634172 ], [ 79.841321869753813, 7.319293071138059 ], [ 79.840557511587591, 7.319090551291744 ], [ 79.839712317617085, 7.31904861396238 ], [ 79.83942678519719, 7.319048023078227 ], [ 79.838947543516014, 7.319047030923048 ], [ 79.838303188086755, 7.31920644976146 ], [ 79.837820172727206, 7.319205448565481 ], [ 79.837216403849666, 7.319204196342853 ], [ 79.836653053948694, 7.319122650443837 ], [ 79.836090205858667, 7.318799976423213 ], [ 79.83529715825901, 7.318345330209711 ], [ 79.835217399331853, 7.318752744511949 ], [ 79.835057334725931, 7.319938774702636 ], [ 79.834564722226133, 7.321832643823394 ], [ 79.835245059668026, 7.322259153429097 ], [ 79.835869826637449, 7.322661994404867 ], [ 79.836673526317099, 7.322975973950586 ], [ 79.837388039730115, 7.323200536530623 ], [ 79.837878845671668, 7.323558479943741 ], [ 79.83872732642628, 7.323827933777177 ], [ 79.838734542834459, 7.323827293198238 ] ] ] ] } },
{ "type": "Feature", "properties": { "OBJECTID_1": 463, "PROVINCE_N": "North Western", "DISTRICT_N": "Puttalam", "DSD_N": "Wennappuwa", "GND_N": "Boralessa West", "GND_C": "488A", "TOTAL_POPU": 807, "EXIS_COVE": "YES", "SUP_LEV": null, "SCH_NAME": null, "RWS_SCHE": null, "PROJ_DETAI": "PROCU", "WATER_SOUR": "Maa Oya", "PROJ_NAME": "Dankotuwa (Phase 1)", "COVER_PER": 75, "P_POP": 936, "GRO_RATE": 1.2, "COVE_2018": 25.0, "WATER_QUAL": "COMPLIED", "COVE_2020": 25.0, "COVE_2025": 75.0, "COVE_2030": 75.0, "Shape_Leng": null, "Shape_Area": null, "OBJECTID_2": 1922, "OBJECTID_3": 1922, "OBJECTID": 12776, "EX_SCH_NAM": "dankotuwa wss", "RWS_Name": "<Null>", "SUP_LEVEL": "24", "layer": "Sche_Puttlam", "path": "C:/Users/MB/Downloads/New folder (2)/Sem 05/Advanced GIS and Remote Sensing for Planning/WEB MAP/Shape Files/Shape Files/WSS Shape Files/Sche_Puttlam.shp" }, "geometry": { "type": "MultiPolygon", "coordinates": [ [ [ [ 79.86071012877693, 7.322736019794644 ], [ 79.860710635666535, 7.322486300918528 ], [ 79.860800137092284, 7.322175925305467 ], [ 79.860978417554009, 7.321910095252838 ], [ 79.861023572711289, 7.321555264737845 ], [ 79.861068907763482, 7.321111704329337 ], [ 79.861069987722928, 7.320579323265502 ], [ 79.861071067598047, 7.320046943997297 ], [ 79.861116672195195, 7.319470287802561 ], [ 79.86111775185141, 7.318937907597022 ], [ 79.861074756571782, 7.318227976880529 ], [ 79.861076195914066, 7.317518136874219 ], [ 79.861078174778513, 7.316542105359241 ], [ 79.861124587803673, 7.315566164492481 ], [ 79.861125756788383, 7.31498941833921 ], [ 79.861133518899763, 7.314898640389702 ], [ 79.86059371297209, 7.314411595514213 ], [ 79.859972351012601, 7.314055417158059 ], [ 79.859395515315256, 7.313654963066391 ], [ 79.858596058171926, 7.31347588389575 ], [ 79.857752077434924, 7.313341078208969 ], [ 79.857041128943308, 7.313339636206793 ], [ 79.8565522619311, 7.313383008173171 ], [ 79.85610746837142, 7.313603931225899 ], [ 79.855618419304037, 7.313736033707322 ], [ 79.855262492527714, 7.31395713552297 ], [ 79.855229973167084, 7.314028182261465 ], [ 79.855039325924125, 7.314444698295277 ], [ 79.854905027370563, 7.314932441675315 ], [ 79.85463670000793, 7.315774833570005 ], [ 79.854502581629049, 7.316173846967053 ], [ 79.854101492849054, 7.316749777770587 ], [ 79.853656511674231, 7.317059426606316 ], [ 79.85316754996542, 7.317147161005357 ], [ 79.85267886137521, 7.3171017994249 ], [ 79.852056503463132, 7.317233624581807 ], [ 79.851567724153156, 7.317232626625275 ], [ 79.85103387201562, 7.317542091075449 ], [ 79.850678305023564, 7.317585729319175 ], [ 79.850291974382372, 7.317816091062016 ], [ 79.850233412038392, 7.317851010460203 ], [ 79.850055218704568, 7.318072470910408 ], [ 79.849787973903432, 7.318382479911461 ], [ 79.849653667224615, 7.318870220782864 ], [ 79.849563886875146, 7.319313688649405 ], [ 79.849518541000876, 7.319757246545961 ], [ 79.849606681467066, 7.320112347777578 ], [ 79.849783783607151, 7.320423265238815 ], [ 79.850182968938199, 7.32077900305431 ], [ 79.850671115646151, 7.321090557558234 ], [ 79.851026139497108, 7.321313109450519 ], [ 79.851602976288888, 7.32171357442205 ], [ 79.851957911144837, 7.321980489612418 ], [ 79.852401807278, 7.322203222111924 ], [ 79.852712579645555, 7.322336951582776 ], [ 79.853201457275006, 7.322293583251097 ], [ 79.853690515453309, 7.322161485592041 ], [ 79.854090703432234, 7.322029206258684 ], [ 79.854623924208852, 7.322030292636095 ], [ 79.855290269805678, 7.322120380353152 ], [ 79.8561339024874, 7.322432652047111 ], [ 79.856800158815247, 7.322567101616564 ], [ 79.857421889277944, 7.322745825804977 ], [ 79.857998644153653, 7.32319064748451 ], [ 79.858442454860892, 7.323457739436101 ], [ 79.858772313451652, 7.323953925632209 ], [ 79.85913371702523, 7.323720516090325 ], [ 79.859445557458642, 7.323519952730178 ], [ 79.859757433895069, 7.323301097381009 ], [ 79.860161242457124, 7.322917814274526 ], [ 79.860528002312023, 7.322735651230944 ], [ 79.86071012877693, 7.322736019794644 ] ] ] ] } },
{ "type": "Feature", "properties": { "OBJECTID_1": 464, "PROVINCE_N": "North Western", "DISTRICT_N": "Puttalam", "DSD_N": "Wennappuwa", "GND_N": "Bandirippuwa East", "GND_C": "476A", "TOTAL_POPU": 2359, "EXIS_COVE": "YES", "SUP_LEV": null, "SCH_NAME": null, "RWS_SCHE": null, "PROJ_DETAI": "PROCU", "WATER_SOUR": "Maa Oya", "PROJ_NAME": "Dankotuwa (Phase 1)", "COVER_PER": 100, "P_POP": 3166, "GRO_RATE": 1.2, "COVE_2018": 25.0, "WATER_QUAL": "COMPLIED", "COVE_2020": 25.0, "COVE_2025": 100.0, "COVE_2030": 100.0, "Shape_Leng": null, "Shape_Area": null, "OBJECTID_2": 1925, "OBJECTID_3": 1925, "OBJECTID": 12778, "EX_SCH_NAM": "Dankotuwa wss", "RWS_Name": "<Null>", "SUP_LEVEL": "24", "layer": "Sche_Puttlam", "path": "C:/Users/MB/Downloads/New folder (2)/Sem 05/Advanced GIS and Remote Sensing for Planning/WEB MAP/Shape Files/Shape Files/WSS Shape Files/Sche_Puttlam.shp" }, "geometry": { "type": "MultiPolygon", "coordinates": [ [ [ [ 79.874110895693093, 7.328077427099697 ], [ 79.874301128338473, 7.328066635259048 ], [ 79.874793597605461, 7.328067617314652 ], [ 79.875181029376165, 7.327822545910008 ], [ 79.875512078316703, 7.327766563913507 ], [ 79.87554851027474, 7.327713090901162 ], [ 79.875277071871949, 7.327304817486178 ], [ 79.874879141633571, 7.326806158913253 ], [ 79.874880435646816, 7.326158936296581 ], [ 79.875130658435808, 7.325711355177853 ], [ 79.875779804642093, 7.325264568149843 ], [ 79.876278857563321, 7.325066415714565 ], [ 79.877227194927798, 7.324620221443903 ], [ 79.877527478538767, 7.324073166121344 ], [ 79.87772793106538, 7.323575697324991 ], [ 79.877778788374229, 7.323077932262623 ], [ 79.877730707935456, 7.322181677511152 ], [ 79.877232652820879, 7.321881968916771 ], [ 79.876634866855213, 7.321582061614348 ], [ 79.876036982421766, 7.321331939367474 ], [ 79.875438602613997, 7.321330748765642 ], [ 79.874841017763927, 7.320931266018391 ], [ 79.873943448280428, 7.320929477529413 ], [ 79.87319597197417, 7.320679053545594 ], [ 79.872448297182032, 7.320528201646202 ], [ 79.872299799777807, 7.319980252894348 ], [ 79.872212420864869, 7.319855090548711 ], [ 79.871951743698759, 7.319481693239681 ], [ 79.871653253944785, 7.319132590143888 ], [ 79.871304500373839, 7.318982534539063 ], [ 79.870856018086442, 7.318832278352057 ], [ 79.870158612289941, 7.318482376484391 ], [ 79.869706141753866, 7.318399302901605 ], [ 79.869678116404955, 7.318419204174982 ], [ 79.869402922811545, 7.3186198490562 ], [ 79.869219215211288, 7.318875549909396 ], [ 79.868888880050392, 7.319167537797683 ], [ 79.868173432499859, 7.3196599489487 ], [ 79.867769964598324, 7.319878626245566 ], [ 79.867220015993027, 7.320060427991867 ], [ 79.866816732580929, 7.320187652697875 ], [ 79.866413558724304, 7.320260004410728 ], [ 79.86599199307976, 7.32036890063782 ], [ 79.865460583742617, 7.320440993546232 ], [ 79.864965444304815, 7.320696064556738 ], [ 79.864580404807072, 7.320859904803044 ], [ 79.863847037617774, 7.321151075457537 ], [ 79.863278545461256, 7.321442579258 ], [ 79.86280175978608, 7.321679393699548 ], [ 79.86261849182975, 7.321715605572365 ], [ 79.862196293317979, 7.322135435076004 ], [ 79.861793007099422, 7.322262654866643 ], [ 79.861316331212549, 7.322444596812677 ], [ 79.860747835160751, 7.322736096090682 ], [ 79.86071012877693, 7.322736019794644 ], [ 79.860710095341574, 7.322752491402783 ], [ 79.860887206531885, 7.32306340554395 ], [ 79.861197533552641, 7.323418955118014 ], [ 79.861596731559999, 7.323774684218352 ], [ 79.861906878810387, 7.324218963303747 ], [ 79.862083271785579, 7.324884798479102 ], [ 79.862304369499199, 7.325417627684233 ], [ 79.862525648409445, 7.325861726942724 ], [ 79.862880054499414, 7.326394825283471 ], [ 79.863234460480712, 7.326927924338553 ], [ 79.863303257584263, 7.327163218521293 ], [ 79.863304538266831, 7.32716316052593 ], [ 79.864735079940743, 7.327099200255915 ], [ 79.865474065061235, 7.326960207381541 ], [ 79.866212765362448, 7.326961694531845 ], [ 79.866775585260427, 7.326962826786076 ], [ 79.867478826144165, 7.327104722458223 ], [ 79.868111645641406, 7.327281596376834 ], [ 79.86892041727971, 7.327423701827015 ], [ 79.869729330865809, 7.327495564717636 ], [ 79.870467750626446, 7.327637526448976 ], [ 79.871909345821479, 7.327956496698747 ], [ 79.87282364964463, 7.328098806469841 ], [ 79.873703058932293, 7.32810056265821 ], [ 79.874110895693093, 7.328077427099697 ] ] ] ] } },
{ "type": "Feature", "properties": { "OBJECTID_1": 465, "PROVINCE_N": "North Western", "DISTRICT_N": "Puttalam", "DSD_N": "Wennappuwa", "GND_N": "Meda Dummaladeniya", "GND_C": "489A", "TOTAL_POPU": 1376, "EXIS_COVE": "YES", "SUP_LEV": null, "SCH_NAME": null, "RWS_SCHE": null, "PROJ_DETAI": "PROCU", "WATER_SOUR": "Bore Hole", "PROJ_NAME": "Dankotuwa (Phase 1)", "COVER_PER": 100, "P_POP": 2028, "GRO_RATE": 1.2, "COVE_2018": 25.0, "WATER_QUAL": "COMPLIED", "COVE_2020": 25.0, "COVE_2025": 100.0, "COVE_2030": 100.0, "Shape_Leng": null, "Shape_Area": null, "OBJECTID_2": 1927, "OBJECTID_3": 1927, "OBJECTID": 12780, "EX_SCH_NAM": "Naththandiya WSS", "RWS_Name": "<Null>", "SUP_LEVEL": "24", "layer": "Sche_Puttlam", "path": "C:/Users/MB/Downloads/New folder (2)/Sem 05/Advanced GIS and Remote Sensing for Planning/WEB MAP/Shape Files/Shape Files/WSS Shape Files/Sche_Puttlam.shp" }, "geometry": { "type": "MultiPolygon", "coordinates": [ [ [ [ 79.844857837019404, 7.329936546514277 ], [ 79.844923655419365, 7.329387745748392 ], [ 79.845080203418121, 7.328944118066629 ], [ 79.845207082754342, 7.328584564827139 ], [ 79.845249160796044, 7.327700510619522 ], [ 79.845131393402724, 7.326253490467392 ], [ 79.845093548449285, 7.325087954134554 ], [ 79.845095706355352, 7.324043063722505 ], [ 79.845098909738923, 7.322842121485859 ], [ 79.845098296213919, 7.32282214850302 ], [ 79.844994429887336, 7.322837883700299 ], [ 79.844234211676167, 7.323104013166118 ], [ 79.843340209362708, 7.323236018373191 ], [ 79.842669637700553, 7.323368481987633 ], [ 79.842177996655849, 7.323412083360783 ], [ 79.841105804539083, 7.32327602038907 ], [ 79.84003305672141, 7.323407649329583 ], [ 79.839496637260623, 7.32349577037347 ], [ 79.839094183266454, 7.32362878361839 ], [ 79.838734542834459, 7.323827293198238 ], [ 79.83872732642628, 7.323827933777177 ], [ 79.838681527341762, 7.324363226994111 ], [ 79.838501575661738, 7.324942859154441 ], [ 79.838277123102969, 7.325433166477876 ], [ 79.838320602312393, 7.326013261807877 ], [ 79.838319581123628, 7.326504032435563 ], [ 79.838318281325982, 7.327128650157794 ], [ 79.838137956143399, 7.327886742284125 ], [ 79.838047839708636, 7.328243481187358 ], [ 79.837957259486828, 7.328823298218886 ], [ 79.838000552239208, 7.329492622759054 ], [ 79.837954843778405, 7.329983301402121 ], [ 79.837951314419328, 7.330021184920414 ], [ 79.838267651514357, 7.329983950690397 ], [ 79.83925076224439, 7.329985989895972 ], [ 79.839965474541245, 7.330121317853155 ], [ 79.840590998839318, 7.330167229468004 ], [ 79.841395362841155, 7.330168893955152 ], [ 79.842244414438611, 7.330170649354779 ], [ 79.843048779731447, 7.330172310887868 ], [ 79.843763770354428, 7.330173786597074 ], [ 79.844255512157787, 7.330085569249109 ], [ 79.844792031683127, 7.329952828254707 ], [ 79.844857837019404, 7.329936546514277 ] ] ] ] } },
{ "type": "Feature", "properties": { "OBJECTID_1": 466, "PROVINCE_N": "North Western", "DISTRICT_N": "Puttalam", "DSD_N": "Wennappuwa", "GND_N": "Dummaladeniya West", "GND_C": "489", "TOTAL_POPU": 1256, "EXIS_COVE": "YES", "SUP_LEV": null, "SCH_NAME": null, "RWS_SCHE": null, "PROJ_DETAI": "PROCU", "WATER_SOUR": "Bore Hole", "PROJ_NAME": "Dankotuwa (Phase 1)", "COVER_PER": 75, "P_POP": 1481, "GRO_RATE": 1.2, "COVE_2018": 50.0, "WATER_QUAL": "COMPLIED", "COVE_2020": 50.0, "COVE_2025": 75.0, "COVE_2030": 75.0, "Shape_Leng": null, "Shape_Area": null, "OBJECTID_2": 1929, "OBJECTID_3": 1929, "OBJECTID": 12781, "EX_SCH_NAM": "Naththandiya WSS", "RWS_Name": "<Null>", "SUP_LEVEL": "24", "layer": "Sche_Puttlam", "path": "C:/Users/MB/Downloads/New folder (2)/Sem 05/Advanced GIS and Remote Sensing for Planning/WEB MAP/Shape Files/Shape Files/WSS Shape Files/Sche_Puttlam.shp" }, "geometry": { "type": "MultiPolygon", "coordinates": [ [ [ [ 79.837951314419328, 7.330021184920414 ], [ 79.837954843778405, 7.329983301402121 ], [ 79.838000552239208, 7.329492622759054 ], [ 79.837957259486828, 7.328823298218886 ], [ 79.838047839708636, 7.328243481187358 ], [ 79.838137956143399, 7.327886742284125 ], [ 79.838318281325982, 7.327128650157794 ], [ 79.838319581123628, 7.326504032435563 ], [ 79.838320602312393, 7.326013261807877 ], [ 79.838277123102969, 7.325433166477876 ], [ 79.838501575661738, 7.324942859154441 ], [ 79.838681527341762, 7.324363226994111 ], [ 79.83872732642628, 7.323827933777177 ], [ 79.837878845671668, 7.323558479943741 ], [ 79.837388039730115, 7.323200536530623 ], [ 79.836673526317099, 7.322975973950586 ], [ 79.835869826637449, 7.322661994404867 ], [ 79.835245059668026, 7.322259153429097 ], [ 79.834564722226133, 7.321832643823394 ], [ 79.834404214666549, 7.322449715096069 ], [ 79.834087085196316, 7.323424930008986 ], [ 79.833893232210059, 7.324017707401687 ], [ 79.833258228580092, 7.326232090929162 ], [ 79.832765453508543, 7.327417426674093 ], [ 79.832320748336201, 7.328514437073913 ], [ 79.831721482101131, 7.330379961348009 ], [ 79.831627268274417, 7.330998861725482 ], [ 79.831651849742542, 7.330996330757017 ], [ 79.832188466629006, 7.330818990403495 ], [ 79.832903270100417, 7.33090971355271 ], [ 79.833707446952872, 7.331000622925054 ], [ 79.834288376626361, 7.331001834226377 ], [ 79.834868934339042, 7.33118150767949 ], [ 79.835538958853576, 7.331316749641283 ], [ 79.83561664223285, 7.331332429897762 ], [ 79.835808011336823, 7.33087115261735 ], [ 79.836390245253739, 7.330247744817314 ], [ 79.837150200995012, 7.330115476941332 ], [ 79.837951314419328, 7.330021184920414 ] ] ] ] } },
{ "type": "Feature", "properties": { "OBJECTID_1": 467, "PROVINCE_N": "North Western", "DISTRICT_N": "Puttalam", "DSD_N": "Wennappuwa", "GND_N": "Kadawatha", "GND_C": "492D", "TOTAL_POPU": 1404, "EXIS_COVE": "YES", "SUP_LEV": null, "SCH_NAME": null, "RWS_SCHE": null, "PROJ_DETAI": "PROCU", "WATER_SOUR": "Bore Hole", "PROJ_NAME": "Dankotuwa (Phase 1)", "COVER_PER": 100, "P_POP": 2048, "GRO_RATE": 1.2, "COVE_2018": 75.0, "WATER_QUAL": "COMPLIED", "COVE_2020": 75.0, "COVE_2025": 100.0, "COVE_2030": 100.0, "Shape_Leng": null, "Shape_Area": null, "OBJECTID_2": 1933, "OBJECTID_3": 1933, "OBJECTID": 12784, "EX_SCH_NAM": "Naththandiya WSS", "RWS_Name": "<Null>", "SUP_LEVEL": "24", "layer": "Sche_Puttlam", "path": "C:/Users/MB/Downloads/New folder (2)/Sem 05/Advanced GIS and Remote Sensing for Planning/WEB MAP/Shape Files/Shape Files/WSS Shape Files/Sche_Puttlam.shp" }, "geometry": { "type": "MultiPolygon", "coordinates": [ [ [ [ 79.832349032446402, 7.336926061644608 ], [ 79.832310836861083, 7.336396199936469 ], [ 79.832446582569005, 7.335593402812172 ], [ 79.83249248630527, 7.335013494766734 ], [ 79.832761263783851, 7.334701747150585 ], [ 79.833298165346605, 7.334390559140717 ], [ 79.834013441710482, 7.334258205211428 ], [ 79.834772937234064, 7.334349020233779 ], [ 79.835085748636814, 7.334349672122484 ], [ 79.835443526575162, 7.33421656991853 ], [ 79.83531170183025, 7.333145519591785 ], [ 79.835313286540213, 7.332387055617013 ], [ 79.835493619133501, 7.331628964701623 ], [ 79.83561664223285, 7.331332429897762 ], [ 79.835538958853576, 7.331316749641283 ], [ 79.834868934339042, 7.33118150767949 ], [ 79.834288376626361, 7.331001834226377 ], [ 79.833707446952872, 7.331000622925054 ], [ 79.832903270100417, 7.33090971355271 ], [ 79.832188466629006, 7.330818990403495 ], [ 79.831651849742542, 7.330996330757017 ], [ 79.831627268274417, 7.330998861725482 ], [ 79.831437396876098, 7.332246144154544 ], [ 79.831204073607353, 7.333502339276292 ], [ 79.830709487437915, 7.335542545454778 ], [ 79.830500381266589, 7.336664877835438 ], [ 79.831103433223063, 7.336795215576009 ], [ 79.831594807730312, 7.336885475116831 ], [ 79.832309714053764, 7.336931585397382 ], [ 79.832349032446402, 7.336926061644608 ] ] ] ] } },
{ "type": "Feature", "properties": { "OBJECTID_1": 468, "PROVINCE_N": "North Western", "DISTRICT_N": "Puttalam", "DSD_N": "Dankotuwa", "GND_N": "Meda Haldanduwana", "GND_C": "468B", "TOTAL_POPU": 2955, "EXIS_COVE": "YES", "SUP_LEV": null, "SCH_NAME": null, "RWS_SCHE": null, "PROJ_DETAI": "<Null>", "WATER_SOUR": "Maa Oya", "PROJ_NAME": "<Null>", "COVER_PER": 25, "P_POP": 0, "GRO_RATE": 0.0, "COVE_2018": 25.0, "WATER_QUAL": "COMPLIED", "COVE_2020": 25.0, "COVE_2025": 25.0, "COVE_2030": 25.0, "Shape_Leng": null, "Shape_Area": null, "OBJECTID_2": 1910, "OBJECTID_3": 1910, "OBJECTID": 12767, "EX_SCH_NAM": "Dankotuwa wss", "RWS_Name": "<Null>", "SUP_LEVEL": "24", "layer": "Sche_Puttlam", "path": "C:/Users/MB/Downloads/New folder (2)/Sem 05/Advanced GIS and Remote Sensing for Planning/WEB MAP/Shape Files/Shape Files/WSS Shape Files/Sche_Puttlam.shp" }, "geometry": { "type": "MultiPolygon", "coordinates": [ [ [ [ 79.912100973613093, 7.314203557770934 ], [ 79.912039638109235, 7.31420344079221 ], [ 79.911651563157832, 7.314073460635591 ], [ 79.911479634487975, 7.313728493919642 ], [ 79.911307212063022, 7.313642004958514 ], [ 79.911048660614767, 7.313469192530382 ], [ 79.910617109433574, 7.313511448307209 ], [ 79.910228786946263, 7.31351070634999 ], [ 79.909796905220972, 7.31372527948571 ], [ 79.909451564356573, 7.313810778860237 ], [ 79.909020178285544, 7.313766873538764 ], [ 79.908805022103564, 7.313464903226885 ], [ 79.908374050308652, 7.313205599487037 ], [ 79.907813721876707, 7.312902968520854 ], [ 79.90738283321032, 7.312600584215237 ], [ 79.906995341587731, 7.312169044015429 ], [ 79.906391784815966, 7.311909407600858 ], [ 79.906047026734925, 7.311693346380014 ], [ 79.905313948778101, 7.311476539852145 ], [ 79.904624183708378, 7.31117365576108 ], [ 79.904193133701796, 7.310957428245542 ], [ 79.903805313113438, 7.310698203704347 ], [ 79.903546849809558, 7.310482307787788 ], [ 79.902813359136786, 7.310480895112517 ], [ 79.902209308583309, 7.310479730838276 ], [ 79.901432754921629, 7.310435153048373 ], [ 79.900742494835441, 7.310390741513651 ], [ 79.900181590457677, 7.310389657865045 ], [ 79.899534310257039, 7.310431485385723 ], [ 79.898886694578806, 7.310645630546457 ], [ 79.898713523327672, 7.310946853072318 ], [ 79.898152367414539, 7.311075004824925 ], [ 79.89776446798497, 7.310858856027226 ], [ 79.897333170062709, 7.310771860354217 ], [ 79.896975425501751, 7.310969391972164 ], [ 79.897094138774904, 7.311267393051456 ], [ 79.897359624477005, 7.311844661165379 ], [ 79.89753675849667, 7.312155564495303 ], [ 79.898291630260914, 7.312423220934806 ], [ 79.898913370639164, 7.312601887329219 ], [ 79.899357200872984, 7.312868940768369 ], [ 79.899934335659907, 7.313136251639043 ], [ 79.900467123424193, 7.313359110542029 ], [ 79.900955218245414, 7.313714978443625 ], [ 79.901265230989736, 7.314247966259999 ], [ 79.901523594083926, 7.314853101814506 ], [ 79.902286516938076, 7.315175566183996 ], [ 79.903105643987985, 7.315521782623994 ], [ 79.903623074164969, 7.31569509904141 ], [ 79.904139923316322, 7.31616997007345 ], [ 79.904700336606624, 7.316429526956052 ], [ 79.905261249198119, 7.316430605870345 ], [ 79.905951021558266, 7.31673349081734 ], [ 79.906511103985238, 7.317165362721572 ], [ 79.907114335822669, 7.31759731866231 ], [ 79.908192023331949, 7.318116342488512 ], [ 79.908235028765688, 7.318129061171017 ], [ 79.908307044542198, 7.317867398663793 ], [ 79.908405403489638, 7.317381230232304 ], [ 79.908503761259269, 7.316895061742323 ], [ 79.908634158147706, 7.316635921575107 ], [ 79.908927301451868, 7.316182548921072 ], [ 79.909285330060015, 7.31576172494853 ], [ 79.909838142880119, 7.315373697031795 ], [ 79.910520542018872, 7.315148034434499 ], [ 79.910910545857007, 7.314986661020397 ], [ 79.911235352978366, 7.314954857392093 ], [ 79.911625356459737, 7.314793481500057 ], [ 79.911983257450188, 7.314437503380193 ], [ 79.912100973613093, 7.314203557770934 ] ] ] ] } },
{ "type": "Feature", "properties": { "OBJECTID_1": 469, "PROVINCE_N": "North Western", "DISTRICT_N": "Puttalam", "DSD_N": "Dankotuwa", "GND_N": "Ihala Bujjampola", "GND_C": "470A", "TOTAL_POPU": 924, "EXIS_COVE": "YES", "SUP_LEV": null, "SCH_NAME": null, "RWS_SCHE": null, "PROJ_DETAI": "<Null>", "WATER_SOUR": "Maa Oya", "PROJ_NAME": "<Null>", "COVER_PER": 25, "P_POP": 0, "GRO_RATE": 0.0, "COVE_2018": 25.0, "WATER_QUAL": "COMPLIED", "COVE_2020": 25.0, "COVE_2025": 25.0, "COVE_2030": 25.0, "Shape_Leng": null, "Shape_Area": null, "OBJECTID_2": 1930, "OBJECTID_3": 1930, "OBJECTID": 12782, "EX_SCH_NAM": "Dankotuwa wss", "RWS_Name": "<Null>", "SUP_LEVEL": "24", "layer": "Sche_Puttlam", "path": "C:/Users/MB/Downloads/New folder (2)/Sem 05/Advanced GIS and Remote Sensing for Planning/WEB MAP/Shape Files/Shape Files/WSS Shape Files/Sche_Puttlam.shp" }, "geometry": { "type": "MultiPolygon", "coordinates": [ [ [ [ 79.939659343259677, 7.329936419762335 ], [ 79.939668437653737, 7.329732046981051 ], [ 79.939681544063603, 7.329456428001744 ], [ 79.939706161773984, 7.329192274903864 ], [ 79.939719196822793, 7.328916514723812 ], [ 79.939743792952967, 7.328663946320846 ], [ 79.939756785203528, 7.328411215395288 ], [ 79.939792956255985, 7.328135780094014 ], [ 79.939817800455984, 7.327825568685881 ], [ 79.939842346081079, 7.327561556466621 ], [ 79.939867097137324, 7.327262930522604 ], [ 79.939903311563697, 7.326964465913558 ], [ 79.939928409893838, 7.326631367550696 ], [ 79.939941400947077, 7.326378636577191 ], [ 79.93995459988669, 7.326091432036388 ], [ 79.939979166701818, 7.325815834154329 ], [ 79.939980901909578, 7.325528609319597 ], [ 79.940016866300752, 7.325287647491476 ], [ 79.940018397429384, 7.325034753353596 ], [ 79.940054907531504, 7.324690373382611 ], [ 79.940057032649733, 7.324345646850979 ], [ 79.940059036760047, 7.323989475490856 ], [ 79.940060999059639, 7.32365633430367 ], [ 79.940073990668822, 7.323403603276871 ], [ 79.940076135955124, 7.323047433065125 ], [ 79.940089425409212, 7.322748784929693 ], [ 79.940113878678972, 7.322496075057412 ], [ 79.940127486243668, 7.322140067054166 ], [ 79.940128112254953, 7.3221306644144 ], [ 79.939078110401724, 7.322224012408601 ], [ 79.938128693682415, 7.322308416130037 ], [ 79.937697293572697, 7.322264537933521 ], [ 79.937007245768385, 7.3220909384019 ], [ 79.936533017671167, 7.321874658936036 ], [ 79.9359292673346, 7.32170121791936 ], [ 79.935282127722871, 7.321656937009711 ], [ 79.935023802096666, 7.321354896711411 ], [ 79.934765717764449, 7.320923617109713 ], [ 79.934507392885408, 7.3206215765926 ], [ 79.934422061923868, 7.320104457622211 ], [ 79.933905253062704, 7.319586536268228 ], [ 79.933301586652675, 7.319370013058681 ], [ 79.932870673211823, 7.319067650520776 ], [ 79.932267411696102, 7.318635726920319 ], [ 79.931793351059738, 7.318333283095668 ], [ 79.931232755607397, 7.318159917851111 ], [ 79.930672079076686, 7.318029631947065 ], [ 79.930327463317767, 7.317727427487893 ], [ 79.929982768196027, 7.317468303705159 ], [ 79.929681542339054, 7.317036941310803 ], [ 79.929423546278272, 7.316562579451144 ], [ 79.929079095004838, 7.316174216096512 ], [ 79.928692062736545, 7.31548421290888 ], [ 79.928391406266627, 7.314751291006022 ], [ 79.92817680263019, 7.314147769502571 ], [ 79.928134787566094, 7.313544570958403 ], [ 79.928135838846302, 7.31298453312099 ], [ 79.92805059576483, 7.312424334700343 ], [ 79.927749537426109, 7.311906810672845 ], [ 79.927404928110931, 7.311604606466932 ], [ 79.927146614213243, 7.311302562782376 ], [ 79.926629175772817, 7.311129272869288 ], [ 79.926370780766632, 7.31087030968518 ], [ 79.926241907003316, 7.31056850822198 ], [ 79.9261565053, 7.310094468717845 ], [ 79.9260824803048, 7.310029551523422 ], [ 79.925811898447009, 7.309792262648079 ], [ 79.925338257950244, 7.309274414639603 ], [ 79.92482122837562, 7.308885725072567 ], [ 79.92430444326736, 7.308367795191273 ], [ 79.923744107459044, 7.308065182509294 ], [ 79.923236753678225, 7.307759941772844 ], [ 79.923226836915859, 7.3078057302936 ], [ 79.923096258897473, 7.30840860398043 ], [ 79.922922777643734, 7.308882156613218 ], [ 79.922921639142231, 7.309485273716693 ], [ 79.922661783938082, 7.310001743661949 ], [ 79.922660970357555, 7.310432541027329 ], [ 79.922529820759706, 7.311336971895639 ], [ 79.922096887152406, 7.312111594756141 ], [ 79.922397613013061, 7.312801439652751 ], [ 79.92243994511135, 7.313232318222026 ], [ 79.922654785532245, 7.313706602721545 ], [ 79.922912609043181, 7.314267126428202 ], [ 79.922998089820311, 7.314698087151557 ], [ 79.923428422297093, 7.315302015559166 ], [ 79.923599954482029, 7.315862377506848 ], [ 79.92377148611628, 7.31642273942292 ], [ 79.923986247848546, 7.316940102573581 ], [ 79.924287140798185, 7.317543786923842 ], [ 79.924329150410699, 7.318146985171738 ], [ 79.924414795456613, 7.318491785047522 ], [ 79.924241392624111, 7.318922258678048 ], [ 79.924197512202497, 7.319309894947195 ], [ 79.923981124553691, 7.319654126478918 ], [ 79.923808126630973, 7.319869201165839 ], [ 79.923375429384038, 7.320514584555501 ], [ 79.923072988081785, 7.320729415023889 ], [ 79.922727480078706, 7.320901083109693 ], [ 79.922209708118032, 7.320900106690887 ], [ 79.921734674456445, 7.32111460964209 ], [ 79.9213031972712, 7.321113795025438 ], [ 79.920785342690522, 7.321155896814653 ], [ 79.920310962801111, 7.321025760097148 ], [ 79.919836991978642, 7.320680225392008 ], [ 79.918931217517752, 7.320506191078206 ], [ 79.918284412570586, 7.320289567635525 ], [ 79.917723658028052, 7.320202344690448 ], [ 79.917249033502173, 7.320201444471696 ], [ 79.916602558265495, 7.319812498527644 ], [ 79.916387230010088, 7.319596690644341 ], [ 79.915999641484461, 7.319208235530321 ], [ 79.915655036079059, 7.318906022700552 ], [ 79.915483103644675, 7.318561057014547 ], [ 79.915225040670833, 7.318129768498533 ], [ 79.915096256320737, 7.317784884751759 ], [ 79.914795045735332, 7.317353514030371 ], [ 79.914752967698121, 7.316793396177106 ], [ 79.914753871763693, 7.316319520007797 ], [ 79.914711546268023, 7.315888641592024 ], [ 79.914582844964286, 7.315500677968739 ], [ 79.914324455479871, 7.315241707535353 ], [ 79.91410929574991, 7.314939740183334 ], [ 79.913807677402701, 7.31472376722335 ], [ 79.913419683623502, 7.314550708675468 ], [ 79.913204770852147, 7.314119501580368 ], [ 79.912557648989861, 7.314075188618569 ], [ 79.912384813342271, 7.314204098999794 ], [ 79.912100973613093, 7.314203557770934 ], [ 79.911983257450188, 7.314437503380193 ], [ 79.911625356459737, 7.314793481500057 ], [ 79.911235352978366, 7.314954857392093 ], [ 79.910910545857007, 7.314986661020397 ], [ 79.910520542018872, 7.315148034434499 ], [ 79.909838142880119, 7.315373697031795 ], [ 79.909285330060015, 7.31576172494853 ], [ 79.908927301451868, 7.316182548921072 ], [ 79.908634158147706, 7.316635921575107 ], [ 79.908503761259269, 7.316895061742323 ], [ 79.908405403489638, 7.317381230232304 ], [ 79.908307044542198, 7.317867398663793 ], [ 79.908235028765688, 7.318129061171017 ], [ 79.908925113687076, 7.318333145703629 ], [ 79.909269713564825, 7.318635364015911 ], [ 79.910045952110465, 7.318852248168047 ], [ 79.91073556778818, 7.319241284293318 ], [ 79.911382614912057, 7.319328680482915 ], [ 79.91202933155914, 7.319588393984529 ], [ 79.913279538196377, 7.320150816010257 ], [ 79.914357897602358, 7.320325189040932 ], [ 79.915176963266248, 7.320714466354353 ], [ 79.916212095351, 7.320931832937884 ], [ 79.917031409224023, 7.321191867682295 ], [ 79.917850724202026, 7.32145190104272 ], [ 79.91845446444799, 7.321625364562983 ], [ 79.91931725649863, 7.321713158672732 ], [ 79.920050523488925, 7.321843785317039 ], [ 79.920611281740378, 7.321931004744387 ], [ 79.921128646481876, 7.322147382525722 ], [ 79.921602947167344, 7.322320597519052 ], [ 79.921990706602386, 7.322622888854784 ], [ 79.922335400929796, 7.322882018623091 ], [ 79.922894938080361, 7.323615432015845 ], [ 79.923152848542372, 7.324132877039571 ], [ 79.923367286378408, 7.324822559337893 ], [ 79.923537842477856, 7.325899878446304 ], [ 79.923449917348535, 7.326761310088546 ], [ 79.923707585526373, 7.327407994692943 ], [ 79.923965661520114, 7.327839279726168 ], [ 79.924611992375816, 7.328314376834109 ], [ 79.924956528849961, 7.328659664115433 ], [ 79.925516646771612, 7.329091517800348 ], [ 79.925774887959676, 7.329436642243305 ], [ 79.925827688367249, 7.329569156416401 ], [ 79.926032560739429, 7.330083325095935 ], [ 79.926247248687034, 7.33064376782403 ], [ 79.926462097747518, 7.331118051558263 ], [ 79.926590975981568, 7.331419852474219 ], [ 79.926892368185648, 7.331765058483407 ], [ 79.92719416578062, 7.331894864704574 ], [ 79.927668641663814, 7.33198191572035 ], [ 79.928056818828594, 7.332068803446689 ], [ 79.928660903437546, 7.332069936420041 ], [ 79.929179094944615, 7.331855508054999 ], [ 79.929611068937248, 7.331597837484286 ], [ 79.930215557509911, 7.331383570300749 ], [ 79.930776491635342, 7.331384619582141 ], [ 79.931294277751718, 7.331385587530049 ], [ 79.93176923781742, 7.33121415437713 ], [ 79.932546562061148, 7.330870966233735 ], [ 79.933108060884933, 7.330570452574421 ], [ 79.933497205881821, 7.330140378311036 ], [ 79.933928934606215, 7.330011943118484 ], [ 79.934576567527273, 7.329797749040257 ], [ 79.935094834611974, 7.329540233198234 ], [ 79.935397438200965, 7.329239235613264 ], [ 79.935915222454895, 7.329240197960923 ], [ 79.936346709084631, 7.329240999461591 ], [ 79.936864333051275, 7.329328119890458 ], [ 79.937468014575529, 7.329544640842047 ], [ 79.937812723156568, 7.329803760297342 ], [ 79.938546011937845, 7.329934358877582 ], [ 79.939106947260839, 7.329935397567943 ], [ 79.939659343259677, 7.329936419762335 ] ] ] ] } },
{ "type": "Feature", "properties": { "OBJECTID_1": 470, "PROVINCE_N": "North Western", "DISTRICT_N": "Puttalam", "DSD_N": "Dankotuwa", "GND_N": "Pahala Bujjampola", "GND_C": "470", "TOTAL_POPU": 1901, "EXIS_COVE": "YES", "SUP_LEV": null, "SCH_NAME": null, "RWS_SCHE": null, "PROJ_DETAI": "<Null>", "WATER_SOUR": "Maa Oya", "PROJ_NAME": "<Null>", "COVER_PER": 50, "P_POP": 0, "GRO_RATE": 0.0, "COVE_2018": 50.0, "WATER_QUAL": "COMPLIED", "COVE_2020": 50.0, "COVE_2025": 50.0, "COVE_2030": 50.0, "Shape_Leng": null, "Shape_Area": null, "OBJECTID_2": 1932, "OBJECTID_3": 1932, "OBJECTID": 12783, "EX_SCH_NAM": "Dankotuwa wss", "RWS_Name": "<Null>", "SUP_LEVEL": "24", "layer": "Sche_Puttlam", "path": "C:/Users/MB/Downloads/New folder (2)/Sem 05/Advanced GIS and Remote Sensing for Planning/WEB MAP/Shape Files/Shape Files/WSS Shape Files/Sche_Puttlam.shp" }, "geometry": { "type": "MultiPolygon", "coordinates": [ [ [ [ 79.925827688367249, 7.329569156416401 ], [ 79.925774887959676, 7.329436642243305 ], [ 79.925516646771612, 7.329091517800348 ], [ 79.924956528849961, 7.328659664115433 ], [ 79.924611992375816, 7.328314376834109 ], [ 79.923965661520114, 7.327839279726168 ], [ 79.923707585526373, 7.327407994692943 ], [ 79.923449917348535, 7.326761310088546 ], [ 79.923537842477856, 7.325899878446304 ], [ 79.923367286378408, 7.324822559337893 ], [ 79.923152848542372, 7.324132877039571 ], [ 79.922894938080361, 7.323615432015845 ], [ 79.922335400929796, 7.322882018623091 ], [ 79.921990706602386, 7.322622888854784 ], [ 79.921602947167344, 7.322320597519052 ], [ 79.921128646481876, 7.322147382525722 ], [ 79.920611281740378, 7.321931004744387 ], [ 79.920050523488925, 7.321843785317039 ], [ 79.91931725649863, 7.321713158672732 ], [ 79.91845446444799, 7.321625364562983 ], [ 79.917850724202026, 7.32145190104272 ], [ 79.917031409224023, 7.321191867682295 ], [ 79.916212095351, 7.320931832937884 ], [ 79.915176963266248, 7.320714466354353 ], [ 79.914357897602358, 7.320325189040932 ], [ 79.913279538196377, 7.320150816010257 ], [ 79.91202933155914, 7.319588393984529 ], [ 79.911382614912057, 7.319328680482915 ], [ 79.91073556778818, 7.319241284293318 ], [ 79.910045952110465, 7.318852248168047 ], [ 79.910014518429904, 7.318929308538626 ], [ 79.909713910983299, 7.319228295386272 ], [ 79.909505931413605, 7.319366156493011 ], [ 79.909251393642492, 7.319711316622671 ], [ 79.90901984679337, 7.320102607882964 ], [ 79.908834414131718, 7.320517030064801 ], [ 79.908487513848229, 7.320885055362468 ], [ 79.908209672787848, 7.32134538730025 ], [ 79.907793222792549, 7.321874582166829 ], [ 79.907353912772095, 7.322288516291917 ], [ 79.907030177758116, 7.322610499164827 ], [ 79.906614212855672, 7.322886218185175 ], [ 79.906151643876967, 7.323392277961721 ], [ 79.905804515900712, 7.323875517395456 ], [ 79.905457699456846, 7.324197454453417 ], [ 79.905087624401631, 7.324611519054445 ], [ 79.904925221542413, 7.325049026868196 ], [ 79.904855047109081, 7.325532798551226 ], [ 79.904830987362786, 7.326039700832403 ], [ 79.904829829555169, 7.326638820756926 ], [ 79.904891834642186, 7.327427349998176 ], [ 79.905040338935734, 7.327599097361942 ], [ 79.905237800650752, 7.327920851307658 ], [ 79.905756337085052, 7.32866348153384 ], [ 79.906101932905372, 7.329208010362263 ], [ 79.906521572928483, 7.329876286015662 ], [ 79.906768128994173, 7.330420623987372 ], [ 79.907064443914805, 7.330841452056658 ], [ 79.907110120312865, 7.331425644339119 ], [ 79.907386628249924, 7.331353953536106 ], [ 79.907645104498158, 7.33156984867694 ], [ 79.907860516158067, 7.331742581100735 ], [ 79.908206036452597, 7.331570926138268 ], [ 79.908379460252505, 7.331140462177727 ], [ 79.908854591849604, 7.330882895667978 ], [ 79.909501985333648, 7.330797977514587 ], [ 79.910192693850959, 7.330626982488277 ], [ 79.911012515358053, 7.330628552156801 ], [ 79.911875734527698, 7.330500963557418 ], [ 79.912652738559103, 7.330330129559693 ], [ 79.913170438515507, 7.330374198004055 ], [ 79.913644825033586, 7.330504342195734 ], [ 79.914072288970942, 7.330590547024721 ], [ 79.914072457514735, 7.330502443427902 ], [ 79.914073175621368, 7.33012705236949 ], [ 79.914210553051177, 7.329786047452922 ], [ 79.914313748432647, 7.329444977312616 ], [ 79.914690589093894, 7.329002049021154 ], [ 79.914896066515624, 7.328797680465502 ], [ 79.915374795059094, 7.328696211561815 ], [ 79.915716475207432, 7.328765114872626 ], [ 79.916023649002867, 7.329004586715197 ], [ 79.916604531660937, 7.329108070861031 ], [ 79.917288088381909, 7.329143496256086 ], [ 79.918279079677518, 7.329281884521762 ], [ 79.918620630202739, 7.329419038565541 ], [ 79.919030804280865, 7.329419816277901 ], [ 79.919474184558737, 7.329932557490694 ], [ 79.919644312142452, 7.330342401126634 ], [ 79.919950905782542, 7.330889008503333 ], [ 79.920291357128903, 7.331606314426092 ], [ 79.92056409424012, 7.331982223750972 ], [ 79.920871207326655, 7.332255819235457 ], [ 79.921110087917896, 7.332461031451208 ], [ 79.921417655790719, 7.332495739747725 ], [ 79.921725288454567, 7.33249632139656 ], [ 79.922032920237839, 7.332496902833265 ], [ 79.922511717656647, 7.332361300169432 ], [ 79.922648572675499, 7.332293305466462 ], [ 79.922785815469453, 7.332020551096395 ], [ 79.923025924633507, 7.331577356118092 ], [ 79.923232046851638, 7.331031717087566 ], [ 79.923540323417768, 7.330691031860735 ], [ 79.923916768034118, 7.330452854625467 ], [ 79.92425903212181, 7.330214612626656 ], [ 79.924532804815243, 7.330044493606729 ], [ 79.924943559253649, 7.329738126810846 ], [ 79.925148968486667, 7.329567879555682 ], [ 79.925627504529743, 7.329568779921452 ], [ 79.925827688367249, 7.329569156416401 ] ] ] ] } },
{ "type": "Feature", "properties": { "OBJECTID_1": 471, "PROVINCE_N": "North Western", "DISTRICT_N": "Puttalam", "DSD_N": "Dankotuwa", "GND_N": "Metikotuwa", "GND_C": "472", "TOTAL_POPU": 1859, "EXIS_COVE": "YES", "SUP_LEV": null, "SCH_NAME": null, "RWS_SCHE": null, "PROJ_DETAI": "PROCU", "WATER_SOUR": "Maa Oya", "PROJ_NAME": "Dankotuwa (Phase 1)", "COVER_PER": 100, "P_POP": 1860, "GRO_RATE": 1.2, "COVE_2018": 75.0, "WATER_QUAL": "COMPLIED", "COVE_2020": 75.0, "COVE_2025": 100.0, "COVE_2030": 100.0, "Shape_Leng": null, "Shape_Area": null, "OBJECTID_2": 1936, "OBJECTID_3": 1936, "OBJECTID": 12786, "EX_SCH_NAM": "Dankotuwa wss", "RWS_Name": "<Null>", "SUP_LEVEL": "24", "layer": "Sche_Puttlam", "path": "C:/Users/MB/Downloads/New folder (2)/Sem 05/Advanced GIS and Remote Sensing for Planning/WEB MAP/Shape Files/Shape Files/WSS Shape Files/Sche_Puttlam.shp" }, "geometry": { "type": "MultiPolygon", "coordinates": [ [ [ [ 79.895375053682002, 7.291165598920173 ], [ 79.895858309724801, 7.290994322786196 ], [ 79.896320890043668, 7.29074677095419 ], [ 79.896819704784804, 7.290144363003162 ], [ 79.897069353541298, 7.289718934903274 ], [ 79.897247771204647, 7.289364355109023 ], [ 79.89756857892651, 7.288903571534766 ], [ 79.897782748133451, 7.288442581610731 ], [ 79.89806814619169, 7.287910744660874 ], [ 79.898352925839674, 7.287698339445826 ], [ 79.898602226256088, 7.287450371954153 ], [ 79.898886868000346, 7.287308951436123 ], [ 79.899313416582189, 7.287309774253086 ], [ 79.8993683142252, 7.287309880122042 ], [ 79.899630501404559, 7.285560971107561 ], [ 79.899682767058749, 7.283312238468987 ], [ 79.89983260718931, 7.28138333845535 ], [ 79.899453409335422, 7.281309706612412 ], [ 79.899133477935962, 7.281098863714211 ], [ 79.898906471957204, 7.280796929487007 ], [ 79.898714622223594, 7.280460874132393 ], [ 79.898569362605087, 7.280067971791418 ], [ 79.898469993968419, 7.279687026498704 ], [ 79.89844049100428, 7.279249419306201 ], [ 79.898514229386052, 7.278836030439209 ], [ 79.898576834404736, 7.278399449862572 ], [ 79.898662452470219, 7.277951751223577 ], [ 79.89871282676576, 7.277584091612751 ], [ 79.898763900163431, 7.277147488719601 ], [ 79.898768591880668, 7.276733258648338 ], [ 79.898646488868124, 7.27632895742484 ], [ 79.898467034281765, 7.275912677977735 ], [ 79.898183007514234, 7.275575596796807 ], [ 79.89786303324307, 7.275353167853987 ], [ 79.897531178377861, 7.275165047491245 ], [ 79.897141552613519, 7.274999277628643 ], [ 79.896773892113558, 7.27492594948424 ], [ 79.896302941488059, 7.274816817618841 ], [ 79.895866164645568, 7.274742507094889 ], [ 79.895498433143501, 7.274669177825971 ], [ 79.895096249861865, 7.274595357553651 ], [ 79.894705690633984, 7.274510114944504 ], [ 79.894257290366809, 7.27444736598462 ], [ 79.893901161178505, 7.274374057038784 ], [ 79.893533524534348, 7.274289140885614 ], [ 79.893097076000316, 7.274191940368611 ], [ 79.892741134270224, 7.274095603603167 ], [ 79.892316147468449, 7.273998424606089 ], [ 79.891937120920446, 7.273913485124663 ], [ 79.891557837170382, 7.273851432001072 ], [ 79.891189523600289, 7.273824014540032 ], [ 79.890752234642619, 7.273795755620601 ], [ 79.890414986065622, 7.273791738084168 ], [ 79.890383804791043, 7.273791366400197 ], [ 79.889957626028902, 7.273797884931323 ], [ 79.889519658820547, 7.273827266353771 ], [ 79.889127488454648, 7.273880047753177 ], [ 79.888689405571128, 7.27393245813626 ], [ 79.888400964188492, 7.273960952512911 ], [ 79.888391315545761, 7.274431654478275 ], [ 79.888390410660605, 7.274475787674616 ], [ 79.888351119085598, 7.276392306282056 ], [ 79.888277945696615, 7.27745693891861 ], [ 79.88827530719179, 7.278805648027342 ], [ 79.888273293256759, 7.279834926714329 ], [ 79.888058077892325, 7.280828295794738 ], [ 79.888163115759298, 7.281644828631245 ], [ 79.887984694260467, 7.281999404471232 ], [ 79.88780606482149, 7.282460458465752 ], [ 79.887556483222866, 7.282850388575438 ], [ 79.88741304969372, 7.283488973071624 ], [ 79.887376252164501, 7.284127764942173 ], [ 79.887517251748463, 7.284731412544018 ], [ 79.887836187333988, 7.285228930896854 ], [ 79.888191154908753, 7.285478071349043 ], [ 79.88861672870398, 7.285975797514411 ], [ 79.888970934172562, 7.286615352695732 ], [ 79.889218781959599, 7.287112731657198 ], [ 79.889324515593643, 7.287574340741833 ], [ 79.889394495235237, 7.288142356050831 ], [ 79.88971322764732, 7.288746350025801 ], [ 79.889853744302016, 7.289598444554239 ], [ 79.889887693554797, 7.29041483775525 ], [ 79.889845383585026, 7.290761171755674 ], [ 79.890776304888249, 7.290877397713842 ], [ 79.890988992738031, 7.290736416704881 ], [ 79.89145136784721, 7.290595346662665 ], [ 79.891771627816155, 7.290418507864916 ], [ 79.892339947304521, 7.290632568276965 ], [ 79.892837245337034, 7.290810998273296 ], [ 79.893405426748217, 7.291096042445655 ], [ 79.893867387065441, 7.291167924871352 ], [ 79.894222847380448, 7.29116861488831 ], [ 79.8946849452077, 7.291169511491464 ], [ 79.89504040650769, 7.291170200867619 ], [ 79.895360319896071, 7.291170821063782 ], [ 79.895375053682002, 7.291165598920173 ] ] ] ] } },
{ "type": "Feature", "properties": { "OBJECTID_1": 472, "PROVINCE_N": "North Western", "DISTRICT_N": "Puttalam", "DSD_N": "Wennappuwa", "GND_N": "Wennappuwa South", "GND_C": "491A", "TOTAL_POPU": 1315, "EXIS_COVE": "YES", "SUP_LEV": null, "SCH_NAME": null, "RWS_SCHE": null, "PROJ_DETAI": "PROCU", "WATER_SOUR": "Kadupiti Oya", "PROJ_NAME": "Dankotuwa (Phase 1)", "COVER_PER": 100, "P_POP": 1865, "GRO_RATE": 1.2, "COVE_2018": 75.0, "WATER_QUAL": "COMPLIED", "COVE_2020": 75.0, "COVE_2025": 100.0, "COVE_2030": 100.0, "Shape_Leng": null, "Shape_Area": null, "OBJECTID_2": 1938, "OBJECTID_3": 1938, "OBJECTID": 12788, "EX_SCH_NAM": "Kakkapalliya wss", "RWS_Name": "<Null>", "SUP_LEVEL": "24", "layer": "Sche_Puttlam", "path": "C:/Users/MB/Downloads/New folder (2)/Sem 05/Advanced GIS and Remote Sensing for Planning/WEB MAP/Shape Files/Shape Files/WSS Shape Files/Sche_Puttlam.shp" }, "geometry": { "type": "MultiPolygon", "coordinates": [ [ [ [ 79.855441353416509, 7.335742026306078 ], [ 79.855246291796561, 7.335574408464358 ], [ 79.854308856497909, 7.335081720355053 ], [ 79.853594404465113, 7.334812566967048 ], [ 79.852924822555693, 7.334454271539488 ], [ 79.852255334258757, 7.33405135998184 ], [ 79.85207740845533, 7.333649452482404 ], [ 79.851899849221169, 7.333069083004594 ], [ 79.852169438065971, 7.332355780021726 ], [ 79.852483713613708, 7.331642569003837 ], [ 79.853200628260964, 7.33070710009856 ], [ 79.853872761870377, 7.329816154650914 ], [ 79.854410467129313, 7.32910339658304 ], [ 79.854616902047141, 7.328634904136045 ], [ 79.854545687736149, 7.328563512332848 ], [ 79.854143987425132, 7.328160810248839 ], [ 79.85350027944412, 7.327998742691837 ], [ 79.852936913175753, 7.327917216354023 ], [ 79.852252707477049, 7.327875630039578 ], [ 79.851327071719439, 7.327793361239024 ], [ 79.850562197648401, 7.327831984418705 ], [ 79.84947522345017, 7.327910133756641 ], [ 79.848750435503291, 7.328029212992821 ], [ 79.848065899738529, 7.328148372749888 ], [ 79.847421120077584, 7.328508743144255 ], [ 79.846776503438377, 7.328788735849311 ], [ 79.846051631816991, 7.328947997867431 ], [ 79.845488099973181, 7.328946837914147 ], [ 79.845080203418121, 7.328944118066629 ], [ 79.844923655419365, 7.329387745748392 ], [ 79.844857837019404, 7.329936546514277 ], [ 79.844841739002561, 7.330070776270975 ], [ 79.844840243448289, 7.33079416183925 ], [ 79.844556647338067, 7.331677718759253 ], [ 79.844232548545648, 7.332681756224589 ], [ 79.844227211793068, 7.332723680555807 ], [ 79.844272719075974, 7.332722026631775 ], [ 79.845319368512975, 7.332683996812941 ], [ 79.845963409733486, 7.332685323328941 ], [ 79.846728042726042, 7.332767273075214 ], [ 79.847653438025063, 7.332970116543174 ], [ 79.848216561200573, 7.333172216024924 ], [ 79.84890035910017, 7.33341474926709 ], [ 79.849583827964068, 7.33381803400123 ], [ 79.850065951425293, 7.334261093585883 ], [ 79.850669000195438, 7.334624024430964 ], [ 79.851110542251959, 7.335227753134403 ], [ 79.850867785543059, 7.33583008089316 ], [ 79.850665199569036, 7.336472677462406 ], [ 79.850446939436921, 7.336906264540686 ], [ 79.850744135089101, 7.33723641736951 ], [ 79.851307429534955, 7.337358136178231 ], [ 79.851950317223526, 7.33747999735552 ], [ 79.852353762244618, 7.337480843802449 ], [ 79.853158823103911, 7.337482490277595 ], [ 79.853602018829235, 7.337282453348701 ], [ 79.854286897689519, 7.337002535036841 ], [ 79.854770674892364, 7.336641827257553 ], [ 79.855053104748393, 7.336320896771447 ], [ 79.85537611531511, 7.335839295438867 ], [ 79.855441353416509, 7.335742026306078 ] ] ] ] } },
{ "type": "Feature", "properties": { "OBJECTID_1": 473, "PROVINCE_N": "North Western", "DISTRICT_N": "Puttalam", "DSD_N": "Dankotuwa", "GND_N": "Katukenda West", "GND_C": "475A", "TOTAL_POPU": 564, "EXIS_COVE": "YES", "SUP_LEV": null, "SCH_NAME": null, "RWS_SCHE": null, "PROJ_DETAI": "PROCU", "WATER_SOUR": "Maa Oya", "PROJ_NAME": "Dankotuwa (Phase 1)", "COVER_PER": 75, "P_POP": 692, "GRO_RATE": 1.2, "COVE_2018": 25.0, "WATER_QUAL": "COMPLIED", "COVE_2020": 25.0, "COVE_2025": 75.0, "COVE_2030": 75.0, "Shape_Leng": null, "Shape_Area": null, "OBJECTID_2": 1939, "OBJECTID_3": 1939, "OBJECTID": 12789, "EX_SCH_NAM": "Dankotuwa wss", "RWS_Name": "<Null>", "SUP_LEVEL": "24", "layer": "Sche_Puttlam", "path": "C:/Users/MB/Downloads/New folder (2)/Sem 05/Advanced GIS and Remote Sensing for Planning/WEB MAP/Shape Files/Shape Files/WSS Shape Files/Sche_Puttlam.shp" }, "geometry": { "type": "MultiPolygon", "coordinates": [ [ [ [ 79.882102320904423, 7.336621428042071 ], [ 79.882122062395936, 7.336606841732586 ], [ 79.882399473571482, 7.336401827882406 ], [ 79.882688626776925, 7.336162363629544 ], [ 79.882966247110176, 7.335922875441214 ], [ 79.883232543603796, 7.335648752882826 ], [ 79.883417879672336, 7.335454574794436 ], [ 79.883661182047319, 7.335180405562831 ], [ 79.883846937824501, 7.334917283910428 ], [ 79.883963334067914, 7.334699800184921 ], [ 79.884103052265232, 7.3344248609146 ], [ 79.884254303432428, 7.334150085400342 ], [ 79.884371003275874, 7.333886544989753 ], [ 79.88449928080027, 7.333600138513281 ], [ 79.884615980326885, 7.333336597094051 ], [ 79.884744026250701, 7.333096107931339 ], [ 79.884860351774151, 7.332878622805383 ], [ 79.885023601323752, 7.3325463698974 ], [ 79.885198286802094, 7.332191392532144 ], [ 79.885291991439544, 7.331927664440001 ], [ 79.885351120542865, 7.33165228357603 ], [ 79.885364259454363, 7.331376670090396 ], [ 79.885365935887506, 7.331100892953095 ], [ 79.88529855854425, 7.330824696700566 ], [ 79.885223146428274, 7.330701447809993 ], [ 79.885078178764829, 7.328922723620622 ], [ 79.884980316715215, 7.327976582998366 ], [ 79.884883045449129, 7.326731723561513 ], [ 79.884835641086525, 7.32548696237039 ], [ 79.884337871380751, 7.325037901273928 ], [ 79.883293014726732, 7.324718151906652 ], [ 79.883191653418038, 7.324687133144669 ], [ 79.882245590325326, 7.323988250228847 ], [ 79.881847556265683, 7.323539384805963 ], [ 79.881100563804836, 7.32304004019084 ], [ 79.880751111421162, 7.323238495512942 ], [ 79.880152133919353, 7.323536030235268 ], [ 79.879452831386232, 7.324132083889803 ], [ 79.878903024171777, 7.324778219670587 ], [ 79.878203718981752, 7.325374271823303 ], [ 79.876805200651106, 7.326516584579887 ], [ 79.876105889172678, 7.327112632759643 ], [ 79.87554851027474, 7.327713090901162 ], [ 79.875512078316703, 7.327766563913507 ], [ 79.875181029376165, 7.327822545910008 ], [ 79.874793597605461, 7.328067617314652 ], [ 79.874301128338473, 7.328066635259048 ], [ 79.874110895693093, 7.328077427099697 ], [ 79.874790681896826, 7.331021944381949 ], [ 79.874650246114115, 7.332486047002236 ], [ 79.874553902681924, 7.33481971353471 ], [ 79.874501700234518, 7.336805698022558 ], [ 79.874842130466604, 7.336776827576521 ], [ 79.875840526417534, 7.336778819073905 ], [ 79.876589180829185, 7.336851510051427 ], [ 79.877195066754069, 7.336995114741209 ], [ 79.877871909977188, 7.337316858958821 ], [ 79.878299439997093, 7.337495708368981 ], [ 79.878619928042568, 7.337709942871991 ], [ 79.878859528681133, 7.337912689583209 ], [ 79.878942415789211, 7.337433648286917 ], [ 79.879176811482793, 7.336967932847435 ], [ 79.879901902780787, 7.336293408591156 ], [ 79.880999192635727, 7.336295584733926 ], [ 79.881746099001276, 7.336390300749114 ], [ 79.882102320904423, 7.336621428042071 ] ] ] ] } },
{ "type": "Feature", "properties": { "OBJECTID_1": 474, "PROVINCE_N": "North Western", "DISTRICT_N": "Puttalam", "DSD_N": "Wennappuwa", "GND_N": "Bandirippuwa North", "GND_C": "476", "TOTAL_POPU": 1316, "EXIS_COVE": "YES", "SUP_LEV": null, "SCH_NAME": null, "RWS_SCHE": null, "PROJ_DETAI": "PROCU", "WATER_SOUR": "Maa Oya", "PROJ_NAME": "Dankotuwa (Phase 1)", "COVER_PER": 100, "P_POP": 2082, "GRO_RATE": 1.2, "COVE_2018": 25.0, "WATER_QUAL": "COMPLIED", "COVE_2020": 25.0, "COVE_2025": 100.0, "COVE_2030": 100.0, "Shape_Leng": null, "Shape_Area": null, "OBJECTID_2": 1941, "OBJECTID_3": 1941, "OBJECTID": 12790, "EX_SCH_NAM": "Dankotuwa wss", "RWS_Name": "<Null>", "SUP_LEVEL": "24", "layer": "Sche_Puttlam", "path": "C:/Users/MB/Downloads/New folder (2)/Sem 05/Advanced GIS and Remote Sensing for Planning/WEB MAP/Shape Files/Shape Files/WSS Shape Files/Sche_Puttlam.shp" }, "geometry": { "type": "MultiPolygon", "coordinates": [ [ [ [ 79.874501700234518, 7.336805698022558 ], [ 79.874553902681924, 7.33481971353471 ], [ 79.874650246114115, 7.332486047002236 ], [ 79.874790681896826, 7.331021944381949 ], [ 79.874110895693093, 7.328077427099697 ], [ 79.873703058932293, 7.32810056265821 ], [ 79.87282364964463, 7.328098806469841 ], [ 79.871909345821479, 7.327956496698747 ], [ 79.870467750626446, 7.327637526448976 ], [ 79.869729330865809, 7.327495564717636 ], [ 79.86892041727971, 7.327423701827015 ], [ 79.868111645641406, 7.327281596376834 ], [ 79.867478826144165, 7.327104722458223 ], [ 79.866775585260427, 7.326962826786076 ], [ 79.866212765362448, 7.326961694531845 ], [ 79.865474065061235, 7.326960207381541 ], [ 79.864735079940743, 7.327099200255915 ], [ 79.863304538266831, 7.32716316052593 ], [ 79.863303257584263, 7.327163218521293 ], [ 79.863455111119876, 7.327682577993419 ], [ 79.863453853227028, 7.328303689149118 ], [ 79.863452325639258, 7.329057895141613 ], [ 79.863629081411844, 7.32954626937253 ], [ 79.863938875731662, 7.330168007505662 ], [ 79.864293645606537, 7.330523645422522 ], [ 79.864559184043202, 7.331056564614535 ], [ 79.864691325991984, 7.33163357891043 ], [ 79.864778851619263, 7.332299233490997 ], [ 79.864777325419027, 7.333053439627663 ], [ 79.864820594485209, 7.33363027464287 ], [ 79.864997532548742, 7.334029918721186 ], [ 79.8648626064995, 7.334828220872025 ], [ 79.864950312012795, 7.335405145519267 ], [ 79.864948785445819, 7.336159352491903 ], [ 79.864947168907179, 7.336957923488899 ], [ 79.864990349043069, 7.337579123417146 ], [ 79.864988642437837, 7.338422058420536 ], [ 79.86497481510257, 7.338642460103569 ], [ 79.865960600391304, 7.338218596201505 ], [ 79.866459943539652, 7.33814840277979 ], [ 79.867244685517548, 7.338007585392885 ], [ 79.867958400744953, 7.337724224957385 ], [ 79.868564856120017, 7.337583045579792 ], [ 79.869242625835895, 7.337442008573417 ], [ 79.870277251325845, 7.337159288579262 ], [ 79.87120433224942, 7.337161147412191 ], [ 79.872167572099968, 7.336913880638075 ], [ 79.873058995688893, 7.336915664203065 ], [ 79.874021877737562, 7.336846388806611 ], [ 79.874501700234518, 7.336805698022558 ] ] ] ] } },
{ "type": "Feature", "properties": { "OBJECTID_1": 475, "PROVINCE_N": "North Western", "DISTRICT_N": "Puttalam", "DSD_N": "Wennappuwa", "GND_N": "Bandirippuwa West", "GND_C": "476B", "TOTAL_POPU": 1641, "EXIS_COVE": "YES", "SUP_LEV": null, "SCH_NAME": null, "RWS_SCHE": null, "PROJ_DETAI": "PROCU", "WATER_SOUR": "Maa Oya", "PROJ_NAME": "Dankotuwa (Phase 1)", "COVER_PER": 100, "P_POP": 1954, "GRO_RATE": 1.2, "COVE_2018": 25.0, "WATER_QUAL": "COMPLIED", "COVE_2020": 25.0, "COVE_2025": 100.0, "COVE_2030": 100.0, "Shape_Leng": null, "Shape_Area": null, "OBJECTID_2": 1942, "OBJECTID_3": 1942, "OBJECTID": 12791, "EX_SCH_NAM": "Dankotuwa wss", "RWS_Name": "<Null>", "SUP_LEVEL": "24", "layer": "Sche_Puttlam", "path": "C:/Users/MB/Downloads/New folder (2)/Sem 05/Advanced GIS and Remote Sensing for Planning/WEB MAP/Shape Files/Shape Files/WSS Shape Files/Sche_Puttlam.shp" }, "geometry": { "type": "MultiPolygon", "coordinates": [ [ [ [ 79.86497481510257, 7.338642460103569 ], [ 79.864988642437837, 7.338422058420536 ], [ 79.864990349043069, 7.337579123417146 ], [ 79.864947168907179, 7.336957923488899 ], [ 79.864948785445819, 7.336159352491903 ], [ 79.864950312012795, 7.335405145519267 ], [ 79.8648626064995, 7.334828220872025 ], [ 79.864997532548742, 7.334029918721186 ], [ 79.864820594485209, 7.33363027464287 ], [ 79.864777325419027, 7.333053439627663 ], [ 79.864778851619263, 7.332299233490997 ], [ 79.864691325991984, 7.33163357891043 ], [ 79.864559184043202, 7.331056564614535 ], [ 79.864293645606537, 7.330523645422522 ], [ 79.863938875731662, 7.330168007505662 ], [ 79.863629081411844, 7.32954626937253 ], [ 79.863452325639258, 7.329057895141613 ], [ 79.863453853227028, 7.328303689149118 ], [ 79.863455111119876, 7.327682577993419 ], [ 79.863303257584263, 7.327163218521293 ], [ 79.863234460480712, 7.326927924338553 ], [ 79.862880054499414, 7.326394825283471 ], [ 79.862525648409445, 7.325861726942724 ], [ 79.862304369499199, 7.325417627684233 ], [ 79.862083271785579, 7.324884798479102 ], [ 79.861906878810387, 7.324218963303747 ], [ 79.861596731559999, 7.323774684218352 ], [ 79.861197533552641, 7.323418955118014 ], [ 79.860887206531885, 7.32306340554395 ], [ 79.860710095341574, 7.322752491402783 ], [ 79.86071012877693, 7.322736019794644 ], [ 79.860528002312023, 7.322735651230944 ], [ 79.860161242457124, 7.322917814274526 ], [ 79.859757433895069, 7.323301097381009 ], [ 79.859445557458642, 7.323519952730178 ], [ 79.85913371702523, 7.323720516090325 ], [ 79.858772313451652, 7.323953925632209 ], [ 79.858366391539832, 7.324227443071917 ], [ 79.858064400976517, 7.32422683020833 ], [ 79.857627437216806, 7.325640927153497 ], [ 79.857155210598094, 7.326994053377787 ], [ 79.855954931082934, 7.327252013831828 ], [ 79.855881180321234, 7.32726786429139 ], [ 79.85588878169969, 7.327321771367092 ], [ 79.855575518587969, 7.327544212954177 ], [ 79.855083234095801, 7.32790013788675 ], [ 79.854724735477674, 7.328390182265175 ], [ 79.854616902047141, 7.328634904136045 ], [ 79.854410467129313, 7.32910339658304 ], [ 79.853872761870377, 7.329816154650914 ], [ 79.853200628260964, 7.33070710009856 ], [ 79.852483713613708, 7.331642569003837 ], [ 79.852169438065971, 7.332355780021726 ], [ 79.851899849221169, 7.333069083004594 ], [ 79.85207740845533, 7.333649452482404 ], [ 79.852255334258757, 7.33405135998184 ], [ 79.852924822555693, 7.334454271539488 ], [ 79.853594404465113, 7.334812566967048 ], [ 79.854308856497909, 7.335081720355053 ], [ 79.855246291796561, 7.335574408464358 ], [ 79.855441353416509, 7.335742026306078 ], [ 79.85555855752979, 7.335842740723766 ], [ 79.85618299985984, 7.336424020029297 ], [ 79.856404524518496, 7.337361405688228 ], [ 79.856670736464338, 7.338298882327859 ], [ 79.856803342321328, 7.339013006636825 ], [ 79.856803184953037, 7.339090028014937 ], [ 79.857437204239815, 7.338877722637614 ], [ 79.858185928901293, 7.338914844670763 ], [ 79.858934725499324, 7.338916366693639 ], [ 79.859469507527805, 7.338953052773582 ], [ 79.860182575553864, 7.338990099106695 ], [ 79.8609671748587, 7.338920491610643 ], [ 79.861929986716177, 7.338886843504826 ], [ 79.862857069973316, 7.33888871999901 ], [ 79.863534624956642, 7.338854490345512 ], [ 79.863998167181379, 7.338855427172922 ], [ 79.864604625630562, 7.338714253490738 ], [ 79.86497481510257, 7.338642460103569 ] ] ] ] } },
{ "type": "Feature", "properties": { "OBJECTID_1": 476, "PROVINCE_N": "North Western", "DISTRICT_N": "Puttalam", "DSD_N": "Wennappuwa", "GND_N": "Meda Wennappuwa", "GND_C": "491B", "TOTAL_POPU": 1152, "EXIS_COVE": "YES", "SUP_LEV": null, "SCH_NAME": null, "RWS_SCHE": null, "PROJ_DETAI": "PROCU", "WATER_SOUR": "Bore Hole", "PROJ_NAME": "Dankotuwa (Phase 1)", "COVER_PER": 100, "P_POP": 1812, "GRO_RATE": 1.2, "COVE_2018": 25.0, "WATER_QUAL": "COMPLIED", "COVE_2020": 25.0, "COVE_2025": 100.0, "COVE_2030": 100.0, "Shape_Leng": null, "Shape_Area": null, "OBJECTID_2": 1951, "OBJECTID_3": 1951, "OBJECTID": 12798, "EX_SCH_NAM": "Naththandiya WSS", "RWS_Name": "<Null>", "SUP_LEVEL": "24", "layer": "Sche_Puttlam", "path": "C:/Users/MB/Downloads/New folder (2)/Sem 05/Advanced GIS and Remote Sensing for Planning/WEB MAP/Shape Files/Shape Files/WSS Shape Files/Sche_Puttlam.shp" }, "geometry": { "type": "MultiPolygon", "coordinates": [ [ [ [ 79.851950317223526, 7.33747999735552 ], [ 79.851307429534955, 7.337358136178231 ], [ 79.850744135089101, 7.33723641736951 ], [ 79.850446939436921, 7.336906264540686 ], [ 79.850341852235644, 7.337115028063072 ], [ 79.850018835615174, 7.337596624962974 ], [ 79.849615312503801, 7.338078056318276 ], [ 79.849493560306001, 7.338560064773851 ], [ 79.849572742013407, 7.339203240539485 ], [ 79.849531329814866, 7.339765790846688 ], [ 79.849449250860403, 7.340529199183806 ], [ 79.849487600239627, 7.341453607820638 ], [ 79.849727795802011, 7.342097114184249 ], [ 79.850089000589037, 7.342620302485847 ], [ 79.850530797401589, 7.343103468346963 ], [ 79.850730824885801, 7.343706702594906 ], [ 79.850568734032862, 7.344228817830213 ], [ 79.850045354263287, 7.344267932111062 ], [ 79.849482134723871, 7.344106022400591 ], [ 79.849160850337711, 7.343743667742819 ], [ 79.848517622600184, 7.343340463473402 ], [ 79.847873813570686, 7.343218573803589 ], [ 79.846908310764007, 7.342935269642668 ], [ 79.846224000901387, 7.342933859669306 ], [ 79.84562019861977, 7.342932614710239 ], [ 79.845056982093141, 7.342770698941484 ], [ 79.84437309008888, 7.342568346684394 ], [ 79.843487763889229, 7.342445952152358 ], [ 79.84276320179292, 7.342444453786475 ], [ 79.841797287736227, 7.342362078590892 ], [ 79.841234073886099, 7.342200159189658 ], [ 79.841461575996675, 7.341322966906257 ], [ 79.840970007847673, 7.341321948424048 ], [ 79.84029968759279, 7.34132055871752 ], [ 79.83949502418028, 7.341452735909328 ], [ 79.838690081481474, 7.341718758631314 ], [ 79.837706665875956, 7.341850561947169 ], [ 79.836857593244346, 7.341848795187447 ], [ 79.836053208410718, 7.341847119933838 ], [ 79.835070259272513, 7.341755838582774 ], [ 79.833908371872155, 7.341753413718089 ], [ 79.832835859939848, 7.341751172712486 ], [ 79.832043073826782, 7.34175174245662 ], [ 79.831895820184613, 7.342507672646623 ], [ 79.831759039014628, 7.343801238294688 ], [ 79.831644011992623, 7.344500133705165 ], [ 79.832229641979353, 7.344501359695336 ], [ 79.832846097899107, 7.344502649392913 ], [ 79.833592334542544, 7.344504209474347 ], [ 79.834403869700012, 7.344311550055157 ], [ 79.835150241956356, 7.344248322907537 ], [ 79.835994017350302, 7.344152905977994 ], [ 79.836740321767678, 7.344122068438674 ], [ 79.837649054889908, 7.343994390234396 ], [ 79.838525275017304, 7.34389903501657 ], [ 79.839271376875985, 7.343965370208441 ], [ 79.839920345926672, 7.343934325141385 ], [ 79.839691542978755, 7.344743660438424 ], [ 79.839282121797751, 7.345466809408616 ], [ 79.839344217270025, 7.345508325722052 ], [ 79.839720368187457, 7.345759814315922 ], [ 79.840536105079181, 7.345949537558965 ], [ 79.841603350337152, 7.345951750499688 ], [ 79.842419608682789, 7.345890764860947 ], [ 79.843486724327846, 7.345955649498951 ], [ 79.844867865906608, 7.345958503743958 ], [ 79.846123449638142, 7.345961094825307 ], [ 79.84725321724919, 7.346088777222339 ], [ 79.848319558335433, 7.346529711795011 ], [ 79.849763224110703, 7.346658033870689 ], [ 79.851018424528547, 7.346848641380743 ], [ 79.851971984787355, 7.346969627792926 ], [ 79.851973813193553, 7.346080360283311 ], [ 79.852015967438774, 7.345156116318847 ], [ 79.851654922898092, 7.344552551505037 ], [ 79.851656575528224, 7.343748789204295 ], [ 79.851739395522429, 7.342623686885331 ], [ 79.85186378967822, 7.340855657835616 ], [ 79.851907428337668, 7.339208026914866 ], [ 79.851950317223526, 7.33747999735552 ] ] ] ] } },
{ "type": "Feature", "properties": { "OBJECTID_1": 477, "PROVINCE_N": "North Western", "DISTRICT_N": "Puttalam", "DSD_N": "Wennappuwa", "GND_N": "Kolinjadiya South", "GND_C": "493C", "TOTAL_POPU": 855, "EXIS_COVE": "YES", "SUP_LEV": null, "SCH_NAME": null, "RWS_SCHE": null, "PROJ_DETAI": "PROCU", "WATER_SOUR": "Bore Hole", "PROJ_NAME": "Dankotuwa (Phase 1)", "COVER_PER": 100, "P_POP": 1174, "GRO_RATE": 1.2, "COVE_2018": 25.0, "WATER_QUAL": "COMPLIED", "COVE_2020": 25.0, "COVE_2025": 100.0, "COVE_2030": 100.0, "Shape_Leng": null, "Shape_Area": null, "OBJECTID_2": 1957, "OBJECTID_3": 1957, "OBJECTID": 12803, "EX_SCH_NAM": "Naththandiya WSS", "RWS_Name": "<Null>", "SUP_LEVEL": "24", "layer": "Sche_Puttlam", "path": "C:/Users/MB/Downloads/New folder (2)/Sem 05/Advanced GIS and Remote Sensing for Planning/WEB MAP/Shape Files/Shape Files/WSS Shape Files/Sche_Puttlam.shp" }, "geometry": { "type": "MultiPolygon", "coordinates": [ [ [ [ 79.83765146842488, 7.348839646410725 ], [ 79.83747759385254, 7.348833298673337 ], [ 79.836494629761248, 7.348742019401582 ], [ 79.835555979194595, 7.348829293159492 ], [ 79.834885743103868, 7.348783278941514 ], [ 79.834036657098139, 7.348781505182933 ], [ 79.833500393552612, 7.348780384089206 ], [ 79.832740685271204, 7.348778794772611 ], [ 79.832687046344461, 7.348778682510876 ], [ 79.832685970726089, 7.349290899011281 ], [ 79.832505810042278, 7.349959756749909 ], [ 79.832146986990836, 7.350583623144117 ], [ 79.832011982158335, 7.351029495623595 ], [ 79.831825948023749, 7.351472622674081 ], [ 79.83232377367213, 7.35152092105248 ], [ 79.83312826780859, 7.351477990203337 ], [ 79.83397717152981, 7.351568996318386 ], [ 79.834781572459377, 7.351570677498962 ], [ 79.835719573948808, 7.351795714851694 ], [ 79.836568665183066, 7.351797486145788 ], [ 79.836707519241955, 7.351797775657114 ], [ 79.836724408047488, 7.351734243915615 ], [ 79.836985530639083, 7.350989763737063 ], [ 79.837410369365472, 7.349532992129724 ], [ 79.83765146842488, 7.348839646410725 ] ] ] ] } },
{ "type": "Feature", "properties": { "OBJECTID_1": 478, "PROVINCE_N": "North Western", "DISTRICT_N": "Puttalam", "DSD_N": "Wennappuwa", "GND_N": "Ulhitiyawa West", "GND_C": "492C", "TOTAL_POPU": 1368, "EXIS_COVE": "YES", "SUP_LEV": null, "SCH_NAME": null, "RWS_SCHE": null, "PROJ_DETAI": "PROCU", "WATER_SOUR": "Kadupiti Oya", "PROJ_NAME": "Dankotuwa (Phase 1)", "COVER_PER": 100, "P_POP": 2246, "GRO_RATE": 1.2, "COVE_2018": 50.0, "WATER_QUAL": "COMPLIED", "COVE_2020": 50.0, "COVE_2025": 100.0, "COVE_2030": 100.0, "Shape_Leng": null, "Shape_Area": null, "OBJECTID_2": 1958, "OBJECTID_3": 1958, "OBJECTID": 12804, "EX_SCH_NAM": "Kakkapalliya wss", "RWS_Name": "<Null>", "SUP_LEVEL": "24", "layer": "Sche_Puttlam", "path": "C:/Users/MB/Downloads/New folder (2)/Sem 05/Advanced GIS and Remote Sensing for Planning/WEB MAP/Shape Files/Shape Files/WSS Shape Files/Sche_Puttlam.shp" }, "geometry": { "type": "MultiPolygon", "coordinates": [ [ [ [ 79.831825948023749, 7.351472622674081 ], [ 79.832011982158335, 7.351029495623595 ], [ 79.832146986990836, 7.350583623144117 ], [ 79.832505810042278, 7.349959756749909 ], [ 79.832685970726089, 7.349290899011281 ], [ 79.832687046344461, 7.348778682510876 ], [ 79.832687188679657, 7.3487108988031 ], [ 79.832241332866261, 7.348219193075884 ], [ 79.831705819558891, 7.347861147426548 ], [ 79.831483690151828, 7.347236063360274 ], [ 79.83144059553166, 7.346477507974699 ], [ 79.831487441123329, 7.34545144725455 ], [ 79.831644011992623, 7.344500133705165 ], [ 79.831759039014628, 7.343801238294688 ], [ 79.831895820184613, 7.342507672646623 ], [ 79.832043073826782, 7.34175174245662 ], [ 79.832121695012873, 7.341348138751783 ], [ 79.832169005152082, 7.340099000684061 ], [ 79.83234981565252, 7.339117835554779 ], [ 79.832397685566761, 7.33760100360143 ], [ 79.832349032446402, 7.336926061644608 ], [ 79.832309714053764, 7.336931585397382 ], [ 79.831594807730312, 7.336885475116831 ], [ 79.831103433223063, 7.336795215576009 ], [ 79.830500381266589, 7.336664877835438 ], [ 79.830160460422178, 7.338489315279196 ], [ 79.830000734084805, 7.339500877556493 ], [ 79.829682823084525, 7.340791250340717 ], [ 79.829434290809402, 7.342395806665417 ], [ 79.829219631345126, 7.343844247616893 ], [ 79.828616937379024, 7.347314832097764 ], [ 79.828333487572095, 7.349076508035802 ], [ 79.828209178364261, 7.349896229776573 ], [ 79.827872485783203, 7.351779740906045 ], [ 79.827857494674518, 7.351869141216673 ], [ 79.828524180955753, 7.352003717390996 ], [ 79.82928389198122, 7.352005314539544 ], [ 79.829819877605871, 7.352140286891094 ], [ 79.830356145518039, 7.352141412897188 ], [ 79.830847818876052, 7.352097829553772 ], [ 79.831295458904009, 7.351741843611471 ], [ 79.831787412389602, 7.351564412460096 ], [ 79.831825948023749, 7.351472622674081 ] ] ] ] } },
{ "type": "Feature", "properties": { "OBJECTID_1": 479, "PROVINCE_N": "North Western", "DISTRICT_N": "Puttalam", "DSD_N": "Wennappuwa", "GND_N": "Wennappuwa North", "GND_C": "491", "TOTAL_POPU": 1639, "EXIS_COVE": "YES", "SUP_LEV": null, "SCH_NAME": null, "RWS_SCHE": null, "PROJ_DETAI": "PROCU", "WATER_SOUR": "Kadupiti Oya", "PROJ_NAME": "Dankotuwa (Phase 1)", "COVER_PER": 75, "P_POP": 2013, "GRO_RATE": 1.2, "COVE_2018": 75.0, "WATER_QUAL": "COMPLIED", "COVE_2020": 75.0, "COVE_2025": 75.0, "COVE_2030": 75.0, "Shape_Leng": null, "Shape_Area": null, "OBJECTID_2": 1962, "OBJECTID_3": 1962, "OBJECTID": 12807, "EX_SCH_NAM": "Kakkapalliya wss", "RWS_Name": "<Null>", "SUP_LEVEL": "24", "layer": "Sche_Puttlam", "path": "C:/Users/MB/Downloads/New folder (2)/Sem 05/Advanced GIS and Remote Sensing for Planning/WEB MAP/Shape Files/Shape Files/WSS Shape Files/Sche_Puttlam.shp" }, "geometry": { "type": "MultiPolygon", "coordinates": [ [ [ [ 79.856626457162776, 7.349214391538042 ], [ 79.856538400679668, 7.349116308883662 ], [ 79.85597466532468, 7.348488388267546 ], [ 79.855096776945103, 7.34798517789376 ], [ 79.853967515255235, 7.347606807984939 ], [ 79.853152282449727, 7.347166399931597 ], [ 79.852022637488162, 7.346976054599271 ], [ 79.851971984787355, 7.346969627792926 ], [ 79.851018424528547, 7.346848641380743 ], [ 79.849763224110703, 7.346658033870689 ], [ 79.848319558335433, 7.346529711795011 ], [ 79.84725321724919, 7.346088777222339 ], [ 79.846123449638142, 7.345961094825307 ], [ 79.844867865906608, 7.345958503743958 ], [ 79.843486724327846, 7.345955649498951 ], [ 79.842419608682789, 7.345890764860947 ], [ 79.841603350337152, 7.345951750499688 ], [ 79.840536105079181, 7.345949537558965 ], [ 79.839720368187457, 7.345759814315922 ], [ 79.839344217270025, 7.345508325722052 ], [ 79.839282121797751, 7.345466809408616 ], [ 79.839105370057695, 7.34577900041933 ], [ 79.838747189167862, 7.34639371117462 ], [ 79.838518991482587, 7.346911515323647 ], [ 79.838160131712115, 7.347850148590497 ], [ 79.837736786941903, 7.34859429236091 ], [ 79.83765146842488, 7.348839646410725 ], [ 79.838773474518703, 7.348880611387575 ], [ 79.839577872623664, 7.348882283360076 ], [ 79.840560933217219, 7.348928940008355 ], [ 79.841588775456657, 7.348931072080139 ], [ 79.842974128682215, 7.348933942017938 ], [ 79.844001970734411, 7.348936068561169 ], [ 79.845252981472456, 7.349072500557833 ], [ 79.846012230255326, 7.349297147226815 ], [ 79.847218277176424, 7.349567328132528 ], [ 79.84762010850811, 7.349746619302945 ], [ 79.848110580888246, 7.35028301921971 ], [ 79.848824592480284, 7.350775262453438 ], [ 79.849448950367972, 7.351401168339542 ], [ 79.849804900346896, 7.352160368923315 ], [ 79.850161033585408, 7.352830338949699 ], [ 79.850517260676909, 7.353455691798271 ], [ 79.851033649104167, 7.353671744147375 ], [ 79.851053073766991, 7.35367987109994 ], [ 79.851499415792446, 7.353948483409482 ], [ 79.851666348743024, 7.353974473323759 ], [ 79.852080194561168, 7.354038905868189 ], [ 79.852661158080508, 7.354040097150893 ], [ 79.853197705975333, 7.353907349519466 ], [ 79.853466392824274, 7.353640204617773 ], [ 79.853735538469806, 7.3531499814945 ], [ 79.854094060366393, 7.352659941027644 ], [ 79.854497454310874, 7.352080759254941 ], [ 79.854945262355315, 7.351635516822397 ], [ 79.8552590023058, 7.351189998998438 ], [ 79.855572832125489, 7.350699864692601 ], [ 79.855886752603951, 7.350165115700402 ], [ 79.85629014267866, 7.349585931688049 ], [ 79.856626457162776, 7.349214391538042 ] ] ] ] } },
{ "type": "Feature", "properties": { "OBJECTID_1": 480, "PROVINCE_N": "North Western", "DISTRICT_N": "Puttalam", "DSD_N": "Wennappuwa", "GND_N": "Kolinjadiya West", "GND_C": "493A", "TOTAL_POPU": 1449, "EXIS_COVE": "YES", "SUP_LEV": null, "SCH_NAME": null, "RWS_SCHE": null, "PROJ_DETAI": "PROCU", "WATER_SOUR": "Bore Hole", "PROJ_NAME": "Dankotuwa (Phase 1)", "COVER_PER": 100, "P_POP": 2375, "GRO_RATE": 1.2, "COVE_2018": 25.0, "WATER_QUAL": "COMPLIED", "COVE_2020": 25.0, "COVE_2025": 100.0, "COVE_2030": 100.0, "Shape_Leng": null, "Shape_Area": null, "OBJECTID_2": 1965, "OBJECTID_3": 1965, "OBJECTID": 12809, "EX_SCH_NAM": "Naththandiya WSS", "RWS_Name": "<Null>", "SUP_LEVEL": "24", "layer": "Sche_Puttlam", "path": "C:/Users/MB/Downloads/New folder (2)/Sem 05/Advanced GIS and Remote Sensing for Planning/WEB MAP/Shape Files/Shape Files/WSS Shape Files/Sche_Puttlam.shp" }, "geometry": { "type": "MultiPolygon", "coordinates": [ [ [ [ 79.834700212597625, 7.357722603906852 ], [ 79.835091738744012, 7.356686867599286 ], [ 79.835321032916411, 7.355650791802473 ], [ 79.835581889390639, 7.355035881402187 ], [ 79.836071630614811, 7.353579247866005 ], [ 79.836560891908604, 7.352349358500362 ], [ 79.836707519241955, 7.351797775657114 ], [ 79.836568665183066, 7.351797486145788 ], [ 79.835719573948808, 7.351795714851694 ], [ 79.834781572459377, 7.351570677498962 ], [ 79.83397717152981, 7.351568996318386 ], [ 79.83312826780859, 7.351477990203337 ], [ 79.83232377367213, 7.35152092105248 ], [ 79.831825948023749, 7.351472622674081 ], [ 79.831787412389602, 7.351564412460096 ], [ 79.831295458904009, 7.351741843611471 ], [ 79.830847818876052, 7.352097829553772 ], [ 79.830356145518039, 7.352141412897188 ], [ 79.829819877605871, 7.352140286891094 ], [ 79.82928389198122, 7.352005314539544 ], [ 79.828524180955753, 7.352003717390996 ], [ 79.827857494674518, 7.351869141216673 ], [ 79.827589206097969, 7.353469128942059 ], [ 79.827552891780016, 7.354079678962027 ], [ 79.827374791113186, 7.35549246866118 ], [ 79.827335293494414, 7.355943604392425 ], [ 79.827269805416819, 7.356691571081108 ], [ 79.829166444542466, 7.356752565324326 ], [ 79.831204616891185, 7.356976875702889 ], [ 79.832746675654434, 7.357310151792539 ], [ 79.834633422298694, 7.357765075758499 ], [ 79.834674517022378, 7.357774984754073 ], [ 79.834700212597625, 7.357722603906852 ] ] ] ] } },
{ "type": "Feature", "properties": { "OBJECTID_1": 481, "PROVINCE_N": "North Western", "DISTRICT_N": "Puttalam", "DSD_N": "Dankotuwa", "GND_N": "Kirimetiyana North", "GND_C": "466D", "TOTAL_POPU": 1496, "EXIS_COVE": "YES", "SUP_LEV": null, "SCH_NAME": null, "RWS_SCHE": null, "PROJ_DETAI": "PROCU", "WATER_SOUR": "Maa Oya", "PROJ_NAME": "Dankotuwa (Phase 1)", "COVER_PER": 100, "P_POP": 2274, "GRO_RATE": 1.2, "COVE_2018": 50.0, "WATER_QUAL": "COMPLIED", "COVE_2020": 50.0, "COVE_2025": 100.0, "COVE_2030": 100.0, "Shape_Leng": null, "Shape_Area": null, "OBJECTID_2": 1969, "OBJECTID_3": 1969, "OBJECTID": 12812, "EX_SCH_NAM": "Dankotuwa wss", "RWS_Name": "<Null>", "SUP_LEVEL": "24", "layer": "Sche_Puttlam", "path": "C:/Users/MB/Downloads/New folder (2)/Sem 05/Advanced GIS and Remote Sensing for Planning/WEB MAP/Shape Files/Shape Files/WSS Shape Files/Sche_Puttlam.shp" }, "geometry": { "type": "MultiPolygon", "coordinates": [ [ [ [ 79.887538582431674, 7.352435351647947 ], [ 79.887544269730554, 7.352425956491049 ], [ 79.887655471446649, 7.351673943659945 ], [ 79.887933767445915, 7.350937467709044 ], [ 79.888396347479443, 7.350339546595073 ], [ 79.88881342298528, 7.349419087335719 ], [ 79.889045939159104, 7.348498264411619 ], [ 79.889625538089533, 7.347214212643595 ], [ 79.889648386781985, 7.347163592597411 ], [ 79.889981511281007, 7.346419240007596 ], [ 79.889195159303014, 7.3462987091379 ], [ 79.888765840754701, 7.346321674091718 ], [ 79.888431962091147, 7.34632101712209 ], [ 79.888097895336145, 7.346415598732623 ], [ 79.887787678502278, 7.34651022614742 ], [ 79.887262587630929, 7.346723477536701 ], [ 79.886809231252641, 7.346841632349193 ], [ 79.886403760562388, 7.346864641989531 ], [ 79.885998714176012, 7.346673365376688 ], [ 79.885689485419434, 7.346267992714997 ], [ 79.885189706834382, 7.345743196017466 ], [ 79.88454655463228, 7.345360971503275 ], [ 79.884170725530666, 7.344934687042791 ], [ 79.883643199694802, 7.3449336437125 ], [ 79.883307977462451, 7.344693586062276 ], [ 79.882924607498268, 7.344549190965357 ], [ 79.882205065761013, 7.344643522954629 ], [ 79.881772597475717, 7.34507357525386 ], [ 79.881436613264299, 7.345216546083755 ], [ 79.880956949216397, 7.345263473498076 ], [ 79.880477380504132, 7.34526252156641 ], [ 79.880045959739334, 7.345165906759045 ], [ 79.879422807535406, 7.345021031476703 ], [ 79.878847325279338, 7.345019887167346 ], [ 79.878271365975479, 7.345258136084988 ], [ 79.877695405230128, 7.345496382376822 ], [ 79.877247676118884, 7.345731652725157 ], [ 79.876865279950621, 7.345932592129111 ], [ 79.876863977833594, 7.345937451392557 ], [ 79.876804864779842, 7.346201244701958 ], [ 79.876722662811829, 7.346476577406102 ], [ 79.876651921381367, 7.346751792786918 ], [ 79.876569718556965, 7.347026984377036 ], [ 79.87646421582896, 7.347348046305573 ], [ 79.876382152106146, 7.347588906710621 ], [ 79.876276648445923, 7.347909826594915 ], [ 79.876206095342027, 7.348162154308587 ], [ 79.87610080231876, 7.348448744046559 ], [ 79.876018715212339, 7.348701048678935 ], [ 79.875901888398118, 7.348987473348894 ], [ 79.875863135013859, 7.349106486613887 ], [ 79.875819730407102, 7.349239776868099 ], [ 79.875702974553164, 7.349526343548021 ], [ 79.875609495622399, 7.349778484235474 ], [ 79.875515709250834, 7.350042067766783 ], [ 79.875410743041314, 7.35027129754212 ], [ 79.875293915326282, 7.350557721033081 ], [ 79.875177135754811, 7.350855731826901 ], [ 79.87504837685394, 7.351199632733096 ], [ 79.874896552689393, 7.351577819731646 ], [ 79.874825926455841, 7.351830145976103 ], [ 79.874755277159693, 7.352093917448978 ], [ 79.874637933584566, 7.35246086990673 ], [ 79.874578607440625, 7.352759135491751 ], [ 79.874559816082026, 7.352857120743658 ], [ 79.875159957436097, 7.353181290420294 ], [ 79.875881177624464, 7.353519061702578 ], [ 79.876698266847512, 7.354049211833131 ], [ 79.877515166714417, 7.354675455485951 ], [ 79.8779469594988, 7.355348976473555 ], [ 79.878619578794058, 7.355926882800493 ], [ 79.879148106863099, 7.356360359929776 ], [ 79.879676733741306, 7.356745789588537 ], [ 79.88001323721403, 7.35693864785935 ], [ 79.880542727409775, 7.356891653868953 ], [ 79.881072313366886, 7.356796612255324 ], [ 79.881649642979369, 7.356893853533561 ], [ 79.882033508778079, 7.357471181945102 ], [ 79.882609691848444, 7.358144986136327 ], [ 79.883330736428746, 7.358578841019075 ], [ 79.883746271620808, 7.358839265894072 ], [ 79.88375251840975, 7.358826886258143 ], [ 79.884738335708931, 7.356873412528882 ], [ 79.885478407974347, 7.355953596367945 ], [ 79.885988049716076, 7.35489513216639 ], [ 79.886728664133173, 7.353698930876187 ], [ 79.887191430353653, 7.353008885069079 ], [ 79.887538582431674, 7.352435351647947 ] ] ] ] } },
{ "type": "Feature", "properties": { "OBJECTID_1": 482, "PROVINCE_N": "North Western", "DISTRICT_N": "Puttalam", "DSD_N": "Dankotuwa", "GND_N": "Kirimetiyana East", "GND_C": "466", "TOTAL_POPU": 911, "EXIS_COVE": "YES", "SUP_LEV": null, "SCH_NAME": null, "RWS_SCHE": null, "PROJ_DETAI": "PROCU", "WATER_SOUR": "Maa Oya", "PROJ_NAME": "Dankotuwa (Phase 1)", "COVER_PER": 75, "P_POP": 955, "GRO_RATE": 1.2, "COVE_2018": 50.0, "WATER_QUAL": "COMPLIED", "COVE_2020": 50.0, "COVE_2025": 75.0, "COVE_2030": 75.0, "Shape_Leng": null, "Shape_Area": null, "OBJECTID_2": 1975, "OBJECTID_3": 1975, "OBJECTID": 12817, "EX_SCH_NAM": "Dankotuwa wss", "RWS_Name": "<Null>", "SUP_LEVEL": "24", "layer": "Sche_Puttlam", "path": "C:/Users/MB/Downloads/New folder (2)/Sem 05/Advanced GIS and Remote Sensing for Planning/WEB MAP/Shape Files/Shape Files/WSS Shape Files/Sche_Puttlam.shp" }, "geometry": { "type": "MultiPolygon", "coordinates": [ [ [ [ 79.898173047136098, 7.364824699414831 ], [ 79.898201680758703, 7.364655229559316 ], [ 79.898202634842988, 7.364167836935177 ], [ 79.898248231622588, 7.363547606762219 ], [ 79.898339683681769, 7.362174219464264 ], [ 79.898430963153956, 7.360889448697673 ], [ 79.898432696451039, 7.360003280818576 ], [ 79.898522847268239, 7.359294519313556 ], [ 79.898702194938096, 7.358364388907944 ], [ 79.898613777270441, 7.358186981635634 ], [ 79.898481496495549, 7.357743638643858 ], [ 79.898260193880674, 7.357433046800599 ], [ 79.898083878299119, 7.356812383838495 ], [ 79.897976947147896, 7.356319446887485 ], [ 79.89787981900183, 7.35574709957556 ], [ 79.897831368261677, 7.355403709256144 ], [ 79.897913942818946, 7.355044228216965 ], [ 79.89800725950748, 7.354694564182244 ], [ 79.898094862173309, 7.354416606519627 ], [ 79.898260935999829, 7.354077960780469 ], [ 79.898435715968446, 7.353739330998352 ], [ 79.898619303937792, 7.353348569408007 ], [ 79.898741831533897, 7.353018530671424 ], [ 79.898916694607777, 7.352636443072191 ], [ 79.899049544440516, 7.352302887050111 ], [ 79.899063896657907, 7.352266851842895 ], [ 79.89895269697206, 7.352216129514744 ], [ 79.898333299889586, 7.351827964756107 ], [ 79.897636006979312, 7.351633126422093 ], [ 79.8971708930966, 7.3516322197076 ], [ 79.896395400635868, 7.351785490517837 ], [ 79.895736109555983, 7.35197768213926 ], [ 79.895347756475573, 7.352363882012568 ], [ 79.894804591033576, 7.352633691282435 ], [ 79.893872994791266, 7.353328393210668 ], [ 79.893446335331348, 7.353482341243925 ], [ 79.892632003037988, 7.353674224125077 ], [ 79.892050837325797, 7.353556996923212 ], [ 79.891392228455203, 7.353400920874801 ], [ 79.890771694428281, 7.353593181649768 ], [ 79.890073944612411, 7.353630505375378 ], [ 79.889299211689476, 7.35339680674264 ], [ 79.888563620969876, 7.352969705463186 ], [ 79.888021600187059, 7.352659071888746 ], [ 79.887538582431674, 7.352435351647947 ], [ 79.887191430353653, 7.353008885069079 ], [ 79.886728664133173, 7.353698930876187 ], [ 79.885988049716076, 7.35489513216639 ], [ 79.885478407974347, 7.355953596367945 ], [ 79.884738335708931, 7.356873412528882 ], [ 79.88375251840975, 7.358826886258143 ], [ 79.883746271620808, 7.358839265894072 ], [ 79.884099812217499, 7.359060837261084 ], [ 79.88472489113299, 7.359350358444473 ], [ 79.885349304205235, 7.35997620899068 ], [ 79.886021559402863, 7.360746294232988 ], [ 79.886405148167583, 7.361467760100018 ], [ 79.887078169076744, 7.361853468684368 ], [ 79.887991828376173, 7.362239650378338 ], [ 79.888857647062324, 7.362481594293925 ], [ 79.889481974593792, 7.363155486377883 ], [ 79.890202274528491, 7.363973708566924 ], [ 79.890778952678843, 7.364407269054444 ], [ 79.89149992137979, 7.364889159917623 ], [ 79.892268923021149, 7.365419191450705 ], [ 79.892557406885658, 7.365563899985593 ], [ 79.893190448301979, 7.364815107236515 ], [ 79.89353914020009, 7.364324005745195 ], [ 79.894582310513869, 7.364326050571952 ], [ 79.895683207791137, 7.364443919921294 ], [ 79.89684183387817, 7.364677614377872 ], [ 79.898173047136098, 7.364824699414831 ] ] ] ] } },
{ "type": "Feature", "properties": { "OBJECTID_1": 483, "PROVINCE_N": "North Western", "DISTRICT_N": "Puttalam", "DSD_N": "Dankotuwa", "GND_N": "Haldanduwana West", "GND_C": "468C", "TOTAL_POPU": 2103, "EXIS_COVE": "YES", "SUP_LEV": null, "SCH_NAME": null, "RWS_SCHE": null, "PROJ_DETAI": "<Null>", "WATER_SOUR": "Maa Oya", "PROJ_NAME": "<Null>", "COVER_PER": 25, "P_POP": 0, "GRO_RATE": 0.0, "COVE_2018": 25.0, "WATER_QUAL": "COMPLIED", "COVE_2020": 25.0, "COVE_2025": 25.0, "COVE_2030": 25.0, "Shape_Leng": null, "Shape_Area": null, "OBJECTID_2": 1943, "OBJECTID_3": 1943, "OBJECTID": 12792, "EX_SCH_NAM": "Dankotuwa wss", "RWS_Name": "<Null>", "SUP_LEVEL": "24", "layer": "Sche_Puttlam", "path": "C:/Users/MB/Downloads/New folder (2)/Sem 05/Advanced GIS and Remote Sensing for Planning/WEB MAP/Shape Files/Shape Files/WSS Shape Files/Sche_Puttlam.shp" }, "geometry": { "type": "MultiPolygon", "coordinates": [ [ [ [ 79.899843750341148, 7.336774483842544 ], [ 79.90012770489966, 7.336466418060865 ], [ 79.900560199754892, 7.335950301116325 ], [ 79.900949042163276, 7.335692576862863 ], [ 79.901337466583854, 7.335650250352893 ], [ 79.901898402704859, 7.335651336282207 ], [ 79.902286408172046, 7.335824405313297 ], [ 79.902890326659772, 7.335911732787075 ], [ 79.903063339857894, 7.335696668178222 ], [ 79.903107491213618, 7.335179798516453 ], [ 79.903022196324713, 7.334662677780887 ], [ 79.902936900658688, 7.334145557038743 ], [ 79.902980633320468, 7.333844082884443 ], [ 79.90315372996281, 7.333585940281242 ], [ 79.90367193210011, 7.333371542946572 ], [ 79.904104086276917, 7.333027739439982 ], [ 79.904406460790767, 7.332856004428277 ], [ 79.905054024774032, 7.332684933771146 ], [ 79.905615706055201, 7.332298299299389 ], [ 79.906220369716124, 7.331997905534024 ], [ 79.907063585465508, 7.331437710072373 ], [ 79.907110120312865, 7.331425644339119 ], [ 79.907064443914805, 7.330841452056658 ], [ 79.906768128994173, 7.330420623987372 ], [ 79.906521572928483, 7.329876286015662 ], [ 79.906101932905372, 7.329208010362263 ], [ 79.905756337085052, 7.32866348153384 ], [ 79.905237800650752, 7.327920851307658 ], [ 79.905040338935734, 7.327599097361942 ], [ 79.904891834642186, 7.327427349998176 ], [ 79.904719170289383, 7.32722766229017 ], [ 79.904348291521686, 7.32695501665386 ], [ 79.903977077553591, 7.326855416431446 ], [ 79.903804042507815, 7.326706756403423 ], [ 79.903556296532841, 7.326780441193153 ], [ 79.903308501723032, 7.326878847544855 ], [ 79.902986761478687, 7.326804063814534 ], [ 79.902739637048342, 7.326556375893658 ], [ 79.902492704497291, 7.326209804662312 ], [ 79.902121635483297, 7.326036039726017 ], [ 79.901676383296007, 7.325812690232428 ], [ 79.901330314872482, 7.325515368611369 ], [ 79.901083336915079, 7.325193516676881 ], [ 79.900638324317669, 7.324846561447928 ], [ 79.900292114216469, 7.324623401551666 ], [ 79.899995328424779, 7.324449779809237 ], [ 79.899599599004219, 7.324226524452277 ], [ 79.899228629076077, 7.324003315876817 ], [ 79.898981412165909, 7.323805068753344 ], [ 79.898783860550722, 7.323532754304567 ], [ 79.898710301173566, 7.323161796764082 ], [ 79.89858722207785, 7.322790742282846 ], [ 79.89848880774548, 7.322469178270932 ], [ 79.898390873622546, 7.321900404653594 ], [ 79.89839154699321, 7.321554311036141 ], [ 79.898367412419262, 7.32123289107793 ], [ 79.898243949150242, 7.32105960460629 ], [ 79.898070581497123, 7.321083990075263 ], [ 79.897946781564727, 7.321083749881151 ], [ 79.897874726364989, 7.321311107166999 ], [ 79.897805128199366, 7.321757015601639 ], [ 79.897632367257145, 7.322237035473385 ], [ 79.897494438714943, 7.322476945277449 ], [ 79.89708205544035, 7.322476144370973 ], [ 79.896601277684397, 7.322303655163564 ], [ 79.896223594250131, 7.322131365050224 ], [ 79.895948672971102, 7.322130830404853 ], [ 79.895535689178914, 7.322438826033898 ], [ 79.895019608113046, 7.32274662137346 ], [ 79.894675820697969, 7.322814574305827 ], [ 79.894229073362268, 7.322813703805974 ], [ 79.893782594555375, 7.322675588410277 ], [ 79.893508007905737, 7.322503498035144 ], [ 79.893165162663323, 7.322091097011626 ], [ 79.892685125519591, 7.321541183954366 ], [ 79.892376780981451, 7.321060227364367 ], [ 79.891930505463847, 7.320819178454251 ], [ 79.891689882838378, 7.320853019083207 ], [ 79.891311598234509, 7.320989524596757 ], [ 79.890968351411544, 7.320782986982864 ], [ 79.890659470594116, 7.320576516376369 ], [ 79.890075266026415, 7.320575373077387 ], [ 79.889525560245346, 7.320505675086989 ], [ 79.889078478542288, 7.320676352855416 ], [ 79.888666030365442, 7.320709855959852 ], [ 79.888631328141543, 7.320881342560833 ], [ 79.888733680979712, 7.321258965116169 ], [ 79.888801668224474, 7.321636518472071 ], [ 79.888732466103875, 7.321876559822536 ], [ 79.888594735788544, 7.32201353360446 ], [ 79.888147718907163, 7.322149900508077 ], [ 79.887666473001858, 7.322217578253099 ], [ 79.887116564006064, 7.322250808933026 ], [ 79.886772776505126, 7.322318755733931 ], [ 79.886325759877835, 7.322455120725658 ], [ 79.88584403862663, 7.322762971465359 ], [ 79.885328019612217, 7.323036443365377 ], [ 79.88477736384958, 7.323447091006708 ], [ 79.884501899931863, 7.323721035673506 ], [ 79.883916808854792, 7.324165924889577 ], [ 79.88336311766821, 7.324656092303326 ], [ 79.883293014726732, 7.324718151906652 ], [ 79.884337871380751, 7.325037901273928 ], [ 79.884835641086525, 7.32548696237039 ], [ 79.884883045449129, 7.326731723561513 ], [ 79.884980316715215, 7.327976582998366 ], [ 79.885078178764829, 7.328922723620622 ], [ 79.885223146428274, 7.330701447809993 ], [ 79.88572781308207, 7.330450214359245 ], [ 79.886418014475964, 7.330537732730985 ], [ 79.886806009086655, 7.330710813930107 ], [ 79.887366256975326, 7.331056552140806 ], [ 79.887969398586449, 7.331531612081337 ], [ 79.888357224072664, 7.331790850170099 ], [ 79.88887415634872, 7.332222660999408 ], [ 79.889563345042021, 7.332827127081631 ], [ 79.890361611912667, 7.333827380675758 ], [ 79.890424197700895, 7.333905802505928 ], [ 79.891285730693937, 7.334639843339668 ], [ 79.891802330733157, 7.335243967735825 ], [ 79.892362334799358, 7.335718938450435 ], [ 79.893051194746988, 7.336495717502999 ], [ 79.89348200780627, 7.336841196312553 ], [ 79.894170955801272, 7.337574894505453 ], [ 79.894558200619585, 7.338135684127743 ], [ 79.894946035856833, 7.338394918493297 ], [ 79.895463319432636, 7.33865440506799 ], [ 79.895851240864346, 7.33887056011029 ], [ 79.896454654982648, 7.339216373034881 ], [ 79.897015932345596, 7.339045147307152 ], [ 79.897749888059153, 7.338831177944152 ], [ 79.898354901136386, 7.338358479062036 ], [ 79.899046714217263, 7.337627470149569 ], [ 79.899652059849018, 7.336982450724943 ], [ 79.899843750341148, 7.336774483842544 ] ] ] ] } },
{ "type": "Feature", "properties": { "OBJECTID_1": 484, "PROVINCE_N": "North Western", "DISTRICT_N": "Puttalam", "DSD_N": "Dankotuwa", "GND_N": "Kirimetiyana West", "GND_C": "466F", "TOTAL_POPU": 1124, "EXIS_COVE": "YES", "SUP_LEV": null, "SCH_NAME": null, "RWS_SCHE": null, "PROJ_DETAI": "<Null>", "WATER_SOUR": "Maa Oya", "PROJ_NAME": "<Null>", "COVER_PER": 50, "P_POP": 0, "GRO_RATE": 0.0, "COVE_2018": 50.0, "WATER_QUAL": "COMPLIED", "COVE_2020": 50.0, "COVE_2025": 50.0, "COVE_2030": 50.0, "Shape_Leng": null, "Shape_Area": null, "OBJECTID_2": 1950, "OBJECTID_3": 1950, "OBJECTID": 12797, "EX_SCH_NAM": "Dankotuwa wss", "RWS_Name": "<Null>", "SUP_LEVEL": "24", "layer": "Sche_Puttlam", "path": "C:/Users/MB/Downloads/New folder (2)/Sem 05/Advanced GIS and Remote Sensing for Planning/WEB MAP/Shape Files/Shape Files/WSS Shape Files/Sche_Puttlam.shp" }, "geometry": { "type": "MultiPolygon", "coordinates": [ [ [ [ 79.889981511281007, 7.346419240007596 ], [ 79.890220878350078, 7.346181677184664 ], [ 79.890412885425903, 7.345563004497081 ], [ 79.890557008002034, 7.345039476921319 ], [ 79.890582215891172, 7.344349047589811 ], [ 79.890583575487383, 7.343658571423721 ], [ 79.890512827327001, 7.343253668832308 ], [ 79.890442829352367, 7.342467815140232 ], [ 79.890327006349125, 7.340762020867031 ], [ 79.890329092036808, 7.339702552395369 ], [ 79.890191764421758, 7.339149513528492 ], [ 79.890146985804321, 7.338458465712997 ], [ 79.890009387464076, 7.338043618651136 ], [ 79.889951682119005, 7.338031770713034 ], [ 79.889898591979886, 7.338036966030317 ], [ 79.889302035567468, 7.338095342639447 ], [ 79.888684673135842, 7.338256248037164 ], [ 79.887904610418545, 7.338578949867709 ], [ 79.887352455183233, 7.338610286973249 ], [ 79.8863456368329, 7.33864072761885 ], [ 79.885761263133816, 7.338542304711474 ], [ 79.88520878717857, 7.338735756688447 ], [ 79.884461132666729, 7.339090939712595 ], [ 79.883875922457733, 7.339414018813784 ], [ 79.883290583701537, 7.339801944922933 ], [ 79.882673346436718, 7.339897994547201 ], [ 79.88212125439108, 7.339896901506759 ], [ 79.881764017820544, 7.339896193882662 ], [ 79.881276749042513, 7.339960074514877 ], [ 79.880951473399094, 7.340218818329907 ], [ 79.880269089621777, 7.340412006077488 ], [ 79.879652045166551, 7.340410781011531 ], [ 79.879002654055981, 7.340344643660186 ], [ 79.878515190689043, 7.340505791514528 ], [ 79.878148866039311, 7.340795742030564 ], [ 79.877763425643295, 7.341100822026584 ], [ 79.877756075819988, 7.341151794103229 ], [ 79.87773118751052, 7.341461855743671 ], [ 79.877683537644472, 7.341725814129291 ], [ 79.877658975701877, 7.34197851601814 ], [ 79.877611419203191, 7.34223103106137 ], [ 79.877575208350677, 7.342506456592415 ], [ 79.87753909065799, 7.342770578945181 ], [ 79.877503043827815, 7.343034560373526 ], [ 79.877420467863132, 7.343355809489561 ], [ 79.877361309628711, 7.343642632757605 ], [ 79.877313564741499, 7.343918034337558 ], [ 79.877265819491839, 7.344193577860175 ], [ 79.877206496824144, 7.344491844245589 ], [ 79.877135640084717, 7.344790228679138 ], [ 79.877064689078267, 7.345099916248254 ], [ 79.876993903025848, 7.345398159715251 ], [ 79.876934696342971, 7.345673538336924 ], [ 79.876865279950621, 7.345932592129111 ], [ 79.877247676118884, 7.345731652725157 ], [ 79.877695405230128, 7.345496382376822 ], [ 79.878271365975479, 7.345258136084988 ], [ 79.878847325279338, 7.345019887167346 ], [ 79.879422807535406, 7.345021031476703 ], [ 79.880045959739334, 7.345165906759045 ], [ 79.880477380504132, 7.34526252156641 ], [ 79.880956949216397, 7.345263473498076 ], [ 79.881436613264299, 7.345216546083755 ], [ 79.881772597475717, 7.34507357525386 ], [ 79.882205065761013, 7.344643522954629 ], [ 79.882924607498268, 7.344549190965357 ], [ 79.883307977462451, 7.344693586062276 ], [ 79.883643199694802, 7.3449336437125 ], [ 79.884170725530666, 7.344934687042791 ], [ 79.88454655463228, 7.345360971503275 ], [ 79.885189706834382, 7.345743196017466 ], [ 79.885689485419434, 7.346267992714997 ], [ 79.885998714176012, 7.346673365376688 ], [ 79.886403760562388, 7.346864641989531 ], [ 79.886809231252641, 7.346841632349193 ], [ 79.887262587630929, 7.346723477536701 ], [ 79.887787678502278, 7.34651022614742 ], [ 79.888097895336145, 7.346415598732623 ], [ 79.888431962091147, 7.34632101712209 ], [ 79.888765840754701, 7.346321674091718 ], [ 79.889195159303014, 7.3462987091379 ], [ 79.889981511281007, 7.346419240007596 ] ] ] ] } },
{ "type": "Feature", "properties": { "OBJECTID_1": 485, "PROVINCE_N": "North Western", "DISTRICT_N": "Puttalam", "DSD_N": "Dankotuwa", "GND_N": "Pansal Handiya", "GND_C": "466B", "TOTAL_POPU": 1019, "EXIS_COVE": "YES", "SUP_LEV": null, "SCH_NAME": null, "RWS_SCHE": null, "PROJ_DETAI": "<Null>", "WATER_SOUR": "Maa Oya", "PROJ_NAME": "<Null>", "COVER_PER": 50, "P_POP": 0, "GRO_RATE": 0.0, "COVE_2018": 50.0, "WATER_QUAL": "COMPLIED", "COVE_2020": 50.0, "COVE_2025": 50.0, "COVE_2030": 50.0, "Shape_Leng": null, "Shape_Area": null, "OBJECTID_2": 1956, "OBJECTID_3": 1956, "OBJECTID": 12802, "EX_SCH_NAM": "Dankotuwa wss", "RWS_Name": "<Null>", "SUP_LEVEL": "24", "layer": "Sche_Puttlam", "path": "C:/Users/MB/Downloads/New folder (2)/Sem 05/Advanced GIS and Remote Sensing for Planning/WEB MAP/Shape Files/Shape Files/WSS Shape Files/Sche_Puttlam.shp" }, "geometry": { "type": "MultiPolygon", "coordinates": [ [ [ [ 79.902010790548957, 7.349015377529706 ], [ 79.901871657688019, 7.348736214122474 ], [ 79.90183660436395, 7.348195451825648 ], [ 79.901801410827332, 7.347726783036888 ], [ 79.902018743248306, 7.34736674078652 ], [ 79.902019724451947, 7.346862095190141 ], [ 79.901912809770053, 7.346140962730335 ], [ 79.901734037135967, 7.345239460131425 ], [ 79.901662668773724, 7.344806767193656 ], [ 79.90133919606987, 7.344049168019924 ], [ 79.901339897164291, 7.343688706763747 ], [ 79.901521753782376, 7.343004180893208 ], [ 79.90177665853895, 7.341887239899407 ], [ 79.902175141820649, 7.341203133102974 ], [ 79.902393170110273, 7.340482629656314 ], [ 79.902538498217538, 7.340014309198046 ], [ 79.902806156417881, 7.339416176631691 ], [ 79.902366701987262, 7.33921572113 ], [ 79.901994200610034, 7.338974056567924 ], [ 79.901819111389756, 7.338754678314953 ], [ 79.901534410991303, 7.338491279151985 ], [ 79.901008761796561, 7.33803027802969 ], [ 79.900614749506843, 7.337569531625515 ], [ 79.900352074485866, 7.337262366909336 ], [ 79.899861731257133, 7.336791741955765 ], [ 79.899843750341148, 7.336774483842544 ], [ 79.899652059849018, 7.336982450724943 ], [ 79.899046714217263, 7.337627470149569 ], [ 79.898354901136386, 7.338358479062036 ], [ 79.897749888059153, 7.338831177944152 ], [ 79.897015932345596, 7.339045147307152 ], [ 79.896454654982648, 7.339216373034881 ], [ 79.895851240864346, 7.33887056011029 ], [ 79.895463319432636, 7.33865440506799 ], [ 79.894946035856833, 7.338394918493297 ], [ 79.894558200619585, 7.338135684127743 ], [ 79.894170955801272, 7.337574894505453 ], [ 79.89348200780627, 7.336841196312553 ], [ 79.893051194746988, 7.336495717502999 ], [ 79.892362334799358, 7.335718938450435 ], [ 79.891802330733157, 7.335243967735825 ], [ 79.891285730693937, 7.334639843339668 ], [ 79.890424197700895, 7.333905802505928 ], [ 79.890361611912667, 7.333827380675758 ], [ 79.889898591979886, 7.338036966030317 ], [ 79.889951682119005, 7.338031770713034 ], [ 79.890009387464076, 7.338043618651136 ], [ 79.890146985804321, 7.338458465712997 ], [ 79.890191764421758, 7.339149513528492 ], [ 79.890329092036808, 7.339702552395369 ], [ 79.890327006349125, 7.340762020867031 ], [ 79.890442829352367, 7.342467815140232 ], [ 79.890512827327001, 7.343253668832308 ], [ 79.890583575487383, 7.343658571423721 ], [ 79.890582215891172, 7.344349047589811 ], [ 79.890557008002034, 7.345039476921319 ], [ 79.890412885425903, 7.345563004497081 ], [ 79.890220878350078, 7.346181677184664 ], [ 79.889981511281007, 7.346419240007596 ], [ 79.889648386781985, 7.347163592597411 ], [ 79.889625538089533, 7.347214212643595 ], [ 79.889891748368512, 7.347748389332189 ], [ 79.890472143344695, 7.348252575071756 ], [ 79.89116874098481, 7.348795683466526 ], [ 79.891865797194967, 7.349106617973126 ], [ 79.892524476246464, 7.349223996666582 ], [ 79.893221914399277, 7.349341450331058 ], [ 79.894074769249087, 7.349265727313638 ], [ 79.895082813032928, 7.349112915446635 ], [ 79.896323108865985, 7.349115337228506 ], [ 79.897369533396414, 7.349156073045585 ], [ 79.898105960000763, 7.349157507648022 ], [ 79.898997424220852, 7.349159242655634 ], [ 79.899578964591143, 7.349082982068685 ], [ 79.900238249364506, 7.348890784074296 ], [ 79.900742346464583, 7.348775675290409 ], [ 79.901168924220528, 7.348660415506693 ], [ 79.901401781083976, 7.348506083368882 ], [ 79.901711704322594, 7.348584075923849 ], [ 79.902010790548957, 7.349015377529706 ] ] ] ] } },
{ "type": "Feature", "properties": { "OBJECTID_1": 486, "PROVINCE_N": "North Western", "DISTRICT_N": "Puttalam", "DSD_N": "Dankotuwa", "GND_N": "Meda Kirimetiyana", "GND_C": "466A", "TOTAL_POPU": 1362, "EXIS_COVE": "YES", "SUP_LEV": null, "SCH_NAME": null, "RWS_SCHE": null, "PROJ_DETAI": "<Null>", "WATER_SOUR": "Maa Oya", "PROJ_NAME": "<Null>", "COVER_PER": 50, "P_POP": 0, "GRO_RATE": 0.0, "COVE_2018": 50.0, "WATER_QUAL": "COMPLIED", "COVE_2020": 50.0, "COVE_2025": 50.0, "COVE_2030": 50.0, "Shape_Leng": null, "Shape_Area": null, "OBJECTID_2": 1959, "OBJECTID_3": 1959, "OBJECTID": 12805, "EX_SCH_NAM": "Dankotuwa wss", "RWS_Name": "<Null>", "SUP_LEVEL": "24", "layer": "Sche_Puttlam", "path": "C:/Users/MB/Downloads/New folder (2)/Sem 05/Advanced GIS and Remote Sensing for Planning/WEB MAP/Shape Files/Shape Files/WSS Shape Files/Sche_Puttlam.shp" }, "geometry": { "type": "MultiPolygon", "coordinates": [ [ [ [ 79.899063896657907, 7.352266851842895 ], [ 79.899378674220443, 7.352410437370628 ], [ 79.900114502908949, 7.352721434841931 ], [ 79.901083267524868, 7.35283940442288 ], [ 79.902284364088558, 7.35307391018982 ], [ 79.903059406762694, 7.353152804688524 ], [ 79.904105692926834, 7.353270918104765 ], [ 79.904716474752504, 7.353128687663987 ], [ 79.904427373028511, 7.352742297540454 ], [ 79.903995295399923, 7.352128676022275 ], [ 79.903671184749555, 7.351695493183237 ], [ 79.903311319559634, 7.35108201005843 ], [ 79.903023386411519, 7.350612850938548 ], [ 79.902699487891198, 7.350071530034977 ], [ 79.902375450850627, 7.349602300688622 ], [ 79.902123414299197, 7.349241349611426 ], [ 79.902010790548957, 7.349015377529706 ], [ 79.901711704322594, 7.348584075923849 ], [ 79.901401781083976, 7.348506083368882 ], [ 79.901168924220528, 7.348660415506693 ], [ 79.900742346464583, 7.348775675290409 ], [ 79.900238249364506, 7.348890784074296 ], [ 79.899578964591143, 7.349082982068685 ], [ 79.898997424220852, 7.349159242655634 ], [ 79.898105960000763, 7.349157507648022 ], [ 79.897369533396414, 7.349156073045585 ], [ 79.896323108865985, 7.349115337228506 ], [ 79.895082813032928, 7.349112915446635 ], [ 79.894074769249087, 7.349265727313638 ], [ 79.893221914399277, 7.349341450331058 ], [ 79.892524476246464, 7.349223996666582 ], [ 79.891865797194967, 7.349106617973126 ], [ 79.89116874098481, 7.348795683466526 ], [ 79.890472143344695, 7.348252575071756 ], [ 79.889891748368512, 7.347748389332189 ], [ 79.889625538089533, 7.347214212643595 ], [ 79.889045939159104, 7.348498264411619 ], [ 79.88881342298528, 7.349419087335719 ], [ 79.888396347479443, 7.350339546595073 ], [ 79.887933767445915, 7.350937467709044 ], [ 79.887655471446649, 7.351673943659945 ], [ 79.887544269730554, 7.352425956491049 ], [ 79.887538582431674, 7.352435351647947 ], [ 79.888021600187059, 7.352659071888746 ], [ 79.888563620969876, 7.352969705463186 ], [ 79.889299211689476, 7.35339680674264 ], [ 79.890073944612411, 7.353630505375378 ], [ 79.890771694428281, 7.353593181649768 ], [ 79.891392228455203, 7.353400920874801 ], [ 79.892050837325797, 7.353556996923212 ], [ 79.892632003037988, 7.353674224125077 ], [ 79.893446335331348, 7.353482341243925 ], [ 79.893872994791266, 7.353328393210668 ], [ 79.894804591033576, 7.352633691282435 ], [ 79.895347756475573, 7.352363882012568 ], [ 79.895736109555983, 7.35197768213926 ], [ 79.896395400635868, 7.351785490517837 ], [ 79.8971708930966, 7.3516322197076 ], [ 79.897636006979312, 7.351633126422093 ], [ 79.898333299889586, 7.351827964756107 ], [ 79.89895269697206, 7.352216129514744 ], [ 79.899063896657907, 7.352266851842895 ] ] ] ] } },
{ "type": "Feature", "properties": { "OBJECTID_1": 487, "PROVINCE_N": "North Western", "DISTRICT_N": "Puttalam", "DSD_N": "Nattandiya", "GND_N": "Weerahena East", "GND_C": "509", "TOTAL_POPU": 1492, "EXIS_COVE": "YES", "SUP_LEV": null, "SCH_NAME": null, "RWS_SCHE": null, "PROJ_DETAI": "<Null>", "WATER_SOUR": "Kadupiti Oya", "PROJ_NAME": "<Null>", "COVER_PER": 25, "P_POP": 0, "GRO_RATE": 0.0, "COVE_2018": 25.0, "WATER_QUAL": "COMPLIED", "COVE_2020": 25.0, "COVE_2025": 25.0, "COVE_2030": 25.0, "Shape_Leng": null, "Shape_Area": null, "OBJECTID_2": 2032, "OBJECTID_3": 2032, "OBJECTID": 12858, "EX_SCH_NAM": "Kakkapalliya wss", "RWS_Name": "<Null>", "SUP_LEVEL": "24", "layer": "Sche_Puttlam", "path": "C:/Users/MB/Downloads/New folder (2)/Sem 05/Advanced GIS and Remote Sensing for Planning/WEB MAP/Shape Files/Shape Files/WSS Shape Files/Sche_Puttlam.shp" }, "geometry": { "type": "MultiPolygon", "coordinates": [ [ [ [ 79.854830011936386, 7.411149978793594 ], [ 79.855641770912996, 7.410905188120823 ], [ 79.856895390920315, 7.410453055448654 ], [ 79.858452921931018, 7.409887865390944 ], [ 79.860162134068659, 7.409398765577855 ], [ 79.861680844045566, 7.409250302396533 ], [ 79.862667725939758, 7.409290211916176 ], [ 79.863920560838878, 7.409216984326124 ], [ 79.864714126309266, 7.409823091255309 ], [ 79.864716480431269, 7.409824889966155 ], [ 79.864148941791939, 7.408914307721592 ], [ 79.863897528630716, 7.408099762741176 ], [ 79.863809551298544, 7.407814728214277 ], [ 79.863431969570044, 7.406828749058756 ], [ 79.863395793034528, 7.405957142866797 ], [ 79.86328400904037, 7.404933813067119 ], [ 79.863210262485055, 7.403872668051478 ], [ 79.863022326147032, 7.402962859458704 ], [ 79.862872971333601, 7.401749989014377 ], [ 79.862457823915577, 7.400574469057426 ], [ 79.862156556095982, 7.399399181351277 ], [ 79.861550452548798, 7.398791661181408 ], [ 79.860717140819631, 7.397918427512745 ], [ 79.859430659339807, 7.395907486109613 ], [ 79.858749736371081, 7.394769313108867 ], [ 79.858726931647709, 7.394723547899068 ], [ 79.857975150995642, 7.395252855678071 ], [ 79.85743800167856, 7.3956532967832 ], [ 79.856990329853957, 7.396009304409655 ], [ 79.856363882278117, 7.396364945388409 ], [ 79.855692464451295, 7.396854340876738 ], [ 79.854886687880978, 7.397477304924585 ], [ 79.854483152954586, 7.398101096043869 ], [ 79.854079249010908, 7.398903348169949 ], [ 79.853317882339809, 7.399660248760854 ], [ 79.852646641884334, 7.400060406487547 ], [ 79.852109111691888, 7.4006393020975 ], [ 79.85152707128421, 7.401128873426539 ], [ 79.850587660089417, 7.401528473608314 ], [ 79.849827489403609, 7.401705364285905 ], [ 79.84906740917549, 7.40183763849983 ], [ 79.847949868617903, 7.401924554134348 ], [ 79.847462661858927, 7.401964066553442 ], [ 79.847460961040184, 7.401983530153335 ], [ 79.84726871911765, 7.403157800144282 ], [ 79.847038199585583, 7.404483559092892 ], [ 79.84684555974809, 7.405847289883171 ], [ 79.846956911257436, 7.407060081432381 ], [ 79.847560633819853, 7.408804390392718 ], [ 79.848240675053759, 7.410359395124002 ], [ 79.848541197694686, 7.411875718449403 ], [ 79.848463699065107, 7.412633408387648 ], [ 79.848803446782185, 7.413543533736318 ], [ 79.848477250081515, 7.414137551695272 ], [ 79.849638098970999, 7.413772619585542 ], [ 79.850626482633416, 7.413092601502838 ], [ 79.851766624849759, 7.412450788233644 ], [ 79.852792570132834, 7.411960304669035 ], [ 79.85476814061559, 7.411168636701206 ], [ 79.854830011936386, 7.411149978793594 ] ] ] ] } },
{ "type": "Feature", "properties": { "OBJECTID_1": 488, "PROVINCE_N": "North Western", "DISTRICT_N": "Puttalam", "DSD_N": "Nattandiya", "GND_N": "Ihala Nattandiya", "GND_C": "508A", "TOTAL_POPU": 1881, "EXIS_COVE": "YES", "SUP_LEV": null, "SCH_NAME": null, "RWS_SCHE": null, "PROJ_DETAI": "<Null>", "WATER_SOUR": "Bore Hole", "PROJ_NAME": "<Null>", "COVER_PER": 25, "P_POP": 0, "GRO_RATE": 0.0, "COVE_2018": 25.0, "WATER_QUAL": "COMPLIED", "COVE_2020": 25.0, "COVE_2025": 25.0, "COVE_2030": 25.0, "Shape_Leng": null, "Shape_Area": null, "OBJECTID_2": 2033, "OBJECTID_3": 2033, "OBJECTID": 12859, "EX_SCH_NAM": "Naththandiya WSS", "RWS_Name": "<Null>", "SUP_LEVEL": "24", "layer": "Sche_Puttlam", "path": "C:/Users/MB/Downloads/New folder (2)/Sem 05/Advanced GIS and Remote Sensing for Planning/WEB MAP/Shape Files/Shape Files/WSS Shape Files/Sche_Puttlam.shp" }, "geometry": { "type": "MultiPolygon", "coordinates": [ [ [ [ 79.865822955792268, 7.411551844151743 ], [ 79.865141686250382, 7.410565246469505 ], [ 79.864721247799892, 7.409835452484697 ], [ 79.864714126309266, 7.409823091255309 ], [ 79.863920560838878, 7.409216984326124 ], [ 79.862667725939758, 7.409290211916176 ], [ 79.861680844045566, 7.409250302396533 ], [ 79.860162134068659, 7.409398765577855 ], [ 79.858452921931018, 7.409887865390944 ], [ 79.856895390920315, 7.410453055448654 ], [ 79.855641770912996, 7.410905188120823 ], [ 79.854830011936386, 7.411149978793594 ], [ 79.85482798936161, 7.412127979214035 ], [ 79.854826627172812, 7.412786580312648 ], [ 79.854868705690876, 7.413708713205546 ], [ 79.854998844931615, 7.414587120245118 ], [ 79.855481324368327, 7.415246719288989 ], [ 79.856008697661721, 7.415467340458944 ], [ 79.856888138221152, 7.415600871636059 ], [ 79.857592360021613, 7.415382784695292 ], [ 79.858957089963297, 7.414814797126539 ], [ 79.860364898951815, 7.41468596188954 ], [ 79.861201076040985, 7.414468140108005 ], [ 79.862212293364152, 7.414689743516227 ], [ 79.862782754882886, 7.415349516762302 ], [ 79.862959198506331, 7.415782576303941 ], [ 79.864679217477914, 7.416249840556499 ], [ 79.864692226848192, 7.41620644608809 ], [ 79.86554492047857, 7.413362141304447 ], [ 79.865822955792268, 7.411551844151743 ] ] ] ] } },
{ "type": "Feature", "properties": { "OBJECTID_1": 489, "PROVINCE_N": "North Western", "DISTRICT_N": "Puttalam", "DSD_N": "Nattandiya", "GND_N": "Weerahena West", "GND_C": "509A", "TOTAL_POPU": 2168, "EXIS_COVE": "YES", "SUP_LEV": null, "SCH_NAME": null, "RWS_SCHE": null, "PROJ_DETAI": "<Null>", "WATER_SOUR": "Kadupiti Oya", "PROJ_NAME": "<Null>", "COVER_PER": 25, "P_POP": 0, "GRO_RATE": 0.0, "COVE_2018": 25.0, "WATER_QUAL": "COMPLIED", "COVE_2020": 25.0, "COVE_2025": 25.0, "COVE_2030": 25.0, "Shape_Leng": null, "Shape_Area": null, "OBJECTID_2": 2040, "OBJECTID_3": 2040, "OBJECTID": 12863, "EX_SCH_NAM": "Kakkapalliya wss", "RWS_Name": "<Null>", "SUP_LEVEL": "24", "layer": "Sche_Puttlam", "path": "C:/Users/MB/Downloads/New folder (2)/Sem 05/Advanced GIS and Remote Sensing for Planning/WEB MAP/Shape Files/Shape Files/WSS Shape Files/Sche_Puttlam.shp" }, "geometry": { "type": "MultiPolygon", "coordinates": [ [ [ [ 79.848477250081515, 7.414137551695272 ], [ 79.848803446782185, 7.413543533736318 ], [ 79.848463699065107, 7.412633408387648 ], [ 79.848541197694686, 7.411875718449403 ], [ 79.848240675053759, 7.410359395124002 ], [ 79.847560633819853, 7.408804390392718 ], [ 79.846956911257436, 7.407060081432381 ], [ 79.84684555974809, 7.405847289883171 ], [ 79.847038199585583, 7.404483559092892 ], [ 79.84726871911765, 7.403157800144282 ], [ 79.847460961040184, 7.401983530153335 ], [ 79.847462661858927, 7.401964066553442 ], [ 79.847616505034878, 7.400202904284549 ], [ 79.847467507466746, 7.398838464804521 ], [ 79.84766100675148, 7.397057917227659 ], [ 79.847776695943679, 7.396186628857803 ], [ 79.847774964738292, 7.396186763610713 ], [ 79.846827570602699, 7.39626044622695 ], [ 79.845384745505271, 7.396446912996387 ], [ 79.844701173381821, 7.396597062631412 ], [ 79.844017837394901, 7.396633533829845 ], [ 79.842575486517561, 7.396592637546133 ], [ 79.840714479145916, 7.397081356764544 ], [ 79.839499403247672, 7.397268280323759 ], [ 79.838245810512191, 7.397720365797728 ], [ 79.837409921708655, 7.398097539012244 ], [ 79.836764144253564, 7.398323539193391 ], [ 79.835771865082805, 7.398688039739431 ], [ 79.836190931472231, 7.400141172033382 ], [ 79.836529927232263, 7.401392333212291 ], [ 79.836224499305231, 7.402225324682639 ], [ 79.836259823291897, 7.403475848267293 ], [ 79.836295226004154, 7.40468847855328 ], [ 79.836559344872668, 7.405446881740017 ], [ 79.836670907556851, 7.406545996237291 ], [ 79.836478793049338, 7.407644471942249 ], [ 79.836667073770585, 7.4083648224603 ], [ 79.836956420846633, 7.409034785314586 ], [ 79.837097833152981, 7.409389853069225 ], [ 79.837272360835669, 7.409757701342282 ], [ 79.837356945676888, 7.409772343153756 ], [ 79.837747723817273, 7.409866830482176 ], [ 79.838035046438819, 7.409926205296262 ], [ 79.838425660446589, 7.410032135970514 ], [ 79.838724375391109, 7.410126007161572 ], [ 79.839057434062497, 7.410242976992647 ], [ 79.839413276623205, 7.410394750251015 ], [ 79.839780440974408, 7.410581018072216 ], [ 79.840147486019163, 7.410790172986758 ], [ 79.840548849924829, 7.41103401162424 ], [ 79.84089287270892, 7.411254562089835 ], [ 79.841225291717976, 7.41147508715877 ], [ 79.841541164254281, 7.411692004089559 ], [ 79.841550087108331, 7.411698132316962 ], [ 79.842299638073513, 7.413071578913372 ], [ 79.842945127209546, 7.414413438567333 ], [ 79.843589943007913, 7.416078866897638 ], [ 79.844374168856632, 7.417513463285096 ], [ 79.844742983672944, 7.418300049541742 ], [ 79.845183755833716, 7.419155047966449 ], [ 79.84543525834512, 7.418285698233913 ], [ 79.845830344780239, 7.417540161650615 ], [ 79.84646162764561, 7.416755833767796 ], [ 79.84681703097165, 7.416167341755946 ], [ 79.847171941522049, 7.415814540548408 ], [ 79.847605801732229, 7.415344056909861 ], [ 79.848079177392719, 7.414795090990215 ], [ 79.848477250081515, 7.414137551695272 ] ] ] ] } },
{ "type": "Feature", "properties": { "OBJECTID_1": 490, "PROVINCE_N": "North Western", "DISTRICT_N": "Puttalam", "DSD_N": "Mahawewa", "GND_N": "Horagolla North", "GND_C": "513C", "TOTAL_POPU": 1123, "EXIS_COVE": "YES", "SUP_LEV": null, "SCH_NAME": null, "RWS_SCHE": null, "PROJ_DETAI": "<Null>", "WATER_SOUR": "Bore Hole", "PROJ_NAME": "<Null>", "COVER_PER": 25, "P_POP": 0, "GRO_RATE": 0.0, "COVE_2018": 25.0, "WATER_QUAL": "COMPLIED", "COVE_2020": 25.0, "COVE_2025": 25.0, "COVE_2030": 25.0, "Shape_Leng": null, "Shape_Area": null, "OBJECTID_2": 2043, "OBJECTID_3": 2043, "OBJECTID": 12865, "EX_SCH_NAM": "Naththandiya WSS", "RWS_Name": "<Null>", "SUP_LEVEL": "24", "layer": "Sche_Puttlam", "path": "C:/Users/MB/Downloads/New folder (2)/Sem 05/Advanced GIS and Remote Sensing for Planning/WEB MAP/Shape Files/Shape Files/WSS Shape Files/Sche_Puttlam.shp" }, "geometry": { "type": "MultiPolygon", "coordinates": [ [ [ [ 79.837272360835669, 7.409757701342282 ], [ 79.837080990101654, 7.409724576192642 ], [ 79.836747600532377, 7.409664962965842 ], [ 79.83649459608958, 7.409640414469139 ], [ 79.836241710921115, 7.409592837443769 ], [ 79.835816185622306, 7.409532604908845 ], [ 79.835379267469207, 7.409472348916728 ], [ 79.835205842892321, 7.409446411929568 ], [ 79.834651690963028, 7.41002784931307 ], [ 79.834118652387275, 7.410784573526072 ], [ 79.834116889539928, 7.411618201649089 ], [ 79.834076445092293, 7.412792779604699 ], [ 79.834149960763099, 7.413929706122468 ], [ 79.834603478153994, 7.414877971097845 ], [ 79.8350573176875, 7.41567466565693 ], [ 79.835321598698144, 7.416357285133279 ], [ 79.83562359977833, 7.4171536614056 ], [ 79.835621838230736, 7.417987289650395 ], [ 79.83562031672929, 7.418707241825157 ], [ 79.83550547375232, 7.419161707936591 ], [ 79.835239029018609, 7.419502177155758 ], [ 79.834668776957713, 7.420059008588675 ], [ 79.835514991367234, 7.41987547880295 ], [ 79.836262693727292, 7.419877053138174 ], [ 79.836852817661381, 7.419956859239581 ], [ 79.837521565904694, 7.420076110274544 ], [ 79.838190563957809, 7.420077515968306 ], [ 79.838859560329539, 7.420078920651605 ], [ 79.839370567692782, 7.420354967772989 ], [ 79.839803282978735, 7.420434438943011 ], [ 79.840157210632867, 7.420553027729654 ], [ 79.840589925437072, 7.420632499076854 ], [ 79.840131537995589, 7.42021673243718 ], [ 79.839563554623069, 7.419896247199452 ], [ 79.839138182853418, 7.419363199526443 ], [ 79.838819509619782, 7.418794897151206 ], [ 79.838643599741005, 7.417943077480363 ], [ 79.838574310920364, 7.41709148157481 ], [ 79.83857573063429, 7.416417420363701 ], [ 79.838613214158656, 7.415495094495766 ], [ 79.838580063681974, 7.414359757507418 ], [ 79.838475534467463, 7.413366179627936 ], [ 79.838229814613641, 7.411911103219631 ], [ 79.837911744537635, 7.411058985222297 ], [ 79.837451664661444, 7.410135615930693 ], [ 79.837272360835669, 7.409757701342282 ] ] ] ] } },
{ "type": "Feature", "properties": { "OBJECTID_1": 491, "PROVINCE_N": "North Western", "DISTRICT_N": "Puttalam", "DSD_N": "Mahawewa", "GND_N": "Maranda South", "GND_C": "513B", "TOTAL_POPU": 1105, "EXIS_COVE": "YES", "SUP_LEV": null, "SCH_NAME": null, "RWS_SCHE": null, "PROJ_DETAI": "<Null>", "WATER_SOUR": "Bore Hole", "PROJ_NAME": "<Null>", "COVER_PER": 75, "P_POP": 0, "GRO_RATE": 0.0, "COVE_2018": 75.0, "WATER_QUAL": "COMPLIED", "COVE_2020": 75.0, "COVE_2025": 75.0, "COVE_2030": 75.0, "Shape_Leng": null, "Shape_Area": null, "OBJECTID_2": 2044, "OBJECTID_3": 2044, "OBJECTID": 12866, "EX_SCH_NAM": "Naththandiya WSS", "RWS_Name": "<Null>", "SUP_LEVEL": "24", "layer": "Sche_Puttlam", "path": "C:/Users/MB/Downloads/New folder (2)/Sem 05/Advanced GIS and Remote Sensing for Planning/WEB MAP/Shape Files/Shape Files/WSS Shape Files/Sche_Puttlam.shp" }, "geometry": { "type": "MultiPolygon", "coordinates": [ [ [ [ 79.845177133534435, 7.419177939879462 ], [ 79.845183755833716, 7.419155047966449 ], [ 79.844742983672944, 7.418300049541742 ], [ 79.844374168856632, 7.417513463285096 ], [ 79.843589943007913, 7.416078866897638 ], [ 79.842945127209546, 7.414413438567333 ], [ 79.842299638073513, 7.413071578913372 ], [ 79.841550087108331, 7.411698132316962 ], [ 79.841541164254281, 7.411692004089559 ], [ 79.841225291717976, 7.41147508715877 ], [ 79.84089287270892, 7.411254562089835 ], [ 79.840548849924829, 7.41103401162424 ], [ 79.840147486019163, 7.410790172986758 ], [ 79.839780440974408, 7.410581018072216 ], [ 79.839413276623205, 7.410394750251015 ], [ 79.839057434062497, 7.410242976992647 ], [ 79.838724375391109, 7.410126007161572 ], [ 79.838425660446589, 7.410032135970514 ], [ 79.838035046438819, 7.409926205296262 ], [ 79.837747723817273, 7.409866830482176 ], [ 79.837356945676888, 7.409772343153756 ], [ 79.837272360835669, 7.409757701342282 ], [ 79.837451664661444, 7.410135615930693 ], [ 79.837911744537635, 7.411058985222297 ], [ 79.838229814613641, 7.411911103219631 ], [ 79.838475534467463, 7.413366179627936 ], [ 79.838580063681974, 7.414359757507418 ], [ 79.838613214158656, 7.415495094495766 ], [ 79.83857573063429, 7.416417420363701 ], [ 79.838574310920364, 7.41709148157481 ], [ 79.838643599741005, 7.417943077480363 ], [ 79.838819509619782, 7.418794897151206 ], [ 79.839138182853418, 7.419363199526443 ], [ 79.839563554623069, 7.419896247199452 ], [ 79.840131537995589, 7.42021673243718 ], [ 79.840589925437072, 7.420632499076854 ], [ 79.841101595181613, 7.420594287657489 ], [ 79.841731323217317, 7.420556324511166 ], [ 79.842440252016928, 7.420282832378437 ], [ 79.843267155917758, 7.420048868665987 ], [ 79.843936483307502, 7.419893138097819 ], [ 79.84448775125054, 7.419737160185806 ], [ 79.845177133534435, 7.419177939879462 ] ] ] ] } },
{ "type": "Feature", "properties": { "OBJECTID_1": 492, "PROVINCE_N": "North Western", "DISTRICT_N": "Puttalam", "DSD_N": "Nattandiya", "GND_N": "Mailawa", "GND_C": "507A", "TOTAL_POPU": 1162, "EXIS_COVE": "YES", "SUP_LEV": null, "SCH_NAME": null, "RWS_SCHE": null, "PROJ_DETAI": "<Null>", "WATER_SOUR": "Bore Hole", "PROJ_NAME": "<Null>", "COVER_PER": 25, "P_POP": 0, "GRO_RATE": 0.0, "COVE_2018": 25.0, "WATER_QUAL": "COMPLIED", "COVE_2020": 25.0, "COVE_2025": 25.0, "COVE_2030": 25.0, "Shape_Leng": null, "Shape_Area": null, "OBJECTID_2": 2048, "OBJECTID_3": 2048, "OBJECTID": 12870, "EX_SCH_NAM": "Naththandiya WSS", "RWS_Name": "<Null>", "SUP_LEVEL": "24", "layer": "Sche_Puttlam", "path": "C:/Users/MB/Downloads/New folder (2)/Sem 05/Advanced GIS and Remote Sensing for Planning/WEB MAP/Shape Files/Shape Files/WSS Shape Files/Sche_Puttlam.shp" }, "geometry": { "type": "MultiPolygon", "coordinates": [ [ [ [ 79.883546070821396, 7.417776287626468 ], [ 79.883538038884055, 7.417764095699767 ], [ 79.882819213944884, 7.416550087660772 ], [ 79.882555541449833, 7.415526453041164 ], [ 79.881951213053284, 7.414009531173825 ], [ 79.881915610458393, 7.412834781608199 ], [ 79.881879758787889, 7.411853089615511 ], [ 79.88187962741344, 7.411849495180989 ], [ 79.881082687739379, 7.411734221743322 ], [ 79.879678153196338, 7.411731408051289 ], [ 79.877096696467589, 7.411802010920769 ], [ 79.875084415665924, 7.411987424797824 ], [ 79.872426885311441, 7.412133631825892 ], [ 79.870415142846738, 7.412053775282988 ], [ 79.86836559623859, 7.411898048210142 ], [ 79.867340978042492, 7.411744395413901 ], [ 79.866202558138895, 7.411552616847562 ], [ 79.865822955792268, 7.411551844151743 ], [ 79.86554492047857, 7.413362141304447 ], [ 79.864692226848192, 7.41620644608809 ], [ 79.864679217477914, 7.416249840556499 ], [ 79.864741260252259, 7.416266695523602 ], [ 79.864968016413641, 7.416759762438995 ], [ 79.865649214973431, 7.417784253858072 ], [ 79.867051750233671, 7.418772320368289 ], [ 79.868415868137276, 7.419987660187377 ], [ 79.86924915574042, 7.420898778121075 ], [ 79.869665878464446, 7.421316444422692 ], [ 79.870347095404497, 7.422340930593448 ], [ 79.870838354154088, 7.423440815653595 ], [ 79.871102463888874, 7.424237098091949 ], [ 79.872011302486868, 7.425337829700972 ], [ 79.872413797977643, 7.425726287972075 ], [ 79.872413636343111, 7.425724254118458 ], [ 79.872411584751333, 7.425698340361346 ], [ 79.872399649619936, 7.425547609197847 ], [ 79.872288614244255, 7.424145353388596 ], [ 79.8720629258043, 7.423121792107886 ], [ 79.872368078611899, 7.422402447507461 ], [ 79.873507376096214, 7.422177395851999 ], [ 79.874948827190465, 7.42271080687761 ], [ 79.876465668654603, 7.423509614009059 ], [ 79.877413860385786, 7.423928344851831 ], [ 79.87889305540233, 7.424575497191556 ], [ 79.880828022047254, 7.425109882533914 ], [ 79.882156980809867, 7.424960974395994 ], [ 79.883714315449254, 7.42450937598927 ], [ 79.884703214386803, 7.423564031054634 ], [ 79.885616715272818, 7.422353281197948 ], [ 79.885582091607034, 7.420685926026549 ], [ 79.884977140484281, 7.419472147436283 ], [ 79.884219436938054, 7.418712778287719 ], [ 79.883546070821396, 7.417776287626468 ] ] ] ] } },
{ "type": "Feature", "properties": { "OBJECTID_1": 493, "PROVINCE_N": "North Western", "DISTRICT_N": "Puttalam", "DSD_N": "Mahawewa", "GND_N": "Ihala Hattiniya", "GND_C": "514", "TOTAL_POPU": 1315, "EXIS_COVE": "YES", "SUP_LEV": null, "SCH_NAME": null, "RWS_SCHE": null, "PROJ_DETAI": "<Null>", "WATER_SOUR": "Bore Hole", "PROJ_NAME": "<Null>", "COVER_PER": 50, "P_POP": 0, "GRO_RATE": 0.0, "COVE_2018": 50.0, "WATER_QUAL": "COMPLIED", "COVE_2020": 50.0, "COVE_2025": 50.0, "COVE_2030": 50.0, "Shape_Leng": null, "Shape_Area": null, "OBJECTID_2": 2050, "OBJECTID_3": 2050, "OBJECTID": 12871, "EX_SCH_NAM": "Naththandiya WSS", "RWS_Name": "<Null>", "SUP_LEVEL": "24", "layer": "Sche_Puttlam", "path": "C:/Users/MB/Downloads/New folder (2)/Sem 05/Advanced GIS and Remote Sensing for Planning/WEB MAP/Shape Files/Shape Files/WSS Shape Files/Sche_Puttlam.shp" }, "geometry": { "type": "MultiPolygon", "coordinates": [ [ [ [ 79.841953480837873, 7.42761452996768 ], [ 79.842376942946927, 7.426941367299815 ], [ 79.842843037476328, 7.4259695996332 ], [ 79.842845322378636, 7.424881058977033 ], [ 79.842940027609018, 7.423977994218736 ], [ 79.843243749550624, 7.422982725314283 ], [ 79.843733233727136, 7.421918361938966 ], [ 79.844129323286268, 7.421131730114283 ], [ 79.845177133534435, 7.419177939879462 ], [ 79.84448775125054, 7.419737160185806 ], [ 79.843936483307502, 7.419893138097819 ], [ 79.843267155917758, 7.420048868665987 ], [ 79.842440252016928, 7.420282832378437 ], [ 79.841731323217317, 7.420556324511166 ], [ 79.841101595181613, 7.420594287657489 ], [ 79.840589925437072, 7.420632499076854 ], [ 79.840157210632867, 7.420553027729654 ], [ 79.839803282978735, 7.420434438943011 ], [ 79.839370567692782, 7.420354967772989 ], [ 79.838859560329539, 7.420078920651605 ], [ 79.838190563957809, 7.420077515968306 ], [ 79.837521565904694, 7.420076110274544 ], [ 79.836852817661381, 7.419956859239581 ], [ 79.836262693727292, 7.419877053138174 ], [ 79.835514991367234, 7.41987547880295 ], [ 79.834668776957713, 7.420059008588675 ], [ 79.834656504780185, 7.420061670848216 ], [ 79.834703089368986, 7.421982993577293 ], [ 79.834433494013354, 7.42373411051771 ], [ 79.834595569485771, 7.424607130127423 ], [ 79.835164411426703, 7.425281818151077 ], [ 79.836021238838086, 7.42607108107583 ], [ 79.836809245126389, 7.426489630339361 ], [ 79.837296499021704, 7.426490655900009 ], [ 79.837875537233472, 7.426978244735783 ], [ 79.838385847970528, 7.427048798689061 ], [ 79.839476467903026, 7.42700476935419 ], [ 79.840103036731719, 7.426959763054962 ], [ 79.840938380600832, 7.42693835418901 ], [ 79.841378694340349, 7.427194043342646 ], [ 79.841949261871974, 7.42762123560181 ], [ 79.841953480837873, 7.42761452996768 ] ] ] ] } },
{ "type": "Feature", "properties": { "OBJECTID_1": 494, "PROVINCE_N": "North Western", "DISTRICT_N": "Puttalam", "DSD_N": "Mahawewa", "GND_N": "Maranda North", "GND_C": "513A", "TOTAL_POPU": 1762, "EXIS_COVE": "YES", "SUP_LEV": null, "SCH_NAME": null, "RWS_SCHE": null, "PROJ_DETAI": "<Null>", "WATER_SOUR": "Bore Hole", "PROJ_NAME": "<Null>", "COVER_PER": 75, "P_POP": 0, "GRO_RATE": 0.0, "COVE_2018": 75.0, "WATER_QUAL": "COMPLIED", "COVE_2020": 75.0, "COVE_2025": 75.0, "COVE_2030": 75.0, "Shape_Leng": null, "Shape_Area": null, "OBJECTID_2": 2052, "OBJECTID_3": 2052, "OBJECTID": 12873, "EX_SCH_NAM": "Naththandiya WSS", "RWS_Name": "<Null>", "SUP_LEVEL": "24", "layer": "Sche_Puttlam", "path": "C:/Users/MB/Downloads/New folder (2)/Sem 05/Advanced GIS and Remote Sensing for Planning/WEB MAP/Shape Files/Shape Files/WSS Shape Files/Sche_Puttlam.shp" }, "geometry": { "type": "MultiPolygon", "coordinates": [ [ [ [ 79.851991012894302, 7.430585083654488 ], [ 79.851386678322839, 7.430147350479593 ], [ 79.851109979662809, 7.429592082073355 ], [ 79.850833473208311, 7.428944363663422 ], [ 79.850464446971074, 7.428250229395259 ], [ 79.850281138191633, 7.427325357825708 ], [ 79.850005211784818, 7.4264002931058 ], [ 79.849775404046397, 7.425567773437245 ], [ 79.849545787816098, 7.424642805644786 ], [ 79.849084053406614, 7.423994702995517 ], [ 79.848621935608179, 7.423531497035841 ], [ 79.847974006979314, 7.423345252437689 ], [ 79.847465388923297, 7.422974397230061 ], [ 79.846818717230192, 7.422187234937505 ], [ 79.846265339293154, 7.421076693670212 ], [ 79.845434794164305, 7.419642002803306 ], [ 79.845186527253361, 7.419160423697662 ], [ 79.845183755833716, 7.419155047966449 ], [ 79.845177133534435, 7.419177939879462 ], [ 79.844129323286268, 7.421131730114283 ], [ 79.843733233727136, 7.421918361938966 ], [ 79.843243749550624, 7.422982725314283 ], [ 79.842940027609018, 7.423977994218736 ], [ 79.842845322378636, 7.424881058977033 ], [ 79.842843037476328, 7.4259695996332 ], [ 79.842376942946927, 7.426941367299815 ], [ 79.841953480837873, 7.42761452996768 ], [ 79.841965353098473, 7.427628981985315 ], [ 79.842266336856554, 7.427995359949953 ], [ 79.842706118351586, 7.42850581246553 ], [ 79.843169102805703, 7.429016313191651 ], [ 79.844002992829445, 7.429689712733975 ], [ 79.84495445242149, 7.429622218212285 ], [ 79.846207695281933, 7.429485869759716 ], [ 79.847089061733186, 7.429649830501414 ], [ 79.848178675146315, 7.430092150461319 ], [ 79.848990194352936, 7.430371765866568 ], [ 79.849964666774568, 7.43039695139383 ], [ 79.85077657392111, 7.430491278769813 ], [ 79.851999019856606, 7.430646380560089 ], [ 79.851991012894302, 7.430585083654488 ] ] ] ] } },
{ "type": "Feature", "properties": { "OBJECTID_1": 495, "PROVINCE_N": "North Western", "DISTRICT_N": "Puttalam", "DSD_N": "Nattandiya", "GND_N": "Meda Nattandiya", "GND_C": "508B", "TOTAL_POPU": 2006, "EXIS_COVE": "YES", "SUP_LEV": null, "SCH_NAME": null, "RWS_SCHE": null, "PROJ_DETAI": "<Null>", "WATER_SOUR": "Bore Hole", "PROJ_NAME": "<Null>", "COVER_PER": 75, "P_POP": 0, "GRO_RATE": 0.0, "COVE_2018": 75.0, "WATER_QUAL": "COMPLIED", "COVE_2020": 75.0, "COVE_2025": 75.0, "COVE_2030": 75.0, "Shape_Leng": null, "Shape_Area": null, "OBJECTID_2": 2053, "OBJECTID_3": 2053, "OBJECTID": 12874, "EX_SCH_NAM": "Naththandiya WSS", "RWS_Name": "<Null>", "SUP_LEVEL": "24", "layer": "Sche_Puttlam", "path": "C:/Users/MB/Downloads/New folder (2)/Sem 05/Advanced GIS and Remote Sensing for Planning/WEB MAP/Shape Files/Shape Files/WSS Shape Files/Sche_Puttlam.shp" }, "geometry": { "type": "MultiPolygon", "coordinates": [ [ [ [ 79.85755930585087, 7.429756431906585 ], [ 79.857654706416653, 7.429735309436338 ], [ 79.857965921548157, 7.429645390377997 ], [ 79.858219388648678, 7.429589541394714 ], [ 79.858486924059051, 7.429507928340837 ], [ 79.85848716559812, 7.429390950444425 ], [ 79.858488978672213, 7.428512814190208 ], [ 79.858975914654195, 7.427020978589911 ], [ 79.860168352171939, 7.424696357391654 ], [ 79.860918743365488, 7.423424593911218 ], [ 79.862200033506497, 7.420661076024476 ], [ 79.862774827456505, 7.419213319505641 ], [ 79.863304731358497, 7.418204540755533 ], [ 79.863438489079854, 7.417326673373885 ], [ 79.863176645167499, 7.416316276306484 ], [ 79.862959198506331, 7.415782576303941 ], [ 79.862782754882886, 7.415349516762302 ], [ 79.862212293364152, 7.414689743516227 ], [ 79.861201076040985, 7.414468140108005 ], [ 79.860364898951815, 7.41468596188954 ], [ 79.858957089963297, 7.414814797126539 ], [ 79.857592360021613, 7.415382784695292 ], [ 79.856888138221152, 7.415600871636059 ], [ 79.856008697661721, 7.415467340458944 ], [ 79.855481324368327, 7.415246719288989 ], [ 79.854998844931615, 7.414587120245118 ], [ 79.854868705690876, 7.413708713205546 ], [ 79.854826627172812, 7.412786580312648 ], [ 79.85482798936161, 7.412127979214035 ], [ 79.854830011936386, 7.411149978793594 ], [ 79.85476814061559, 7.411168636701206 ], [ 79.852792570132834, 7.411960304669035 ], [ 79.851766624849759, 7.412450788233644 ], [ 79.850626482633416, 7.413092601502838 ], [ 79.849638098970999, 7.413772619585542 ], [ 79.848477250081515, 7.414137551695272 ], [ 79.848079177392719, 7.414795090990215 ], [ 79.847605801732229, 7.415344056909861 ], [ 79.847171941522049, 7.415814540548408 ], [ 79.84681703097165, 7.416167341755946 ], [ 79.84646162764561, 7.416755833767796 ], [ 79.845830344780239, 7.417540161650615 ], [ 79.84543525834512, 7.418285698233913 ], [ 79.845183755833716, 7.419155047966449 ], [ 79.845186527253361, 7.419160423697662 ], [ 79.845434794164305, 7.419642002803306 ], [ 79.846265339293154, 7.421076693670212 ], [ 79.846818717230192, 7.422187234937505 ], [ 79.847465388923297, 7.422974397230061 ], [ 79.847974006979314, 7.423345252437689 ], [ 79.848621935608179, 7.423531497035841 ], [ 79.849084053406614, 7.423994702995517 ], [ 79.849545787816098, 7.424642805644786 ], [ 79.849775404046397, 7.425567773437245 ], [ 79.850005211784818, 7.4264002931058 ], [ 79.850281138191633, 7.427325357825708 ], [ 79.850464446971074, 7.428250229395259 ], [ 79.850833473208311, 7.428944363663422 ], [ 79.851109979662809, 7.429592082073355 ], [ 79.851386678322839, 7.430147350479593 ], [ 79.851991012894302, 7.430585083654488 ], [ 79.851999019856606, 7.430646380560089 ], [ 79.852010337553523, 7.430652419563578 ], [ 79.852274370030074, 7.430757513151981 ], [ 79.852607804263883, 7.430805673569003 ], [ 79.852884081424989, 7.430807375863203 ], [ 79.853183312458071, 7.430797823161391 ], [ 79.8534711967921, 7.430765218053822 ], [ 79.853770829521935, 7.43069830689658 ], [ 79.854081832063144, 7.430642861516035 ], [ 79.854439024183264, 7.430564766553654 ], [ 79.854796404364549, 7.430463642941592 ], [ 79.855119059720593, 7.430385334091278 ], [ 79.855464974776154, 7.4302840451736 ], [ 79.855810748100723, 7.430182896727425 ], [ 79.856191245632104, 7.430059072979561 ], [ 79.856513973320247, 7.429980622144266 ], [ 79.85690562606041, 7.4299027362789 ], [ 79.857251352173023, 7.429824615286881 ], [ 79.85755930585087, 7.429756431906585 ] ] ] ] } },
{ "type": "Feature", "properties": { "OBJECTID_1": 496, "PROVINCE_N": "North Western", "DISTRICT_N": "Puttalam", "DSD_N": "Nattandiya", "GND_N": "Pahala Nattandiya", "GND_C": "508", "TOTAL_POPU": 1308, "EXIS_COVE": "YES", "SUP_LEV": null, "SCH_NAME": null, "RWS_SCHE": null, "PROJ_DETAI": "<Null>", "WATER_SOUR": "Kadupiti Oya", "PROJ_NAME": "<Null>", "COVER_PER": 75, "P_POP": 0, "GRO_RATE": 0.0, "COVE_2018": 75.0, "WATER_QUAL": "COMPLIED", "COVE_2020": 75.0, "COVE_2025": 75.0, "COVE_2030": 75.0, "Shape_Leng": null, "Shape_Area": null, "OBJECTID_2": 2055, "OBJECTID_3": 2055, "OBJECTID": 12875, "EX_SCH_NAM": "Kakkapalliya wss", "RWS_Name": "<Null>", "SUP_LEVEL": "24", "layer": "Sche_Puttlam", "path": "C:/Users/MB/Downloads/New folder (2)/Sem 05/Advanced GIS and Remote Sensing for Planning/WEB MAP/Shape Files/Shape Files/WSS Shape Files/Sche_Puttlam.shp" }, "geometry": { "type": "MultiPolygon", "coordinates": [ [ [ [ 79.872413797977643, 7.425726287972075 ], [ 79.872011302486868, 7.425337829700972 ], [ 79.871102463888874, 7.424237098091949 ], [ 79.870838354154088, 7.423440815653595 ], [ 79.870347095404497, 7.422340930593448 ], [ 79.869665878464446, 7.421316444422692 ], [ 79.86924915574042, 7.420898778121075 ], [ 79.868415868137276, 7.419987660187377 ], [ 79.867051750233671, 7.418772320368289 ], [ 79.865649214973431, 7.417784253858072 ], [ 79.864968016413641, 7.416759762438995 ], [ 79.864741260252259, 7.416266695523602 ], [ 79.864679217477914, 7.416249840556499 ], [ 79.862959198506331, 7.415782576303941 ], [ 79.863176645167499, 7.416316276306484 ], [ 79.863438489079854, 7.417326673373885 ], [ 79.863304731358497, 7.418204540755533 ], [ 79.862774827456505, 7.419213319505641 ], [ 79.862200033506497, 7.420661076024476 ], [ 79.860918743365488, 7.423424593911218 ], [ 79.860168352171939, 7.424696357391654 ], [ 79.858975914654195, 7.427020978589911 ], [ 79.858488978672213, 7.428512814190208 ], [ 79.85848716559812, 7.429390950444425 ], [ 79.858486924059051, 7.429507928340837 ], [ 79.858588326067107, 7.42947699490812 ], [ 79.858864888007503, 7.429409890692948 ], [ 79.859187920472706, 7.429285663906926 ], [ 79.859430041188077, 7.429206762098191 ], [ 79.859787207197826, 7.429140106828463 ], [ 79.860098326207378, 7.429061770432062 ], [ 79.860467050553368, 7.42898369310847 ], [ 79.860904749967148, 7.428917483404254 ], [ 79.861158098408524, 7.428884662083447 ], [ 79.861595726756704, 7.428818592580971 ], [ 79.862010284346837, 7.42878680649625 ], [ 79.862424582617891, 7.428778048270384 ], [ 79.862792952906062, 7.428768913517519 ], [ 79.863241926488314, 7.428725894366064 ], [ 79.863667854170998, 7.428705573392922 ], [ 79.864047877033371, 7.428673574585471 ], [ 79.864347319320089, 7.428629542367944 ], [ 79.864635203190147, 7.428596929745284 ], [ 79.864957738702657, 7.428541499960709 ], [ 79.865199741402535, 7.428485624295012 ], [ 79.865487600542778, 7.428464595526612 ], [ 79.865729508168585, 7.428420162788547 ], [ 79.865994296835822, 7.428398946453443 ], [ 79.866362902381425, 7.428343892605704 ], [ 79.866685344477318, 7.428299905657685 ], [ 79.867053619454552, 7.428302351597218 ], [ 79.867375825137529, 7.428304420380923 ], [ 79.867709377395457, 7.428329540852876 ], [ 79.868043002186482, 7.428354662130429 ], [ 79.86841087760024, 7.428414465254463 ], [ 79.86875570632813, 7.428497108981241 ], [ 79.869008324592301, 7.42857914090203 ], [ 79.869260896885436, 7.428684202327385 ], [ 79.869593790609045, 7.428824180318455 ], [ 79.869811733538683, 7.428940472567288 ], [ 79.870064000419561, 7.429091589718878 ], [ 79.870384912464488, 7.42931193082246 ], [ 79.870717313794174, 7.429555323885238 ], [ 79.87104938598128, 7.429821745812606 ], [ 79.871335811560513, 7.43005331965279 ], [ 79.871633443555382, 7.430308085056146 ], [ 79.871919704887461, 7.430551242750076 ], [ 79.872205991009309, 7.430782816752052 ], [ 79.872515135749083, 7.431049048450031 ], [ 79.872648649847747, 7.431157085875608 ], [ 79.872722868163024, 7.430113755254051 ], [ 79.873027717255653, 7.429545980746222 ], [ 79.873294296635976, 7.429129700793457 ], [ 79.873825762487357, 7.429130776083961 ], [ 79.874432613239335, 7.42939725227061 ], [ 79.874812615087507, 7.429208555884002 ], [ 79.87485219050464, 7.428412888283837 ], [ 79.873867492123637, 7.427274115715726 ], [ 79.873034260509002, 7.426325111419102 ], [ 79.872413797977643, 7.425726287972075 ] ] ] ] } },
{ "type": "Feature", "properties": { "OBJECTID_1": 498, "PROVINCE_N": "North Western", "DISTRICT_N": "Puttalam", "DSD_N": "Madampe", "GND_N": "Thaniwellagama", "GND_C": "540B", "TOTAL_POPU": 699, "EXIS_COVE": "YES", "SUP_LEV": null, "SCH_NAME": null, "RWS_SCHE": null, "PROJ_DETAI": "<Null>", "WATER_SOUR": "Kadupiti Oya", "PROJ_NAME": "<Null>", "COVER_PER": 50, "P_POP": 0, "GRO_RATE": 0.0, "COVE_2018": 50.0, "WATER_QUAL": "COMPLIED", "COVE_2020": 50.0, "COVE_2025": 50.0, "COVE_2030": 50.0, "Shape_Leng": null, "Shape_Area": null, "OBJECTID_2": 2092, "OBJECTID_3": 2092, "OBJECTID": 12922, "EX_SCH_NAM": "Kakkapalliya wss", "RWS_Name": "<Null>", "SUP_LEVEL": "24", "layer": "Sche_Puttlam", "path": "C:/Users/MB/Downloads/New folder (2)/Sem 05/Advanced GIS and Remote Sensing for Planning/WEB MAP/Shape Files/Shape Files/WSS Shape Files/Sche_Puttlam.shp" }, "geometry": { "type": "MultiPolygon", "coordinates": [ [ [ [ 79.862385808386193, 7.496030338007294 ], [ 79.862834040647741, 7.495696273885819 ], [ 79.863129908567601, 7.494276910862843 ], [ 79.863342428614317, 7.492690319667921 ], [ 79.863973406798593, 7.491104591840613 ], [ 79.86452042804531, 7.489643980896227 ], [ 79.865024306141791, 7.488809739613448 ], [ 79.86586286115336, 7.488017949356502 ], [ 79.86691012543848, 7.487477169642696 ], [ 79.867789488460474, 7.487186626552097 ], [ 79.868585846693961, 7.486561800397502 ], [ 79.869591002012243, 7.486146219620201 ], [ 79.870428086251778, 7.486064403772271 ], [ 79.871390450708091, 7.4861081357267 ], [ 79.872059809916436, 7.486193031008741 ], [ 79.873694440475404, 7.484901679638642 ], [ 79.874616323120293, 7.48427709589704 ], [ 79.875162617973018, 7.48315057722778 ], [ 79.875371017248071, 7.482243961276083 ], [ 79.875294304696155, 7.482157474155315 ], [ 79.875164047560858, 7.481830535453973 ], [ 79.874968462972745, 7.481438128919492 ], [ 79.874838473082562, 7.480980519922917 ], [ 79.874774078612276, 7.480457711215234 ], [ 79.874775145922072, 7.479935034755039 ], [ 79.874737017152214, 7.479870333853996 ], [ 79.874666246234, 7.480323309197868 ], [ 79.87412106418941, 7.480906896652614 ], [ 79.872864683205322, 7.481405505758318 ], [ 79.871651170772253, 7.481403030048807 ], [ 79.869809896576371, 7.48144103171868 ], [ 79.868428403986869, 7.481730550997413 ], [ 79.867130256362358, 7.482187293588703 ], [ 79.866502147129822, 7.482394823711935 ], [ 79.865831588558891, 7.482894614763387 ], [ 79.864366744802339, 7.48301689333267 ], [ 79.862986714990058, 7.482596411092104 ], [ 79.862024188188471, 7.482636190196168 ], [ 79.861604783912981, 7.483094727149699 ], [ 79.861519276115175, 7.483971593307686 ], [ 79.861601926887076, 7.484472931897089 ], [ 79.861308490021031, 7.484722909295551 ], [ 79.860346132240352, 7.484679155800798 ], [ 79.859551503501038, 7.484468692757484 ], [ 79.858714335039906, 7.484592250414156 ], [ 79.857668549591693, 7.484423027125393 ], [ 79.856664260972579, 7.484420943053369 ], [ 79.855952708005674, 7.48438000643995 ], [ 79.855654743688831, 7.486924677560689 ], [ 79.855400792466753, 7.488302356647542 ], [ 79.854641108636628, 7.491391300753131 ], [ 79.854388024579336, 7.492351340997373 ], [ 79.854092392437551, 7.493645404559814 ], [ 79.853880363240251, 7.494981404456079 ], [ 79.853960907826064, 7.496485070466687 ], [ 79.853964582852598, 7.496553678573687 ], [ 79.854147003342362, 7.496517661991483 ], [ 79.85510720398797, 7.496570105895866 ], [ 79.855814798236835, 7.49657157934752 ], [ 79.856623792608787, 7.496421934590205 ], [ 79.858241781122047, 7.496122641315446 ], [ 79.859151440030928, 7.496174970519948 ], [ 79.860263373266847, 7.496177275091413 ], [ 79.861476706094649, 7.49602845845053 ], [ 79.862385808386193, 7.496030338007294 ] ] ] ] } },
{ "type": "Feature", "properties": { "OBJECTID_1": 499, "PROVINCE_N": "North Western", "DISTRICT_N": "Puttalam", "DSD_N": "Madampe", "GND_N": "Suduwella", "GND_C": "541A", "TOTAL_POPU": 988, "EXIS_COVE": "YES", "SUP_LEV": null, "SCH_NAME": null, "RWS_SCHE": null, "PROJ_DETAI": "<Null>", "WATER_SOUR": "Kadupiti Oya", "PROJ_NAME": "<Null>", "COVER_PER": 75, "P_POP": 0, "GRO_RATE": 0.0, "COVE_2018": 75.0, "WATER_QUAL": "COMPLIED", "COVE_2020": 75.0, "COVE_2025": 75.0, "COVE_2030": 75.0, "Shape_Leng": null, "Shape_Area": null, "OBJECTID_2": 2125, "OBJECTID_3": 2125, "OBJECTID": 12948, "EX_SCH_NAM": "Kakkapalliya wss", "RWS_Name": "<Null>", "SUP_LEVEL": "24", "layer": "Sche_Puttlam", "path": "C:/Users/MB/Downloads/New folder (2)/Sem 05/Advanced GIS and Remote Sensing for Planning/WEB MAP/Shape Files/Shape Files/WSS Shape Files/Sche_Puttlam.shp" }, "geometry": { "type": "MultiPolygon", "coordinates": [ [ [ [ 79.852151288247768, 7.496175530940899 ], [ 79.85213639282594, 7.496165730109195 ], [ 79.851881517964785, 7.49695282713574 ], [ 79.851687811302, 7.497528772163847 ], [ 79.851445576043332, 7.498296731871975 ], [ 79.851203339787432, 7.499064691317028 ], [ 79.850817133186268, 7.49964023367736 ], [ 79.850383405965445, 7.49992749933048 ], [ 79.850141873992342, 7.500359256040387 ], [ 79.849707437951707, 7.500982724398214 ], [ 79.849321733294161, 7.501318118707309 ], [ 79.848888408263591, 7.501413268103637 ], [ 79.848550827522999, 7.501748763508348 ], [ 79.848418788480899, 7.502140108488128 ], [ 79.848822623074767, 7.502383080108205 ], [ 79.849305880336459, 7.503312235861837 ], [ 79.849748110375856, 7.504523784566512 ], [ 79.850230524889071, 7.505305957633793 ], [ 79.850636822522887, 7.50492918726937 ], [ 79.851164255001237, 7.504082857552506 ], [ 79.851611410535966, 7.502953881246427 ], [ 79.852058392178719, 7.501905611194969 ], [ 79.852383392882942, 7.501179917773681 ], [ 79.852425351328421, 7.500453632408933 ], [ 79.852548770763249, 7.499445040358522 ], [ 79.852874529094677, 7.498356160689938 ], [ 79.853317786582991, 7.496681378693259 ], [ 79.853322856702547, 7.49666222600306 ], [ 79.852151288247768, 7.496175530940899 ] ] ] ] } },
{ "type": "Feature", "properties": { "OBJECTID_1": 500, "PROVINCE_N": "North Western", "DISTRICT_N": "Puttalam", "DSD_N": "Madampe", "GND_N": "Karukkuwatawana", "GND_C": "552", "TOTAL_POPU": 873, "EXIS_COVE": "YES", "SUP_LEV": null, "SCH_NAME": null, "RWS_SCHE": null, "PROJ_DETAI": "<Null>", "WATER_SOUR": "Kadupiti Oya", "PROJ_NAME": "<Null>", "COVER_PER": 25, "P_POP": 0, "GRO_RATE": 0.0, "COVE_2018": 25.0, "WATER_QUAL": "COMPLIED", "COVE_2020": 25.0, "COVE_2025": 25.0, "COVE_2030": 25.0, "Shape_Leng": null, "Shape_Area": null, "OBJECTID_2": 2135, "OBJECTID_3": 2135, "OBJECTID": 12954, "EX_SCH_NAM": "Kakkapalliya wss", "RWS_Name": "<Null>", "SUP_LEVEL": "24", "layer": "Sche_Puttlam", "path": "C:/Users/MB/Downloads/New folder (2)/Sem 05/Advanced GIS and Remote Sensing for Planning/WEB MAP/Shape Files/Shape Files/WSS Shape Files/Sche_Puttlam.shp" }, "geometry": { "type": "MultiPolygon", "coordinates": [ [ [ [ 79.883086622285035, 7.510660846312541 ], [ 79.883063495653928, 7.510643323326961 ], [ 79.882903630756033, 7.51048313083143 ], [ 79.882870062277163, 7.510477234488509 ], [ 79.882377477770177, 7.510390712717992 ], [ 79.882011468181076, 7.510321455549321 ], [ 79.881669457829943, 7.509704127530256 ], [ 79.881441917041485, 7.509064191492473 ], [ 79.881283354621758, 7.508264528053402 ], [ 79.881425072262559, 7.50609517097264 ], [ 79.881449443268721, 7.505364392249604 ], [ 79.881130553681643, 7.504632918139714 ], [ 79.881406508067272, 7.503971164965766 ], [ 79.881408922748008, 7.502783574544369 ], [ 79.881206891757245, 7.502349677529808 ], [ 79.880270356463626, 7.502469661849479 ], [ 79.879517444374173, 7.50230107833953 ], [ 79.87868169099518, 7.501714684611668 ], [ 79.877385194437096, 7.501336172618304 ], [ 79.876842034079701, 7.500917427061249 ], [ 79.875962902498614, 7.501082693431242 ], [ 79.875209397800376, 7.501206449607397 ], [ 79.874749421019544, 7.501038456393712 ], [ 79.873830240035431, 7.500326591745171 ], [ 79.872785178029957, 7.499781524300914 ], [ 79.871530369900483, 7.499486610368213 ], [ 79.870567889373916, 7.499484639511742 ], [ 79.869647085384315, 7.499566279078278 ], [ 79.868516787974471, 7.499772779788215 ], [ 79.867385886321188, 7.500271623439141 ], [ 79.86654739391625, 7.501021650375572 ], [ 79.865668087907252, 7.501270423180906 ], [ 79.865081537946722, 7.501603325657342 ], [ 79.864368666726918, 7.50231184137487 ], [ 79.863571925627298, 7.503103711118498 ], [ 79.862817462818867, 7.503686847445798 ], [ 79.862081455639313, 7.503840569277457 ], [ 79.862314255207906, 7.504186973422828 ], [ 79.862479821907513, 7.505064358044002 ], [ 79.86281295408277, 7.505858560544107 ], [ 79.86318680642664, 7.507195779060759 ], [ 79.86347453867549, 7.50970220839617 ], [ 79.863479646773172, 7.509746707612936 ], [ 79.864373588092889, 7.5102845095267 ], [ 79.865585894821905, 7.510650200325093 ], [ 79.866798955270355, 7.510652701319224 ], [ 79.867390484462646, 7.510653919673185 ], [ 79.867688533136104, 7.510654533252793 ], [ 79.868457306042785, 7.51041398995551 ], [ 79.869550142649061, 7.509891631079193 ], [ 79.870723099759502, 7.509732621244521 ], [ 79.871368653103616, 7.510419967496701 ], [ 79.872458832547224, 7.511188931460759 ], [ 79.873711338656676, 7.511675744965284 ], [ 79.87476208363708, 7.51196037257913 ], [ 79.876136893595884, 7.511963178552469 ], [ 79.876905334860979, 7.51188403624613 ], [ 79.878200180773462, 7.511442775516727 ], [ 79.879210411800415, 7.511767664304396 ], [ 79.88034244395655, 7.511850672442681 ], [ 79.88139393485973, 7.511772096609103 ], [ 79.882163032487568, 7.511370112385481 ], [ 79.883054010195963, 7.510685891507223 ], [ 79.883086622285035, 7.510660846312541 ] ] ] ] } },
{ "type": "Feature", "properties": { "OBJECTID_1": 501, "PROVINCE_N": "North Western", "DISTRICT_N": "Puttalam", "DSD_N": "Madampe", "GND_N": "Hareendragama", "GND_C": "554A", "TOTAL_POPU": 443, "EXIS_COVE": "YES", "SUP_LEV": null, "SCH_NAME": null, "RWS_SCHE": null, "PROJ_DETAI": "<Null>", "WATER_SOUR": "Kadupiti Oya", "PROJ_NAME": "<Null>", "COVER_PER": 75, "P_POP": 0, "GRO_RATE": 0.0, "COVE_2018": 75.0, "WATER_QUAL": "COMPLIED", "COVE_2020": 75.0, "COVE_2025": 75.0, "COVE_2030": 75.0, "Shape_Leng": null, "Shape_Area": null, "OBJECTID_2": 2140, "OBJECTID_3": 2140, "OBJECTID": 12958, "EX_SCH_NAM": "Kakkapalliya wss", "RWS_Name": "<Null>", "SUP_LEVEL": "24", "layer": "Sche_Puttlam", "path": "C:/Users/MB/Downloads/New folder (2)/Sem 05/Advanced GIS and Remote Sensing for Planning/WEB MAP/Shape Files/Shape Files/WSS Shape Files/Sche_Puttlam.shp" }, "geometry": { "type": "MultiPolygon", "coordinates": [ [ [ [ 79.849404634841093, 7.509514327596965 ], [ 79.849414003510546, 7.509567334163597 ], [ 79.848807137639497, 7.509727475967112 ], [ 79.847674529150737, 7.509926864836163 ], [ 79.846298456047862, 7.510529276725392 ], [ 79.845367678998258, 7.510890499827275 ], [ 79.844600883375819, 7.511574686929101 ], [ 79.844718289269139, 7.511990506366774 ], [ 79.844766903179703, 7.512587952627777 ], [ 79.84481477670812, 7.513533847011787 ], [ 79.84481277174487, 7.514479636966336 ], [ 79.844810555432133, 7.515524983091547 ], [ 79.844609560420935, 7.516221459667916 ], [ 79.844757721130449, 7.516918672794383 ], [ 79.844855895992026, 7.517665560008539 ], [ 79.844804432537757, 7.518412130217878 ], [ 79.844852306144503, 7.51935802534406 ], [ 79.844850722122686, 7.520104701770406 ], [ 79.844861324133632, 7.520856855227851 ], [ 79.846721553944221, 7.520780074010727 ], [ 79.847732541802657, 7.520741851233061 ], [ 79.848581614419956, 7.520783992631019 ], [ 79.849430176207576, 7.52106825587911 ], [ 79.850156663746574, 7.521715446662391 ], [ 79.850647961421288, 7.522132086978178 ], [ 79.85055029563479, 7.520048476073742 ], [ 79.850399485181725, 7.51652115769785 ], [ 79.850376495100463, 7.51491553471488 ], [ 79.850144009450347, 7.512598806271314 ], [ 79.850043062222255, 7.510440280124685 ], [ 79.849807472209974, 7.509597517124671 ], [ 79.849404634841093, 7.509514327596965 ] ] ] ] } },
{ "type": "Feature", "properties": { "OBJECTID_1": 502, "PROVINCE_N": "North Western", "DISTRICT_N": "Puttalam", "DSD_N": "Madampe", "GND_N": "Pambala South", "GND_C": "560A", "TOTAL_POPU": 974, "EXIS_COVE": "YES", "SUP_LEV": null, "SCH_NAME": null, "RWS_SCHE": null, "PROJ_DETAI": "<Null>", "WATER_SOUR": "Kadupiti Oya", "PROJ_NAME": "<Null>", "COVER_PER": 75, "P_POP": 0, "GRO_RATE": 0.0, "COVE_2018": 75.0, "WATER_QUAL": "COMPLIED", "COVE_2020": 75.0, "COVE_2025": 75.0, "COVE_2030": 75.0, "Shape_Leng": null, "Shape_Area": null, "OBJECTID_2": 2142, "OBJECTID_3": 2142, "OBJECTID": 12960, "EX_SCH_NAM": "Kakkapalliya wss", "RWS_Name": "<Null>", "SUP_LEVEL": "24", "layer": "Sche_Puttlam", "path": "C:/Users/MB/Downloads/New folder (2)/Sem 05/Advanced GIS and Remote Sensing for Planning/WEB MAP/Shape Files/Shape Files/WSS Shape Files/Sche_Puttlam.shp" }, "geometry": { "type": "MultiPolygon", "coordinates": [ [ [ [ 79.844757721130449, 7.516918672794383 ], [ 79.844609560420935, 7.516221459667916 ], [ 79.844810555432133, 7.515524983091547 ], [ 79.84481277174487, 7.514479636966336 ], [ 79.84481477670812, 7.513533847011787 ], [ 79.844766903179703, 7.512587952627777 ], [ 79.844718289269139, 7.511990506366774 ], [ 79.844600883375819, 7.511574686929101 ], [ 79.843263253937053, 7.511733488700104 ], [ 79.842495327449058, 7.511570449229903 ], [ 79.841686452961568, 7.511649444096318 ], [ 79.84079687867434, 7.511647559251815 ], [ 79.839584942316208, 7.511120388748511 ], [ 79.838574753184673, 7.510795411605033 ], [ 79.837767000357076, 7.510349803139446 ], [ 79.838819773729639, 7.5096660239323 ], [ 79.83942836208864, 7.50869882269309 ], [ 79.839632771411999, 7.507650055895516 ], [ 79.839998790907899, 7.506396485699176 ], [ 79.839108778544201, 7.506243562672611 ], [ 79.838338879881761, 7.506193899008932 ], [ 79.837713561260301, 7.506048483991634 ], [ 79.837521368880289, 7.505903988139377 ], [ 79.836414493458065, 7.505901633860194 ], [ 79.835258672103905, 7.506283404268012 ], [ 79.834825546289792, 7.506282481082932 ], [ 79.833718670767084, 7.506280119896193 ], [ 79.832755655905856, 7.506518207671034 ], [ 79.832225662144111, 7.506805248254664 ], [ 79.831743482604523, 7.507236476596679 ], [ 79.831164536312613, 7.507907641376038 ], [ 79.830490474757269, 7.50805028492719 ], [ 79.829912559266418, 7.508241162511834 ], [ 79.829238703911855, 7.508287745567213 ], [ 79.828372036607718, 7.508478001472377 ], [ 79.827553079552487, 7.508860472205589 ], [ 79.826878185354616, 7.509387338007056 ], [ 79.826058706448975, 7.51000994921092 ], [ 79.825317163298962, 7.510285648501226 ], [ 79.825620536094689, 7.510365579357088 ], [ 79.825758189634556, 7.510808538921141 ], [ 79.826006611358324, 7.511307069896676 ], [ 79.82628132083795, 7.512469652955116 ], [ 79.826445261914103, 7.513576663690513 ], [ 79.826775598267332, 7.514656365731057 ], [ 79.827050130574321, 7.515901946243172 ], [ 79.826992054636989, 7.517119145702708 ], [ 79.826243966491262, 7.516923869061485 ], [ 79.825689756343266, 7.516812008956786 ], [ 79.825440014033802, 7.516922136248524 ], [ 79.825411273664272, 7.517392403157778 ], [ 79.825604432371335, 7.517807816596441 ], [ 79.825630657036641, 7.518499534390487 ], [ 79.825472510316203, 7.518972697675595 ], [ 79.825997704154844, 7.519367564439837 ], [ 79.826994432422282, 7.519767938352059 ], [ 79.82759298707056, 7.519769226953167 ], [ 79.828391059796999, 7.519770943817372 ], [ 79.829139898221257, 7.519473883919046 ], [ 79.82988841296077, 7.519326155811591 ], [ 79.830536847205849, 7.519327547400979 ], [ 79.831434786356198, 7.519279694276196 ], [ 79.83188477263927, 7.518782874347085 ], [ 79.83253416843506, 7.518336259306824 ], [ 79.833232588239696, 7.518287974204636 ], [ 79.834180191663307, 7.518339779545611 ], [ 79.834978049880561, 7.518441040928098 ], [ 79.835627016924334, 7.518193532728315 ], [ 79.836376487452398, 7.517597788913223 ], [ 79.836925587039289, 7.517399845231289 ], [ 79.837475644730347, 7.516753895651202 ], [ 79.838174699404107, 7.51640693333816 ], [ 79.838573096713063, 7.516706452753065 ], [ 79.838571608815855, 7.517403348563295 ], [ 79.83842058806114, 7.518050147629284 ], [ 79.838069942336233, 7.518746301401923 ], [ 79.837220499972062, 7.519441391614746 ], [ 79.836471452270615, 7.519838024663493 ], [ 79.835922455970191, 7.51998618893105 ], [ 79.835622217829808, 7.520433554337997 ], [ 79.835421738031627, 7.520881133318804 ], [ 79.835870123481655, 7.521130982552778 ], [ 79.83646793547517, 7.521480707354273 ], [ 79.837165933773264, 7.521631530302228 ], [ 79.837813414895933, 7.522080915746328 ], [ 79.838460685575214, 7.522629858198742 ], [ 79.83920877953544, 7.522681227427015 ], [ 79.839907099809054, 7.522682711844054 ], [ 79.840405157152659, 7.52303221990928 ], [ 79.840803031147061, 7.523580628745648 ], [ 79.841051264894872, 7.524128720617763 ], [ 79.841249937885124, 7.524527370186401 ], [ 79.841897532986195, 7.524926972989725 ], [ 79.842396019282944, 7.525077365261417 ], [ 79.842894822783947, 7.52507842238252 ], [ 79.843293865274248, 7.525079267670134 ], [ 79.843692908716676, 7.525080112596557 ], [ 79.843839137931042, 7.525057978563057 ], [ 79.844043658116391, 7.524334176427947 ], [ 79.844045244419405, 7.52358750031691 ], [ 79.844296336848714, 7.522791574086628 ], [ 79.844447773470904, 7.521945658116513 ], [ 79.844798307224025, 7.521299276959421 ], [ 79.844861324133632, 7.520856855227851 ], [ 79.844850722122686, 7.520104701770406 ], [ 79.844852306144503, 7.51935802534406 ], [ 79.844804432537757, 7.518412130217878 ], [ 79.844855895992026, 7.517665560008539 ], [ 79.844757721130449, 7.516918672794383 ] ] ] ] } },
{ "type": "Feature", "properties": { "OBJECTID_1": 503, "PROVINCE_N": "North Western", "DISTRICT_N": "Puttalam", "DSD_N": "Madampe", "GND_N": "Pambala", "GND_C": "560", "TOTAL_POPU": 762, "EXIS_COVE": "YES", "SUP_LEV": null, "SCH_NAME": null, "RWS_SCHE": null, "PROJ_DETAI": "<Null>", "WATER_SOUR": "Kadupiti Oya", "PROJ_NAME": "<Null>", "COVER_PER": 75, "P_POP": 0, "GRO_RATE": 0.0, "COVE_2018": 75.0, "WATER_QUAL": "COMPLIED", "COVE_2020": 75.0, "COVE_2025": 75.0, "COVE_2030": 75.0, "Shape_Leng": null, "Shape_Area": null, "OBJECTID_2": 2145, "OBJECTID_3": 2145, "OBJECTID": 12962, "EX_SCH_NAM": "Kakkapalliya wss", "RWS_Name": "<Null>", "SUP_LEVEL": "24", "layer": "Sche_Puttlam", "path": "C:/Users/MB/Downloads/New folder (2)/Sem 05/Advanced GIS and Remote Sensing for Planning/WEB MAP/Shape Files/Shape Files/WSS Shape Files/Sche_Puttlam.shp" }, "geometry": { "type": "MultiPolygon", "coordinates": [ [ [ [ 79.838696286536518, 7.529566472578464 ], [ 79.83924526172504, 7.528953399923634 ], [ 79.83949626143405, 7.528207255635819 ], [ 79.839796607647159, 7.527710109440057 ], [ 79.840246277557043, 7.527362615512189 ], [ 79.840696264399497, 7.526865786510825 ], [ 79.841195600291314, 7.52661795431395 ], [ 79.841844578574225, 7.52637043896841 ], [ 79.84239337012535, 7.526321824160515 ], [ 79.842992254122265, 7.526173757327077 ], [ 79.843291748030666, 7.526074835230482 ], [ 79.843541892180738, 7.525726914713061 ], [ 79.843742154425939, 7.5253788893119 ], [ 79.843839137931042, 7.525057978563057 ], [ 79.843692908716676, 7.525080112596557 ], [ 79.843293865274248, 7.525079267670134 ], [ 79.842894822783947, 7.52507842238252 ], [ 79.842396019282944, 7.525077365261417 ], [ 79.841897532986195, 7.524926972989725 ], [ 79.841249937885124, 7.524527370186401 ], [ 79.841051264894872, 7.524128720617763 ], [ 79.840803031147061, 7.523580628745648 ], [ 79.840405157152659, 7.52303221990928 ], [ 79.839907099809054, 7.522682711844054 ], [ 79.83920877953544, 7.522681227427015 ], [ 79.838460685575214, 7.522629858198742 ], [ 79.837813414895933, 7.522080915746328 ], [ 79.837165933773264, 7.521631530302228 ], [ 79.83646793547517, 7.521480707354273 ], [ 79.835870123481655, 7.521130982552778 ], [ 79.835421738031627, 7.520881133318804 ], [ 79.835622217829808, 7.520433554337997 ], [ 79.835922455970191, 7.51998618893105 ], [ 79.836471452270615, 7.519838024663493 ], [ 79.837220499972062, 7.519441391614746 ], [ 79.838069942336233, 7.518746301401923 ], [ 79.83842058806114, 7.518050147629284 ], [ 79.838571608815855, 7.517403348563295 ], [ 79.838573096713063, 7.516706452753065 ], [ 79.838174699404107, 7.51640693333816 ], [ 79.837475644730347, 7.516753895651202 ], [ 79.836925587039289, 7.517399845231289 ], [ 79.836376487452398, 7.517597788913223 ], [ 79.835627016924334, 7.518193532728315 ], [ 79.834978049880561, 7.518441040928098 ], [ 79.834180191663307, 7.518339779545611 ], [ 79.833232588239696, 7.518287974204636 ], [ 79.83253416843506, 7.518336259306824 ], [ 79.83188477263927, 7.518782874347085 ], [ 79.831434786356198, 7.519279694276196 ], [ 79.830536847205849, 7.519327547400979 ], [ 79.82988841296077, 7.519326155811591 ], [ 79.829139898221257, 7.519473883919046 ], [ 79.828391059796999, 7.519770943817372 ], [ 79.82759298707056, 7.519769226953167 ], [ 79.826994432422282, 7.519767938352059 ], [ 79.825997704154844, 7.519367564439837 ], [ 79.825472510316203, 7.518972697675595 ], [ 79.825157216037141, 7.519494504638708 ], [ 79.824657368954334, 7.519880755774445 ], [ 79.824158361092984, 7.51987967818416 ], [ 79.823465234241027, 7.51990584641977 ], [ 79.823187708296885, 7.52004357893156 ], [ 79.823241712034644, 7.520707689555993 ], [ 79.823462411733047, 7.521206162141874 ], [ 79.823737778620085, 7.52206441665099 ], [ 79.823826489268427, 7.52247594584672 ], [ 79.823875011165541, 7.522701040321923 ], [ 79.82415133908124, 7.52311663418134 ], [ 79.824427727512429, 7.523504561185971 ], [ 79.825119359960723, 7.524170048972589 ], [ 79.825424012940459, 7.52430903828869 ], [ 79.825976793977958, 7.525084891905677 ], [ 79.826142832391028, 7.525223581760986 ], [ 79.825642978847554, 7.525609833212627 ], [ 79.825697585555076, 7.525997280987287 ], [ 79.825974036926283, 7.526357541521909 ], [ 79.826278332148533, 7.526662529142428 ], [ 79.825788801089075, 7.527659158523029 ], [ 79.826477217263673, 7.527813385458902 ], [ 79.827352659998866, 7.527912201471721 ], [ 79.827621471936098, 7.527993312035334 ], [ 79.828745707095237, 7.528252969050995 ], [ 79.830339211188161, 7.528233009605422 ], [ 79.83155869265542, 7.527791309589843 ], [ 79.832402788816054, 7.527559267745259 ], [ 79.833597326322874, 7.527819063207371 ], [ 79.834884543279657, 7.528570143545514 ], [ 79.835704053596999, 7.528875902198537 ], [ 79.836663663694836, 7.529415810646746 ], [ 79.837296161511134, 7.529510700932861 ], [ 79.838022392904321, 7.529605790105173 ], [ 79.838696286536518, 7.529566472578464 ] ] ] ] } },
{ "type": "Feature", "properties": { "OBJECTID_1": 504, "PROVINCE_N": "North Western", "DISTRICT_N": "Puttalam", "DSD_N": "Madampe", "GND_N": "Sembukattiya", "GND_C": "553", "TOTAL_POPU": 1254, "EXIS_COVE": "YES", "SUP_LEV": null, "SCH_NAME": null, "RWS_SCHE": null, "PROJ_DETAI": "<Null>", "WATER_SOUR": "Kadupiti Oya", "PROJ_NAME": "<Null>", "COVER_PER": 50, "P_POP": 0, "GRO_RATE": 0.0, "COVE_2018": 50.0, "WATER_QUAL": "COMPLIED", "COVE_2020": 50.0, "COVE_2025": 50.0, "COVE_2030": 50.0, "Shape_Leng": null, "Shape_Area": null, "OBJECTID_2": 2147, "OBJECTID_3": 2147, "OBJECTID": 12963, "EX_SCH_NAM": "Kakkapalliya wss", "RWS_Name": "<Null>", "SUP_LEVEL": "24", "layer": "Sche_Puttlam", "path": "C:/Users/MB/Downloads/New folder (2)/Sem 05/Advanced GIS and Remote Sensing for Planning/WEB MAP/Shape Files/Shape Files/WSS Shape Files/Sche_Puttlam.shp" }, "geometry": { "type": "MultiPolygon", "coordinates": [ [ [ [ 79.863507115241006, 7.528253193793528 ], [ 79.863488263558651, 7.528230364736717 ], [ 79.863203839927436, 7.527301019791539 ], [ 79.862705541978571, 7.525942576156924 ], [ 79.862229870527543, 7.525179534305483 ], [ 79.86208837950592, 7.524369557645019 ], [ 79.862160761563658, 7.523988680672509 ], [ 79.862688718862131, 7.522560921747693 ], [ 79.863287021919746, 7.52172866368647 ], [ 79.864172219949623, 7.520635041191476 ], [ 79.864890176719257, 7.519636328446418 ], [ 79.865225341765679, 7.519113106917862 ], [ 79.86570555618502, 7.517685244456017 ], [ 79.865996003186652, 7.515709260569439 ], [ 79.866427794661675, 7.514614695284853 ], [ 79.866791003883748, 7.512067319169311 ], [ 79.867390484462646, 7.510653919673185 ], [ 79.866798955270355, 7.510652701319224 ], [ 79.865585894821905, 7.510650200325093 ], [ 79.864373588092889, 7.5102845095267 ], [ 79.863479646773172, 7.509746707612936 ], [ 79.863363961952203, 7.509677111021465 ], [ 79.862273720774709, 7.508948480412233 ], [ 79.861062514216243, 7.508058180723091 ], [ 79.860134020735401, 7.507329880870915 ], [ 79.859287157580638, 7.506238562224333 ], [ 79.858641883244402, 7.505430140316646 ], [ 79.857915320437698, 7.504823317535984 ], [ 79.857430525611747, 7.504620539697347 ], [ 79.856904199846113, 7.504942276414027 ], [ 79.85670017041538, 7.505829642288761 ], [ 79.855970824128107, 7.506554496768937 ], [ 79.854959360481644, 7.506834866620007 ], [ 79.853988924492185, 7.506832840960152 ], [ 79.852898283801949, 7.506305958262609 ], [ 79.852656268335721, 7.506022974468552 ], [ 79.852131040074653, 7.505820105462583 ], [ 79.851686342781122, 7.505778820144982 ], [ 79.851282334575842, 7.505616558544243 ], [ 79.850555103855399, 7.505332557335455 ], [ 79.850230524889071, 7.505305957633793 ], [ 79.849544408083474, 7.505249729633236 ], [ 79.84905851030372, 7.505571540987306 ], [ 79.848935760117513, 7.506257301838376 ], [ 79.849055533026032, 7.50698392554957 ], [ 79.849214210367109, 7.508437003147838 ], [ 79.849404634841093, 7.509514327596965 ], [ 79.849807472209974, 7.509597517124671 ], [ 79.850043062222255, 7.510440280124685 ], [ 79.850144009450347, 7.512598806271314 ], [ 79.850376495100463, 7.51491553471488 ], [ 79.850399485181725, 7.51652115769785 ], [ 79.85055029563479, 7.520048476073742 ], [ 79.850647961421288, 7.522132086978178 ], [ 79.850596161434311, 7.523312363558051 ], [ 79.850909048942171, 7.525023878952574 ], [ 79.851144368319737, 7.52599824607672 ], [ 79.851879922837881, 7.527394798872924 ], [ 79.852485103676372, 7.528080412672801 ], [ 79.852960406297612, 7.527818200109643 ], [ 79.853648146673336, 7.52687208869743 ], [ 79.853729264372717, 7.525924704904378 ], [ 79.854153418881708, 7.524899076840107 ], [ 79.855156763757236, 7.524374757536903 ], [ 79.85586888150084, 7.524376245696273 ], [ 79.856265496023397, 7.523903297253268 ], [ 79.856846842468983, 7.523378091339095 ], [ 79.857717040770666, 7.523458868479996 ], [ 79.858509271855922, 7.522986742081356 ], [ 79.858984675747806, 7.52267188044525 ], [ 79.859089570476215, 7.522961629398321 ], [ 79.858956100719539, 7.523724659354587 ], [ 79.858848951716027, 7.524514065698041 ], [ 79.858556076741536, 7.525829503728772 ], [ 79.858422330141195, 7.526724136602658 ], [ 79.858420898204358, 7.527408478759865 ], [ 79.858630631636771, 7.52801429765861 ], [ 79.859499409326119, 7.528779414712441 ], [ 79.860104495088436, 7.529517660089034 ], [ 79.86034082648554, 7.53001825063967 ], [ 79.860370544746814, 7.530081199379437 ], [ 79.860393521389014, 7.530044681060002 ], [ 79.860921353565132, 7.529887852969124 ], [ 79.861343574967805, 7.529783446381009 ], [ 79.862003664483879, 7.529442645087611 ], [ 79.862294722966837, 7.528995792702442 ], [ 79.862743647160713, 7.528733514206737 ], [ 79.863507115241006, 7.528253193793528 ] ] ] ] } },
{ "type": "Feature", "properties": { "OBJECTID_1": 505, "PROVINCE_N": "North Western", "DISTRICT_N": "Puttalam", "DSD_N": "Madampe", "GND_N": "Ponnankanniya", "GND_C": "555", "TOTAL_POPU": 577, "EXIS_COVE": "YES", "SUP_LEV": null, "SCH_NAME": null, "RWS_SCHE": null, "PROJ_DETAI": "<Null>", "WATER_SOUR": "Kadupiti Oya", "PROJ_NAME": "<Null>", "COVER_PER": 75, "P_POP": 0, "GRO_RATE": 0.0, "COVE_2018": 75.0, "WATER_QUAL": "COMPLIED", "COVE_2020": 75.0, "COVE_2025": 75.0, "COVE_2030": 75.0, "Shape_Leng": null, "Shape_Area": null, "OBJECTID_2": 2156, "OBJECTID_3": 2156, "OBJECTID": 12968, "EX_SCH_NAM": "Kakkapalliya wss", "RWS_Name": "<Null>", "SUP_LEVEL": "24", "layer": "Sche_Puttlam", "path": "C:/Users/MB/Downloads/New folder (2)/Sem 05/Advanced GIS and Remote Sensing for Planning/WEB MAP/Shape Files/Shape Files/WSS Shape Files/Sche_Puttlam.shp" }, "geometry": { "type": "MultiPolygon", "coordinates": [ [ [ [ 79.833816471772025, 7.538158311649878 ], [ 79.833888327302617, 7.538101198659165 ], [ 79.834537860558854, 7.537604805973523 ], [ 79.834639550529232, 7.536709011743229 ], [ 79.83504020708051, 7.535963192087389 ], [ 79.835340992972675, 7.535266936890363 ], [ 79.835391942643369, 7.534769261583408 ], [ 79.835657721362352, 7.534351308513471 ], [ 79.835543404975184, 7.533923352680522 ], [ 79.835744317827192, 7.533276661975425 ], [ 79.835945552189074, 7.532480635910082 ], [ 79.836195811840156, 7.532082943360298 ], [ 79.836645808316064, 7.531586118884799 ], [ 79.837195247024908, 7.531238842803984 ], [ 79.83769501603031, 7.530791902720256 ], [ 79.838144796439806, 7.530394633161304 ], [ 79.838544589445547, 7.530047035225639 ], [ 79.838696286536518, 7.529566472578464 ], [ 79.838022392904321, 7.529605790105173 ], [ 79.837296161511134, 7.529510700932861 ], [ 79.836663663694836, 7.529415810646746 ], [ 79.835704053596999, 7.528875902198537 ], [ 79.834884543279657, 7.528570143545514 ], [ 79.833597326322874, 7.527819063207371 ], [ 79.832402788816054, 7.527559267745259 ], [ 79.83155869265542, 7.527791309589843 ], [ 79.830339211188161, 7.528233009605422 ], [ 79.828745707095237, 7.528252969050995 ], [ 79.827621471936098, 7.527993312035334 ], [ 79.827352659998866, 7.527912201471721 ], [ 79.826477217263673, 7.527813385458902 ], [ 79.825788801089075, 7.527659158523029 ], [ 79.825192330643077, 7.528873497618448 ], [ 79.825413756554838, 7.529039974388131 ], [ 79.825856369010225, 7.529483592812594 ], [ 79.826299402003698, 7.529733547291086 ], [ 79.826742196762666, 7.530094165666412 ], [ 79.82676579069313, 7.530108085711919 ], [ 79.826525934875605, 7.530723651088152 ], [ 79.826359084620535, 7.531546921012982 ], [ 79.82580678277202, 7.532506630381491 ], [ 79.825488187851462, 7.533465359117624 ], [ 79.825441332119325, 7.533511915128954 ], [ 79.825122962020814, 7.53382825351456 ], [ 79.824803559688064, 7.534620130388585 ], [ 79.824872065728371, 7.535530637408895 ], [ 79.825541836881669, 7.535995511510937 ], [ 79.826440451284924, 7.536684344172097 ], [ 79.827445534726863, 7.537109216617484 ], [ 79.828821253383268, 7.537534885612796 ], [ 79.830038702295724, 7.537696019684681 ], [ 79.830832458806569, 7.537909078993968 ], [ 79.831784945254725, 7.538175315273656 ], [ 79.832737546946717, 7.538388711565352 ], [ 79.832866381701706, 7.538361146555498 ], [ 79.833046678089758, 7.538308647990037 ], [ 79.833423053619001, 7.538256570689776 ], [ 79.833619190629904, 7.538230549405935 ], [ 79.833816471772025, 7.538158311649878 ] ] ] ] } },
{ "type": "Feature", "properties": { "OBJECTID_1": 506, "PROVINCE_N": "North Western", "DISTRICT_N": "Puttalam", "DSD_N": "Madampe", "GND_N": "Walahena", "GND_C": "556A", "TOTAL_POPU": 1100, "EXIS_COVE": "YES", "SUP_LEV": null, "SCH_NAME": null, "RWS_SCHE": null, "PROJ_DETAI": "<Null>", "WATER_SOUR": "Kadupiti Oya", "PROJ_NAME": "<Null>", "COVER_PER": 75, "P_POP": 0, "GRO_RATE": 0.0, "COVE_2018": 75.0, "WATER_QUAL": "COMPLIED", "COVE_2020": 75.0, "COVE_2025": 75.0, "COVE_2030": 75.0, "Shape_Leng": null, "Shape_Area": null, "OBJECTID_2": 2157, "OBJECTID_3": 2157, "OBJECTID": 12969, "EX_SCH_NAM": "Kakkapalliya wss", "RWS_Name": "<Null>", "SUP_LEVEL": "24", "layer": "Sche_Puttlam", "path": "C:/Users/MB/Downloads/New folder (2)/Sem 05/Advanced GIS and Remote Sensing for Planning/WEB MAP/Shape Files/Shape Files/WSS Shape Files/Sche_Puttlam.shp" }, "geometry": { "type": "MultiPolygon", "coordinates": [ [ [ [ 79.850465991717925, 7.538358107206848 ], [ 79.850536184222463, 7.538318756698265 ], [ 79.850566446335037, 7.538301791042042 ], [ 79.851092884174861, 7.537895181591609 ], [ 79.851463253242684, 7.537369542282483 ], [ 79.851438155129941, 7.536764109975526 ], [ 79.851387738374143, 7.535658526896737 ], [ 79.851442155500678, 7.534869013858454 ], [ 79.851602740084658, 7.533763874127814 ], [ 79.851709629568631, 7.533106075752984 ], [ 79.852342634758898, 7.533107405125703 ], [ 79.853265213371216, 7.533372550291238 ], [ 79.854293460799724, 7.533558951865731 ], [ 79.855427597032133, 7.533561326460374 ], [ 79.856166049685797, 7.533589191784192 ], [ 79.857115063839316, 7.533828063721726 ], [ 79.857932808317216, 7.533777129393488 ], [ 79.857828409975667, 7.53325049228075 ], [ 79.857170132364899, 7.53272269977915 ], [ 79.856617577451189, 7.532089842463968 ], [ 79.856249429943716, 7.531562654972327 ], [ 79.856356477294824, 7.530825892511948 ], [ 79.856410607743769, 7.530167982633871 ], [ 79.856649528584825, 7.529431495458956 ], [ 79.856940592114412, 7.528984647287869 ], [ 79.85752062196768, 7.529091141907063 ], [ 79.858125539078856, 7.529908353483124 ], [ 79.858467312937748, 7.530435484559646 ], [ 79.858888874329992, 7.530646930413804 ], [ 79.859258070652729, 7.530674021273451 ], [ 79.85981194872727, 7.53067517460897 ], [ 79.860128891150978, 7.530465266043042 ], [ 79.860370544746814, 7.530081199379437 ], [ 79.86034082648554, 7.53001825063967 ], [ 79.860104495088436, 7.529517660089034 ], [ 79.859499409326119, 7.528779414712441 ], [ 79.858630631636771, 7.52801429765861 ], [ 79.858420898204358, 7.527408478759865 ], [ 79.858422330141195, 7.526724136602658 ], [ 79.858556076741536, 7.525829503728772 ], [ 79.858848951716027, 7.524514065698041 ], [ 79.858956100719539, 7.523724659354587 ], [ 79.859089570476215, 7.522961629398321 ], [ 79.858984675747806, 7.52267188044525 ], [ 79.858509271855922, 7.522986742081356 ], [ 79.857717040770666, 7.523458868479996 ], [ 79.856846842468983, 7.523378091339095 ], [ 79.856265496023397, 7.523903297253268 ], [ 79.85586888150084, 7.524376245696273 ], [ 79.855156763757236, 7.524374757536903 ], [ 79.854153418881708, 7.524899076840107 ], [ 79.853729264372717, 7.525924704904378 ], [ 79.853648146673336, 7.52687208869743 ], [ 79.852960406297612, 7.527818200109643 ], [ 79.852485103676372, 7.528080412672801 ], [ 79.851879922837881, 7.527394798872924 ], [ 79.851144368319737, 7.52599824607672 ], [ 79.850909048942171, 7.525023878952574 ], [ 79.850596161434311, 7.523312363558051 ], [ 79.850647961421288, 7.522132086978178 ], [ 79.850156663746574, 7.521715446662391 ], [ 79.849430176207576, 7.52106825587911 ], [ 79.848581614419956, 7.520783992631019 ], [ 79.847732541802657, 7.520741851233061 ], [ 79.846721553944221, 7.520780074010727 ], [ 79.844861324133632, 7.520856855227851 ], [ 79.844798307224025, 7.521299276959421 ], [ 79.844447773470904, 7.521945658116513 ], [ 79.844296336848714, 7.522791574086628 ], [ 79.844045244419405, 7.52358750031691 ], [ 79.844043658116391, 7.524334176427947 ], [ 79.843839137931042, 7.525057978563057 ], [ 79.843742154425939, 7.5253788893119 ], [ 79.843541892180738, 7.525726914713061 ], [ 79.843291748030666, 7.526074835230482 ], [ 79.842992254122265, 7.526173757327077 ], [ 79.84239337012535, 7.526321824160515 ], [ 79.841844578574225, 7.52637043896841 ], [ 79.841195600291314, 7.52661795431395 ], [ 79.840696264399497, 7.526865786510825 ], [ 79.840246277557043, 7.527362615512189 ], [ 79.839796607647159, 7.527710109440057 ], [ 79.83949626143405, 7.528207255635819 ], [ 79.83924526172504, 7.528953399923634 ], [ 79.838696286536518, 7.529566472578464 ], [ 79.838544589445547, 7.530047035225639 ], [ 79.838144796439806, 7.530394633161304 ], [ 79.83769501603031, 7.530791902720256 ], [ 79.837195247024908, 7.531238842803984 ], [ 79.836645808316064, 7.531586118884799 ], [ 79.836195811840156, 7.532082943360298 ], [ 79.835945552189074, 7.532480635910082 ], [ 79.835744317827192, 7.533276661975425 ], [ 79.835543404975184, 7.533923352680522 ], [ 79.835657721362352, 7.534351308513471 ], [ 79.836329071321501, 7.534863308200014 ], [ 79.837434461169195, 7.535971141278595 ], [ 79.838435594680462, 7.536499692251704 ], [ 79.83912090317979, 7.536711719796997 ], [ 79.839832418862613, 7.537002763182267 ], [ 79.840597135882092, 7.537083353477509 ], [ 79.841336096095262, 7.536874357763371 ], [ 79.842022585096686, 7.536533645951716 ], [ 79.842788592173463, 7.536008856081116 ], [ 79.843396065495966, 7.535615331876636 ], [ 79.844003593784166, 7.535195487031068 ], [ 79.844715447131449, 7.535328598291307 ], [ 79.84584768436541, 7.536225903209952 ], [ 79.846400226509573, 7.536858771840007 ], [ 79.847664461319624, 7.537703710530563 ], [ 79.848744796525864, 7.538206086350316 ], [ 79.849509017913832, 7.538523547816295 ], [ 79.850168405955287, 7.538524936864758 ], [ 79.850465991717925, 7.538358107206848 ] ] ] ] } },
{ "type": "Feature", "properties": { "OBJECTID_1": 507, "PROVINCE_N": "North Western", "DISTRICT_N": "Puttalam", "DSD_N": "Chilaw", "GND_N": "Kakkapalliya", "GND_C": "561", "TOTAL_POPU": 787, "EXIS_COVE": "YES", "SUP_LEV": null, "SCH_NAME": null, "RWS_SCHE": null, "PROJ_DETAI": "<Null>", "WATER_SOUR": "Kadupiti Oya", "PROJ_NAME": "<Null>", "COVER_PER": 50, "P_POP": 0, "GRO_RATE": 0.0, "COVE_2018": 50.0, "WATER_QUAL": "COMPLIED", "COVE_2020": 50.0, "COVE_2025": 50.0, "COVE_2030": 50.0, "Shape_Leng": null, "Shape_Area": null, "OBJECTID_2": 2162, "OBJECTID_3": 2162, "OBJECTID": 12972, "EX_SCH_NAM": "Kakkapalliya wss", "RWS_Name": "<Null>", "SUP_LEVEL": "24", "layer": "Sche_Puttlam", "path": "C:/Users/MB/Downloads/New folder (2)/Sem 05/Advanced GIS and Remote Sensing for Planning/WEB MAP/Shape Files/Shape Files/WSS Shape Files/Sche_Puttlam.shp" }, "geometry": { "type": "MultiPolygon", "coordinates": [ [ [ [ 79.824872065728371, 7.535530637408895 ], [ 79.824803559688064, 7.534620130388585 ], [ 79.825122962020814, 7.53382825351456 ], [ 79.825441332119325, 7.533511915128954 ], [ 79.825488187851462, 7.533465359117624 ], [ 79.82580678277202, 7.532506630381491 ], [ 79.826359084620535, 7.531546921012982 ], [ 79.826525934875605, 7.530723651088152 ], [ 79.82676579069313, 7.530108085711919 ], [ 79.826742196762666, 7.530094165666412 ], [ 79.826299402003698, 7.529733547291086 ], [ 79.825856369010225, 7.529483592812594 ], [ 79.825413756554838, 7.529039974388131 ], [ 79.825192330643077, 7.528873497618448 ], [ 79.825788801089075, 7.527659158523029 ], [ 79.826278332148533, 7.526662529142428 ], [ 79.825974036926283, 7.526357541521909 ], [ 79.825697585555076, 7.525997280987287 ], [ 79.825642978847554, 7.525609833212627 ], [ 79.826142832391028, 7.525223581760986 ], [ 79.825976793977958, 7.525084891905677 ], [ 79.825424012940459, 7.52430903828869 ], [ 79.825119359960723, 7.524170048972589 ], [ 79.824427727512429, 7.523504561185971 ], [ 79.82415133908124, 7.52311663418134 ], [ 79.823875011165541, 7.522701040321923 ], [ 79.823826489268427, 7.52247594584672 ], [ 79.823593230897188, 7.522584874844068 ], [ 79.823199252633984, 7.522976350837972 ], [ 79.822805272762608, 7.52336782457247 ], [ 79.82201743370473, 7.524094725676903 ], [ 79.8211173907724, 7.524765335564247 ], [ 79.820217955932534, 7.525155710167374 ], [ 79.819431209863367, 7.525378188207287 ], [ 79.818868863531975, 7.525713245742009 ], [ 79.818530794496013, 7.526216930405297 ], [ 79.818080156955673, 7.526832462926271 ], [ 79.817405361463045, 7.527223320514684 ], [ 79.816955089093327, 7.527670712219681 ], [ 79.816392491805289, 7.528117858477101 ], [ 79.815885197002345, 7.528957450665296 ], [ 79.815714869687227, 7.52979777741745 ], [ 79.81554405106462, 7.530862288999849 ], [ 79.81576611931537, 7.532039751086661 ], [ 79.815989048122375, 7.53282488982552 ], [ 79.816324179278922, 7.533666319411247 ], [ 79.816546496621598, 7.534731688883101 ], [ 79.816544532065777, 7.535628428999834 ], [ 79.816374323682382, 7.536412709787326 ], [ 79.816372849689898, 7.537085264792819 ], [ 79.816203256273781, 7.537589313678027 ], [ 79.815865419322691, 7.537980901995422 ], [ 79.815526720953045, 7.538764813140046 ], [ 79.815131734731239, 7.539604647736507 ], [ 79.814410569467469, 7.540363686530741 ], [ 79.815129491568158, 7.540682078324396 ], [ 79.815880002402494, 7.54099238877181 ], [ 79.816167028491066, 7.541081207902922 ], [ 79.816675475229331, 7.540950030456918 ], [ 79.817138673319292, 7.541303807207068 ], [ 79.817447020485758, 7.541745438815437 ], [ 79.817689279624858, 7.542098733091708 ], [ 79.81908119252968, 7.542101766722874 ], [ 79.820030554931691, 7.542412503720826 ], [ 79.820870122267962, 7.542414329641444 ], [ 79.82157679027074, 7.542570200560766 ], [ 79.822680957589256, 7.542815125344107 ], [ 79.822683887439027, 7.542836915973959 ], [ 79.822609497528035, 7.542083938091111 ], [ 79.822636330969416, 7.541259508629079 ], [ 79.822662891091156, 7.540560001078163 ], [ 79.822789760451272, 7.53978575589106 ], [ 79.82299190144623, 7.538936721329838 ], [ 79.823268552286422, 7.538362678252285 ], [ 79.82354596415631, 7.537438852916161 ], [ 79.823847594725919, 7.536889846595021 ], [ 79.824375148543382, 7.53606650042634 ], [ 79.824776596661096, 7.53566761689591 ], [ 79.824872065728371, 7.535530637408895 ] ] ] ] } },
{ "type": "Feature", "properties": { "OBJECTID_1": 508, "PROVINCE_N": "North Western", "DISTRICT_N": "Puttalam", "DSD_N": "Chilaw", "GND_N": "Olidaluwa", "GND_C": "563", "TOTAL_POPU": 748, "EXIS_COVE": "YES", "SUP_LEV": null, "SCH_NAME": null, "RWS_SCHE": null, "PROJ_DETAI": "<Null>", "WATER_SOUR": "Kadupiti Oya", "PROJ_NAME": "<Null>", "COVER_PER": 75, "P_POP": 0, "GRO_RATE": 0.0, "COVE_2018": 75.0, "WATER_QUAL": "COMPLIED", "COVE_2020": 75.0, "COVE_2025": 75.0, "COVE_2030": 75.0, "Shape_Leng": null, "Shape_Area": null, "OBJECTID_2": 2169, "OBJECTID_3": 2169, "OBJECTID": 12976, "EX_SCH_NAM": "Kakkapalliya wss", "RWS_Name": "<Null>", "SUP_LEVEL": "24", "layer": "Sche_Puttlam", "path": "C:/Users/MB/Downloads/New folder (2)/Sem 05/Advanced GIS and Remote Sensing for Planning/WEB MAP/Shape Files/Shape Files/WSS Shape Files/Sche_Puttlam.shp" }, "geometry": { "type": "MultiPolygon", "coordinates": [ [ [ [ 79.817945191548361, 7.551284551245839 ], [ 79.818266257171771, 7.551029388288493 ], [ 79.818698791952343, 7.550868604361252 ], [ 79.818973854658523, 7.550766356368976 ], [ 79.820125025082902, 7.549732614531166 ], [ 79.82081250018588, 7.548565571549188 ], [ 79.82114516536106, 7.547993049970584 ], [ 79.821699685433302, 7.547002099239016 ], [ 79.822430907622888, 7.546033578545489 ], [ 79.822875479270706, 7.544799860179169 ], [ 79.822811407905476, 7.543785516944733 ], [ 79.822683887439027, 7.542836915973959 ], [ 79.822680957589256, 7.542815125344107 ], [ 79.82157679027074, 7.542570200560766 ], [ 79.820870122267962, 7.542414329641444 ], [ 79.820030554931691, 7.542412503720826 ], [ 79.81908119252968, 7.542101766722874 ], [ 79.817689279624858, 7.542098733091708 ], [ 79.817447020485758, 7.541745438815437 ], [ 79.817138673319292, 7.541303807207068 ], [ 79.816675475229331, 7.540950030456918 ], [ 79.816167028491066, 7.541081207902922 ], [ 79.815880002402494, 7.54099238877181 ], [ 79.815129491568158, 7.540682078324396 ], [ 79.814410569467469, 7.540363686530741 ], [ 79.814379030383435, 7.54034971858304 ], [ 79.812761915768277, 7.542286388920298 ], [ 79.812274880193698, 7.542726278186714 ], [ 79.811279198998747, 7.543385528662109 ], [ 79.810571075738892, 7.543891072897102 ], [ 79.808977633986686, 7.545100199196628 ], [ 79.808092167894173, 7.545869922911381 ], [ 79.80901811652646, 7.546775923737393 ], [ 79.809789361813245, 7.547703630818833 ], [ 79.81071536653495, 7.548587581712573 ], [ 79.8113554153487, 7.548897658202387 ], [ 79.812106081949693, 7.549141833927058 ], [ 79.812812609902053, 7.549363863389349 ], [ 79.813541718749931, 7.54936546264534 ], [ 79.814138262141441, 7.549366770222312 ], [ 79.814756753853786, 7.549434268851407 ], [ 79.815175914485138, 7.549721809121352 ], [ 79.815992480948765, 7.550142504271472 ], [ 79.81676481234598, 7.550585151460444 ], [ 79.817471104095645, 7.550917411981918 ], [ 79.817934262377875, 7.551293237283117 ], [ 79.817945191548361, 7.551284551245839 ] ] ] ] } },
{ "type": "Feature", "properties": { "OBJECTID_1": 509, "PROVINCE_N": "North Western", "DISTRICT_N": "Puttalam", "DSD_N": "Chilaw", "GND_N": "Maradankulama", "GND_C": "558", "TOTAL_POPU": 700, "EXIS_COVE": "YES", "SUP_LEV": null, "SCH_NAME": null, "RWS_SCHE": null, "PROJ_DETAI": "<Null>", "WATER_SOUR": "Kadupiti Oya", "PROJ_NAME": "<Null>", "COVER_PER": 50, "P_POP": 0, "GRO_RATE": 0.0, "COVE_2018": 50.0, "WATER_QUAL": "COMPLIED", "COVE_2020": 50.0, "COVE_2025": 50.0, "COVE_2030": 50.0, "Shape_Leng": null, "Shape_Area": null, "OBJECTID_2": 2173, "OBJECTID_3": 2173, "OBJECTID": 12979, "EX_SCH_NAM": "Kakkapalliya wss", "RWS_Name": "<Null>", "SUP_LEVEL": "24", "layer": "Sche_Puttlam", "path": "C:/Users/MB/Downloads/New folder (2)/Sem 05/Advanced GIS and Remote Sensing for Planning/WEB MAP/Shape Files/Shape Files/WSS Shape Files/Sche_Puttlam.shp" }, "geometry": { "type": "MultiPolygon", "coordinates": [ [ [ [ 79.832737546946717, 7.538388711565352 ], [ 79.831784945254725, 7.538175315273656 ], [ 79.830832458806569, 7.537909078993968 ], [ 79.830038702295724, 7.537696019684681 ], [ 79.828821253383268, 7.537534885612796 ], [ 79.827445534726863, 7.537109216617484 ], [ 79.826440451284924, 7.536684344172097 ], [ 79.825541836881669, 7.535995511510937 ], [ 79.824872065728371, 7.535530637408895 ], [ 79.824776596661096, 7.53566761689591 ], [ 79.824375148543382, 7.53606650042634 ], [ 79.823847594725919, 7.536889846595021 ], [ 79.82354596415631, 7.537438852916161 ], [ 79.823268552286422, 7.538362678252285 ], [ 79.82299190144623, 7.538936721329838 ], [ 79.822789760451272, 7.53978575589106 ], [ 79.822662891091156, 7.540560001078163 ], [ 79.822636330969416, 7.541259508629079 ], [ 79.822609497528035, 7.542083938091111 ], [ 79.822683887439027, 7.542836915973959 ], [ 79.822811407905476, 7.543785516944733 ], [ 79.822875479270706, 7.544799860179169 ], [ 79.822430907622888, 7.546033578545489 ], [ 79.821699685433302, 7.547002099239016 ], [ 79.82114516536106, 7.547993049970584 ], [ 79.82081250018588, 7.548565571549188 ], [ 79.820125025082902, 7.549732614531166 ], [ 79.818973854658523, 7.550766356368976 ], [ 79.818698791952343, 7.550868604361252 ], [ 79.818754799286268, 7.550904705375207 ], [ 79.819320143636787, 7.551269120935681 ], [ 79.820613119803795, 7.551756180363158 ], [ 79.822351101047374, 7.552163497079976 ], [ 79.824250929748615, 7.552530804140219 ], [ 79.825745584446366, 7.553260409510216 ], [ 79.827806477022648, 7.553950880255455 ], [ 79.828736047879943, 7.554195011098452 ], [ 79.829908603345359, 7.554278248908157 ], [ 79.831565468549073, 7.55480641728509 ], [ 79.83242862475042, 7.555108094136405 ], [ 79.832332709779905, 7.554239217605274 ], [ 79.832228181445331, 7.55360493821332 ], [ 79.832176487123888, 7.553023609814858 ], [ 79.832230464007409, 7.552548184303842 ], [ 79.832707235959575, 7.55244353381752 ], [ 79.833130830931793, 7.552444444170071 ], [ 79.833343197889945, 7.552180710846121 ], [ 79.833451033662882, 7.551282698065591 ], [ 79.833452856794167, 7.55043729491636 ], [ 79.833560349726312, 7.549697795174549 ], [ 79.833773171343694, 7.549222710140358 ], [ 79.834144839374005, 7.548747966639066 ], [ 79.834198698305684, 7.548325378514597 ], [ 79.833881574018847, 7.548060508498471 ], [ 79.833563425125192, 7.548271177983844 ], [ 79.833087227710365, 7.548111641637511 ], [ 79.833088708965022, 7.547424751666578 ], [ 79.833090759703865, 7.546473673278749 ], [ 79.832881586164845, 7.545257951727391 ], [ 79.832565604396578, 7.544464705241445 ], [ 79.832355406026494, 7.54372452234296 ], [ 79.832358027113941, 7.542509255607882 ], [ 79.832041934650917, 7.541768846142936 ], [ 79.831990126053725, 7.541240355652898 ], [ 79.832202944013886, 7.540765270903666 ], [ 79.832785598356381, 7.540660846082092 ], [ 79.833051021859703, 7.540344387651946 ], [ 79.83299978112835, 7.539551708645723 ], [ 79.832842531382155, 7.538811640500541 ], [ 79.832737546946717, 7.538388711565352 ] ] ] ] } },
{ "type": "Feature", "properties": { "OBJECTID_1": 510, "PROVINCE_N": "North Western", "DISTRICT_N": "Puttalam", "DSD_N": "Chilaw", "GND_N": "Inigodawela", "GND_C": "566C", "TOTAL_POPU": 802, "EXIS_COVE": "YES", "SUP_LEV": null, "SCH_NAME": null, "RWS_SCHE": null, "PROJ_DETAI": "<Null>", "WATER_SOUR": "Kadupiti Oya", "PROJ_NAME": "<Null>", "COVER_PER": 75, "P_POP": 0, "GRO_RATE": 0.0, "COVE_2018": 75.0, "WATER_QUAL": "COMPLIED", "COVE_2020": 75.0, "COVE_2025": 75.0, "COVE_2030": 75.0, "Shape_Leng": null, "Shape_Area": null, "OBJECTID_2": 2177, "OBJECTID_3": 2177, "OBJECTID": 12982, "EX_SCH_NAM": "Kakkapalliya wss", "RWS_Name": "<Null>", "SUP_LEVEL": "24", "layer": "Sche_Puttlam", "path": "C:/Users/MB/Downloads/New folder (2)/Sem 05/Advanced GIS and Remote Sensing for Planning/WEB MAP/Shape Files/Shape Files/WSS Shape Files/Sche_Puttlam.shp" }, "geometry": { "type": "MultiPolygon", "coordinates": [ [ [ [ 79.817945191548361, 7.551284551245839 ], [ 79.817934262377875, 7.551293237283117 ], [ 79.817471104095645, 7.550917411981918 ], [ 79.81676481234598, 7.550585151460444 ], [ 79.815992480948765, 7.550142504271472 ], [ 79.815175914485138, 7.549721809121352 ], [ 79.814756753853786, 7.549434268851407 ], [ 79.814138262141441, 7.549366770222312 ], [ 79.813541718749931, 7.54936546264534 ], [ 79.812812609902053, 7.549363863389349 ], [ 79.812106081949693, 7.549141833927058 ], [ 79.8113554153487, 7.548897658202387 ], [ 79.81071536653495, 7.548587581712573 ], [ 79.809789361813245, 7.547703630818833 ], [ 79.80901811652646, 7.546775923737393 ], [ 79.808092167894173, 7.545869922911381 ], [ 79.807339116711006, 7.546706080218345 ], [ 79.806896454300158, 7.547057868154366 ], [ 79.806454720118637, 7.54699074930161 ], [ 79.805814091292191, 7.54694523876988 ], [ 79.805437905667262, 7.547208981020794 ], [ 79.804816677462085, 7.548376140705953 ], [ 79.804439067960828, 7.549279265722196 ], [ 79.804285286170739, 7.549816930491718 ], [ 79.804105057425872, 7.550447060223167 ], [ 79.803882496981501, 7.551174144121893 ], [ 79.804054249279815, 7.55342339947431 ], [ 79.804294687204447, 7.554592465874521 ], [ 79.804401971142624, 7.55602580982558 ], [ 79.804385379997726, 7.55619960048585 ], [ 79.805275520068179, 7.556847404483493 ], [ 79.806042604787123, 7.55741404958975 ], [ 79.807698635618735, 7.558305486104136 ], [ 79.808708986989089, 7.558590190832305 ], [ 79.809759690382521, 7.558915334538077 ], [ 79.809774193789096, 7.558917999447265 ], [ 79.811093648019138, 7.559160394067597 ], [ 79.811942693559899, 7.559242968283871 ], [ 79.813074280651975, 7.559568284168691 ], [ 79.814003672158179, 7.559893151836092 ], [ 79.815367900116257, 7.560285340674993 ], [ 79.815377899061076, 7.560218994570564 ], [ 79.815542054293559, 7.559129808218074 ], [ 79.81554374107526, 7.558363094950749 ], [ 79.816030875097439, 7.557516737383358 ], [ 79.816518094839267, 7.556630025988309 ], [ 79.816801523051467, 7.556469232251525 ], [ 79.816642337087487, 7.555298630149708 ], [ 79.816806663011931, 7.554128737314317 ], [ 79.817698264267761, 7.553242906785943 ], [ 79.817820996351372, 7.552597517770447 ], [ 79.817943904903501, 7.551871421676442 ], [ 79.817944966550726, 7.55138718160054 ], [ 79.817945191548361, 7.551284551245839 ] ] ] ] } },
{ "type": "Feature", "properties": { "OBJECTID_1": 511, "PROVINCE_N": "North Western", "DISTRICT_N": "Puttalam", "DSD_N": "Madampe", "GND_N": "Manakkulama", "GND_C": "556B", "TOTAL_POPU": 1669, "EXIS_COVE": "YES", "SUP_LEV": null, "SCH_NAME": null, "RWS_SCHE": null, "PROJ_DETAI": "<Null>", "WATER_SOUR": "Kadupiti Oya", "PROJ_NAME": "<Null>", "COVER_PER": 50, "P_POP": 0, "GRO_RATE": 0.0, "COVE_2018": 50.0, "WATER_QUAL": "COMPLIED", "COVE_2020": 50.0, "COVE_2025": 50.0, "COVE_2030": 50.0, "Shape_Leng": null, "Shape_Area": null, "OBJECTID_2": 2178, "OBJECTID_3": 2178, "OBJECTID": 12983, "EX_SCH_NAM": "Kakkapalliya wss", "RWS_Name": "<Null>", "SUP_LEVEL": "24", "layer": "Sche_Puttlam", "path": "C:/Users/MB/Downloads/New folder (2)/Sem 05/Advanced GIS and Remote Sensing for Planning/WEB MAP/Shape Files/Shape Files/WSS Shape Files/Sche_Puttlam.shp" }, "geometry": { "type": "MultiPolygon", "coordinates": [ [ [ [ 79.846205827586545, 7.553740327420051 ], [ 79.846287940587843, 7.553228434531406 ], [ 79.846327252469777, 7.552957932049273 ], [ 79.846560576609704, 7.552533220309066 ], [ 79.846755904771825, 7.551760532012154 ], [ 79.846873017819618, 7.551335573906946 ], [ 79.847068179446083, 7.550640195061836 ], [ 79.847263176077519, 7.550022125806275 ], [ 79.847651442801634, 7.549597740883141 ], [ 79.848078773684861, 7.549018817796807 ], [ 79.848272783702981, 7.548864607493703 ], [ 79.848815747473353, 7.548556513791326 ], [ 79.849280830234974, 7.548441529930177 ], [ 79.849900610387067, 7.548442837571085 ], [ 79.850675827452221, 7.548212540420339 ], [ 79.851180216742037, 7.547827051973342 ], [ 79.851645869427287, 7.547441481297611 ], [ 79.851995067350515, 7.547171629914807 ], [ 79.852189890895175, 7.54663086722163 ], [ 79.8522685070036, 7.546089859993319 ], [ 79.852037560285851, 7.545393581195516 ], [ 79.851844613833208, 7.545045279701586 ], [ 79.851690976670795, 7.544426473688295 ], [ 79.85146003147554, 7.543730193846946 ], [ 79.851190187248392, 7.543111144116873 ], [ 79.851036551393008, 7.542492338014371 ], [ 79.850805281056097, 7.541950678681817 ], [ 79.850496947738506, 7.541215581003856 ], [ 79.850266332613856, 7.540364682024531 ], [ 79.850267722318733, 7.539707547634313 ], [ 79.850269357104963, 7.538934448857981 ], [ 79.850465991717925, 7.538358107206848 ], [ 79.850168405955287, 7.538524936864758 ], [ 79.849509017913832, 7.538523547816295 ], [ 79.848744796525864, 7.538206086350316 ], [ 79.847664461319624, 7.537703710530563 ], [ 79.846400226509573, 7.536858771840007 ], [ 79.84584768436541, 7.536225903209952 ], [ 79.844715447131449, 7.535328598291307 ], [ 79.844003593784166, 7.535195487031068 ], [ 79.843396065495966, 7.535615331876636 ], [ 79.842788592173463, 7.536008856081116 ], [ 79.842022585096686, 7.536533645951716 ], [ 79.841336096095262, 7.536874357763371 ], [ 79.840597135882092, 7.537083353477509 ], [ 79.839832418862613, 7.537002763182267 ], [ 79.83912090317979, 7.536711719796997 ], [ 79.838435594680462, 7.536499692251704 ], [ 79.837434461169195, 7.535971141278595 ], [ 79.836329071321501, 7.534863308200014 ], [ 79.835657721362352, 7.534351308513471 ], [ 79.835391942643369, 7.534769261583408 ], [ 79.835340992972675, 7.535266936890363 ], [ 79.83504020708051, 7.535963192087389 ], [ 79.834639550529232, 7.536709011743229 ], [ 79.834537860558854, 7.537604805973523 ], [ 79.833888327302617, 7.538101198659165 ], [ 79.833816471772025, 7.538158311649878 ], [ 79.833619190629904, 7.538230549405935 ], [ 79.833423053619001, 7.538256570689776 ], [ 79.833046678089758, 7.538308647990037 ], [ 79.832866381701706, 7.538361146555498 ], [ 79.832737546946717, 7.538388711565352 ], [ 79.832842531382155, 7.538811640500541 ], [ 79.83299978112835, 7.539551708645723 ], [ 79.833051021859703, 7.540344387651946 ], [ 79.832785598356381, 7.540660846082092 ], [ 79.832202944013886, 7.540765270903666 ], [ 79.831990126053725, 7.541240355652898 ], [ 79.832041934650917, 7.541768846142936 ], [ 79.832358027113941, 7.542509255607882 ], [ 79.832355406026494, 7.54372452234296 ], [ 79.832565604396578, 7.544464705241445 ], [ 79.832881586164845, 7.545257951727391 ], [ 79.833090759703865, 7.546473673278749 ], [ 79.833088708965022, 7.547424751666578 ], [ 79.833087227710365, 7.548111641637511 ], [ 79.833563425125192, 7.548271177983844 ], [ 79.833881574018847, 7.548060508498471 ], [ 79.834198698305684, 7.548325378514597 ], [ 79.834144839374005, 7.548747966639066 ], [ 79.833773171343694, 7.549222710140358 ], [ 79.833560349726312, 7.549697795174549 ], [ 79.833452856794167, 7.55043729491636 ], [ 79.833451033662882, 7.551282698065591 ], [ 79.833343197889945, 7.552180710846121 ], [ 79.833130830931793, 7.552444444170071 ], [ 79.832707235959575, 7.55244353381752 ], [ 79.832230464007409, 7.552548184303842 ], [ 79.832176487123888, 7.553023609814858 ], [ 79.832228181445331, 7.55360493821332 ], [ 79.832332709779905, 7.554239217605274 ], [ 79.83242862475042, 7.555108094136405 ], [ 79.833125357561215, 7.554980652146194 ], [ 79.834079021422326, 7.554718511262264 ], [ 79.834926330010475, 7.554667491391701 ], [ 79.835985322270474, 7.554669761785374 ], [ 79.836726618225214, 7.55467134953603 ], [ 79.838050246982803, 7.55472701977062 ], [ 79.838661487603289, 7.555003779443857 ], [ 79.839425919496463, 7.555205501294942 ], [ 79.840007461783514, 7.555629445795033 ], [ 79.840535489149715, 7.556317466476141 ], [ 79.841169531110339, 7.556952874299109 ], [ 79.841644838373313, 7.557535105761453 ], [ 79.842119354932265, 7.558487201174933 ], [ 79.842488085844991, 7.559386232670077 ], [ 79.843015895494091, 7.56017992667987 ], [ 79.84365051165129, 7.560551142894517 ], [ 79.844021503404065, 7.560393417417214 ], [ 79.844287269865461, 7.559918440187234 ], [ 79.844394862669063, 7.559126097949748 ], [ 79.844397004613214, 7.558122178811136 ], [ 79.844399709806211, 7.55685407140563 ], [ 79.844401738395376, 7.555902990350456 ], [ 79.844297528267134, 7.555110198025687 ], [ 79.844353520711167, 7.553683689237285 ], [ 79.846205827586545, 7.553740327420051 ] ] ] ] } },
{ "type": "Feature", "properties": { "OBJECTID_1": 512, "PROVINCE_N": "North Western", "DISTRICT_N": "Puttalam", "DSD_N": "Chilaw", "GND_N": "Merawala", "GND_C": "566", "TOTAL_POPU": 930, "EXIS_COVE": "YES", "SUP_LEV": null, "SCH_NAME": null, "RWS_SCHE": null, "PROJ_DETAI": "<Null>", "WATER_SOUR": "Daduru Oya", "PROJ_NAME": "<Null>", "COVER_PER": 75, "P_POP": 0, "GRO_RATE": 0.0, "COVE_2018": 75.0, "WATER_QUAL": "COMPLIED", "COVE_2020": 75.0, "COVE_2025": 75.0, "COVE_2030": 75.0, "Shape_Leng": null, "Shape_Area": null, "OBJECTID_2": 2179, "OBJECTID_3": 2179, "OBJECTID": 12984, "EX_SCH_NAM": "chilaw wss", "RWS_Name": "<Null>", "SUP_LEVEL": "24", "layer": "Sche_Puttlam", "path": "C:/Users/MB/Downloads/New folder (2)/Sem 05/Advanced GIS and Remote Sensing for Planning/WEB MAP/Shape Files/Shape Files/WSS Shape Files/Sche_Puttlam.shp" }, "geometry": { "type": "MultiPolygon", "coordinates": [ [ [ [ 79.808228371597622, 7.562910289362929 ], [ 79.809759601066105, 7.558955687465833 ], [ 79.809774193789096, 7.558917999447265 ], [ 79.809759690382521, 7.558915334538077 ], [ 79.808708986989089, 7.558590190832305 ], [ 79.807698635618735, 7.558305486104136 ], [ 79.806042604787123, 7.55741404958975 ], [ 79.805275520068179, 7.556847404483493 ], [ 79.804385379997726, 7.55619960048585 ], [ 79.804311483979134, 7.556973664990426 ], [ 79.804132125603417, 7.558141801053163 ], [ 79.803711199430964, 7.558647966381584 ], [ 79.803025431683338, 7.559021257237714 ], [ 79.802592937619906, 7.55923584638463 ], [ 79.802603698602397, 7.559274354404351 ], [ 79.802838125850684, 7.560113256150509 ], [ 79.80330990134452, 7.560481095621122 ], [ 79.803991251444629, 7.561058994884537 ], [ 79.806087944051015, 7.562740405660243 ], [ 79.807137517060283, 7.563030921715599 ], [ 79.807925469541502, 7.562901665373936 ], [ 79.808228371597622, 7.562910289362929 ] ] ] ] } },
{ "type": "Feature", "properties": { "OBJECTID_1": 513, "PROVINCE_N": "North Western", "DISTRICT_N": "Puttalam", "DSD_N": "Chilaw", "GND_N": "Ihala Olidaluwa", "GND_C": "558A", "TOTAL_POPU": 466, "EXIS_COVE": "YES", "SUP_LEV": null, "SCH_NAME": null, "RWS_SCHE": null, "PROJ_DETAI": "<Null>", "WATER_SOUR": "Kadupiti Oya", "PROJ_NAME": "<Null>", "COVER_PER": 75, "P_POP": 0, "GRO_RATE": 0.0, "COVE_2018": 75.0, "WATER_QUAL": "COMPLIED", "COVE_2020": 75.0, "COVE_2025": 75.0, "COVE_2030": 75.0, "Shape_Leng": null, "Shape_Area": null, "OBJECTID_2": 2185, "OBJECTID_3": 2185, "OBJECTID": 12987, "EX_SCH_NAM": "Kakkapalliya wss", "RWS_Name": "<Null>", "SUP_LEVEL": "24", "layer": "Sche_Puttlam", "path": "C:/Users/MB/Downloads/New folder (2)/Sem 05/Advanced GIS and Remote Sensing for Planning/WEB MAP/Shape Files/Shape Files/WSS Shape Files/Sche_Puttlam.shp" }, "geometry": { "type": "MultiPolygon", "coordinates": [ [ [ [ 79.83242862475042, 7.555108094136405 ], [ 79.831565468549073, 7.55480641728509 ], [ 79.829908603345359, 7.554278248908157 ], [ 79.828736047879943, 7.554195011098452 ], [ 79.827806477022648, 7.553950880255455 ], [ 79.825745584446366, 7.553260409510216 ], [ 79.824250929748615, 7.552530804140219 ], [ 79.822351101047374, 7.552163497079976 ], [ 79.820613119803795, 7.551756180363158 ], [ 79.819320143636787, 7.551269120935681 ], [ 79.818754799286268, 7.550904705375207 ], [ 79.818698791952343, 7.550868604361252 ], [ 79.818266257171771, 7.551029388288493 ], [ 79.817945191548361, 7.551284551245839 ], [ 79.817944966550726, 7.55138718160054 ], [ 79.817943904903501, 7.551871421676442 ], [ 79.817820996351372, 7.552597517770447 ], [ 79.817698264267761, 7.553242906785943 ], [ 79.816806663011931, 7.554128737314317 ], [ 79.816642337087487, 7.555298630149708 ], [ 79.816801523051467, 7.556469232251525 ], [ 79.816518094839267, 7.556630025988309 ], [ 79.816030875097439, 7.557516737383358 ], [ 79.81554374107526, 7.558363094950749 ], [ 79.815542054293559, 7.559129808218074 ], [ 79.815377899061076, 7.560218994570564 ], [ 79.815367900116257, 7.560285340674993 ], [ 79.815418160472177, 7.560299790078931 ], [ 79.816793100610923, 7.560302800964631 ], [ 79.817357833795811, 7.560949693141591 ], [ 79.818165826438445, 7.561314640349528 ], [ 79.819055495356565, 7.561316583720092 ], [ 79.819945252908639, 7.561278172233287 ], [ 79.820390882733122, 7.560915962167632 ], [ 79.821119323572162, 7.560675428378307 ], [ 79.82221066040556, 7.560919925819258 ], [ 79.823584019223219, 7.561649277438688 ], [ 79.825037206417093, 7.56286304162516 ], [ 79.825763627810943, 7.563550628924864 ], [ 79.826933748775176, 7.564763775060549 ], [ 79.827065933485954, 7.564927808306035 ], [ 79.827177705491849, 7.564158998345067 ], [ 79.827462889544677, 7.563191128064643 ], [ 79.827990447969924, 7.562344842638223 ], [ 79.829003717273807, 7.561297837486411 ], [ 79.829692066488263, 7.56089578796667 ], [ 79.83062331390397, 7.560373199217477 ], [ 79.831110335148267, 7.559567174701981 ], [ 79.831394459693229, 7.559083542006458 ], [ 79.832084111064319, 7.558076185575535 ], [ 79.832492777026744, 7.556099731069501 ], [ 79.832494869050535, 7.555131247004657 ], [ 79.83242862475042, 7.555108094136405 ] ] ] ] } },
{ "type": "Feature", "properties": { "OBJECTID_1": 514, "PROVINCE_N": "North Western", "DISTRICT_N": "Puttalam", "DSD_N": "Chilaw", "GND_N": "Sawarana", "GND_C": "566A", "TOTAL_POPU": 2089, "EXIS_COVE": "YES", "SUP_LEV": null, "SCH_NAME": null, "RWS_SCHE": null, "PROJ_DETAI": "<Null>", "WATER_SOUR": "Daduru Oya", "PROJ_NAME": "<Null>", "COVER_PER": 25, "P_POP": 0, "GRO_RATE": 0.0, "COVE_2018": 25.0, "WATER_QUAL": "COMPLIED", "COVE_2020": 25.0, "COVE_2025": 25.0, "COVE_2030": 25.0, "Shape_Leng": null, "Shape_Area": null, "OBJECTID_2": 2190, "OBJECTID_3": 2190, "OBJECTID": 12991, "EX_SCH_NAM": "chilaw wss", "RWS_Name": "<Null>", "SUP_LEVEL": "24", "layer": "Sche_Puttlam", "path": "C:/Users/MB/Downloads/New folder (2)/Sem 05/Advanced GIS and Remote Sensing for Planning/WEB MAP/Shape Files/Shape Files/WSS Shape Files/Sche_Puttlam.shp" }, "geometry": { "type": "MultiPolygon", "coordinates": [ [ [ [ 79.827065933485954, 7.564927808306035 ], [ 79.826933748775176, 7.564763775060549 ], [ 79.825763627810943, 7.563550628924864 ], [ 79.825037206417093, 7.56286304162516 ], [ 79.823584019223219, 7.561649277438688 ], [ 79.82221066040556, 7.560919925819258 ], [ 79.821119323572162, 7.560675428378307 ], [ 79.820390882733122, 7.560915962167632 ], [ 79.819945252908639, 7.561278172233287 ], [ 79.819055495356565, 7.561316583720092 ], [ 79.818165826438445, 7.561314640349528 ], [ 79.817357833795811, 7.560949693141591 ], [ 79.816793100610923, 7.560302800964631 ], [ 79.815418160472177, 7.560299790078931 ], [ 79.815367900116257, 7.560285340674993 ], [ 79.814003672158179, 7.559893151836092 ], [ 79.813074280651975, 7.559568284168691 ], [ 79.811942693559899, 7.559242968283871 ], [ 79.811093648019138, 7.559160394067597 ], [ 79.809774193789096, 7.558917999447265 ], [ 79.809759601066105, 7.558955687465833 ], [ 79.808228371597622, 7.562910289362929 ], [ 79.808923116051702, 7.562930068489348 ], [ 79.810129644986162, 7.563482918222149 ], [ 79.811387645872387, 7.564507470186165 ], [ 79.813512086446266, 7.565533923859133 ], [ 79.815138431396164, 7.566218681760381 ], [ 79.816317916427025, 7.567138250601741 ], [ 79.81718421673051, 7.568026415581135 ], [ 79.817760138004786, 7.567979794867275 ], [ 79.819151520025414, 7.568061435179318 ], [ 79.820279771734889, 7.568404493618695 ], [ 79.82146070969425, 7.568669064446731 ], [ 79.822615506645249, 7.568881176679875 ], [ 79.823481435206574, 7.56911885791682 ], [ 79.824793198972202, 7.569593302202448 ], [ 79.827707491696032, 7.56965202255082 ], [ 79.829965387854259, 7.569709306631293 ], [ 79.830904380797577, 7.569769002792516 ], [ 79.830926635833094, 7.56969555674567 ], [ 79.831048830752195, 7.569292283390697 ], [ 79.83096926262715, 7.568686806029423 ], [ 79.830323792601078, 7.567959046086645 ], [ 79.829960793585116, 7.567514372647681 ], [ 79.829475948493567, 7.567311555690602 ], [ 79.828587842534944, 7.566583270198096 ], [ 79.8277807067509, 7.565814803385109 ], [ 79.827065933485954, 7.564927808306035 ] ] ] ] } },
{ "type": "Feature", "properties": { "OBJECTID_1": 516, "PROVINCE_N": "North Western", "DISTRICT_N": "Puttalam", "DSD_N": "Mahakumbukkadawala", "GND_N": "Andigama", "GND_C": "612A", "TOTAL_POPU": 1265, "EXIS_COVE": "YES", "SUP_LEV": null, "SCH_NAME": null, "RWS_SCHE": null, "PROJ_DETAI": "PAC", "WATER_SOUR": "Bore Hole", "PROJ_NAME": "Putthalam WSP- ADB 5th", "COVER_PER": 50, "P_POP": 1439, "GRO_RATE": 1.86, "COVE_2018": 25.0, "WATER_QUAL": "NON_COMP", "COVE_2020": 25.0, "COVE_2025": 25.0, "COVE_2030": 25.0, "Shape_Leng": null, "Shape_Area": null, "OBJECTID_2": 2315, "OBJECTID_3": 2315, "OBJECTID": 13086, "EX_SCH_NAM": "Anamaduwa wss", "RWS_Name": "<Null>", "SUP_LEVEL": "24", "layer": "Sche_Puttlam", "path": "C:/Users/MB/Downloads/New folder (2)/Sem 05/Advanced GIS and Remote Sensing for Planning/WEB MAP/Shape Files/Shape Files/WSS Shape Files/Sche_Puttlam.shp" }, "geometry": { "type": "MultiPolygon", "coordinates": [ [ [ [ 79.950309557956373, 7.787438683014527 ], [ 79.952147796264669, 7.786030059700519 ], [ 79.953355800978386, 7.785090938268838 ], [ 79.954774582210902, 7.783629188657035 ], [ 79.95613954755791, 7.782873420940049 ], [ 79.957809860832555, 7.782129196684122 ], [ 79.957289744764154, 7.781680369116013 ], [ 79.956872524175139, 7.781224670527661 ], [ 79.956302904767583, 7.78095821908307 ], [ 79.955847531304144, 7.780578262269587 ], [ 79.955468103378323, 7.780236359547745 ], [ 79.955272251470134, 7.779725600341685 ], [ 79.955226856685414, 7.779710412030451 ], [ 79.954841407038472, 7.778792444934601 ], [ 79.95460135425455, 7.777778209303324 ], [ 79.95436176955495, 7.776522598513718 ], [ 79.95417040246835, 7.77536363053791 ], [ 79.953930539335872, 7.774252844154633 ], [ 79.95398127777662, 7.773046068162405 ], [ 79.954184433847843, 7.772122597877134 ], [ 79.954225436454493, 7.771936213480099 ], [ 79.954138738809789, 7.771914418258826 ], [ 79.953644891905668, 7.771790270805922 ], [ 79.953160870613786, 7.771789338420967 ], [ 79.95267638244448, 7.772029779628342 ], [ 79.952143397963724, 7.772318401659001 ], [ 79.95122338270258, 7.772509724621997 ], [ 79.950545658349611, 7.772556689946891 ], [ 79.949964551450179, 7.772700391054677 ], [ 79.94919021134389, 7.772650617308192 ], [ 79.948996414645066, 7.772746791912754 ], [ 79.948657600270423, 7.772746135515372 ], [ 79.947447452665386, 7.772792063791673 ], [ 79.946672547572206, 7.773031933988101 ], [ 79.946091344000834, 7.773223903425944 ], [ 79.945558165493637, 7.77360906602395 ], [ 79.945218405369729, 7.774091154141179 ], [ 79.944829770508548, 7.774814520378193 ], [ 79.944489535765584, 7.775537980395289 ], [ 79.94424638856465, 7.776116805431493 ], [ 79.943761228661685, 7.776695157428456 ], [ 79.943566576986498, 7.777225800659855 ], [ 79.943275687657945, 7.777466607519066 ], [ 79.942694667181442, 7.777562022981506 ], [ 79.942065432657245, 7.777560793648431 ], [ 79.941048978917195, 7.777558805836476 ], [ 79.939935814381101, 7.777508351255169 ], [ 79.939064758620333, 7.777410093906131 ], [ 79.938048400422062, 7.777359824309147 ], [ 79.936992830704611, 7.777166593874953 ], [ 79.935338814902124, 7.77687174651136 ], [ 79.934177252882407, 7.7768211826359 ], [ 79.932677332319429, 7.776576859734263 ], [ 79.932348373698687, 7.778441470458901 ], [ 79.9320103232576, 7.779640419817224 ], [ 79.930858910599341, 7.781925783575792 ], [ 79.930605382048839, 7.782818018926265 ], [ 79.92984684611146, 7.784462501115136 ], [ 79.929089864180227, 7.785325838363298 ], [ 79.928084291788196, 7.786876163708949 ], [ 79.928621460479135, 7.786713566595425 ], [ 79.929385729925968, 7.786480695131825 ], [ 79.93022759592553, 7.786619094701755 ], [ 79.930775187750186, 7.78701083105105 ], [ 79.931420858726725, 7.787324631912761 ], [ 79.932380079837671, 7.78754138932493 ], [ 79.933025987033702, 7.787737992638746 ], [ 79.933749534327674, 7.788286334970833 ], [ 79.934179700349361, 7.788638769749727 ], [ 79.935626997731887, 7.789637786007477 ], [ 79.937053981831369, 7.791007877042158 ], [ 79.937972268648451, 7.792123039343916 ], [ 79.938733339512282, 7.793511347536411 ], [ 79.939514270907736, 7.794762965538456 ], [ 79.939719169749452, 7.794958353413416 ], [ 79.940804815986738, 7.793827260467816 ], [ 79.942590719925278, 7.792392431468438 ], [ 79.943299987959165, 7.791740032241009 ], [ 79.944612041427277, 7.791245718549122 ], [ 79.94621370622086, 7.790150479795723 ], [ 79.947946624265583, 7.788977034974368 ], [ 79.948576806310257, 7.788533685018039 ], [ 79.950251351560468, 7.787475465898547 ], [ 79.950309557956373, 7.787438683014527 ] ] ] ] } },
{ "type": "Feature", "properties": { "OBJECTID_1": 517, "PROVINCE_N": "North Western", "DISTRICT_N": "Puttalam", "DSD_N": "Mundalama", "GND_N": "Udappuwa", "GND_C": "594B", "TOTAL_POPU": 2994, "EXIS_COVE": "YES", "SUP_LEV": null, "SCH_NAME": null, "RWS_SCHE": null, "PROJ_DETAI": "PAC", "WATER_SOUR": "Daduru Oya", "PROJ_NAME": "Towns South of Puttlam", "COVER_PER": 100, "P_POP": 1324, "GRO_RATE": 0.66, "COVE_2018": 75.0, "WATER_QUAL": "COMPLIED", "COVE_2020": 75.0, "COVE_2025": 75.0, "COVE_2030": 75.0, "Shape_Leng": null, "Shape_Area": null, "OBJECTID_2": 2294, "OBJECTID_3": 2294, "OBJECTID": 13069, "EX_SCH_NAM": "chilaw wss", "RWS_Name": "<Null>", "SUP_LEVEL": "24", "layer": "Sche_Puttlam", "path": "C:/Users/MB/Downloads/New folder (2)/Sem 05/Advanced GIS and Remote Sensing for Planning/WEB MAP/Shape Files/Shape Files/WSS Shape Files/Sche_Puttlam.shp" }, "geometry": { "type": "MultiPolygon", "coordinates": [ [ [ [ 79.799311440780201, 7.748595566115281 ], [ 79.799325707914576, 7.74837594928858 ], [ 79.799443580093211, 7.747991830040159 ], [ 79.799595953976691, 7.747566605856518 ], [ 79.799886781090152, 7.746784764763246 ], [ 79.800204850137888, 7.746126539824698 ], [ 79.80060543575695, 7.745495958269173 ], [ 79.800978524429766, 7.744851584776961 ], [ 79.80104250312317, 7.743959402644457 ], [ 79.801099755512951, 7.742998562146647 ], [ 79.801266893443142, 7.74213406859716 ], [ 79.801598908344943, 7.741393504477672 ], [ 79.802144691277419, 7.740461232104113 ], [ 79.802463285045675, 7.739569626116082 ], [ 79.802630103653129, 7.738842413085639 ], [ 79.802810561794473, 7.738170143303898 ], [ 79.80287403256105, 7.737497608605836 ], [ 79.802806313157475, 7.737016969012308 ], [ 79.802380534245032, 7.736631613093785 ], [ 79.802064735122926, 7.736301420102746 ], [ 79.801818002386881, 7.735861558182963 ], [ 79.801818974594951, 7.735435987110422 ], [ 79.801985291031102, 7.734928423590125 ], [ 79.802137719754882, 7.734475740822472 ], [ 79.802324744380016, 7.733940768333086 ], [ 79.802615239152416, 7.733296204839935 ], [ 79.803084404122629, 7.732761870460206 ], [ 79.803649437486172, 7.732433676555361 ], [ 79.804269491393782, 7.732119334368325 ], [ 79.804875967439202, 7.731722591248623 ], [ 79.805413943087459, 7.731188410428382 ], [ 79.805758983149545, 7.73076361822599 ], [ 79.806371590924101, 7.730696363252028 ], [ 79.806702774373719, 7.730312722490849 ], [ 79.806828012753385, 7.729708966060735 ], [ 79.806760695126286, 7.729049861094617 ], [ 79.806514428174665, 7.728404080577607 ], [ 79.806088714580227, 7.727991272291209 ], [ 79.805662721879401, 7.727702017747832 ], [ 79.805157643222429, 7.7274827984416 ], [ 79.805156293941664, 7.72748181527657 ], [ 79.804982924187954, 7.727346476730214 ], [ 79.804797482529381, 7.727295577640541 ], [ 79.804721040286395, 7.726994178431801 ], [ 79.804818628732065, 7.726370868207556 ], [ 79.805060252451369, 7.725843812722554 ], [ 79.80520625099102, 7.725076720673875 ], [ 79.805131077028136, 7.724265637159009 ], [ 79.804920578527572, 7.723829012925092 ], [ 79.804536448350873, 7.723588324647177 ], [ 79.804007518122205, 7.723587127320934 ], [ 79.803381981810901, 7.723777565513856 ], [ 79.802612302161279, 7.723919712803005 ], [ 79.802131237739303, 7.724014549585236 ], [ 79.802033756698634, 7.724589894220337 ], [ 79.802032772169582, 7.725021566787292 ], [ 79.801982608651514, 7.725932766475356 ], [ 79.801789503974604, 7.726268074060275 ], [ 79.801212157414952, 7.726410654805122 ], [ 79.800586396882736, 7.726697016501784 ], [ 79.799912991087638, 7.726791412153263 ], [ 79.799046585856885, 7.727173150845852 ], [ 79.798228484884334, 7.727459069851876 ], [ 79.79736240701537, 7.727696914724966 ], [ 79.797025261930315, 7.727935964108304 ], [ 79.796399388709062, 7.728270280845941 ], [ 79.795821708010052, 7.728556744592987 ], [ 79.795052238245191, 7.728602949612957 ], [ 79.794475219103802, 7.728601629753582 ], [ 79.793705860708769, 7.728599868729594 ], [ 79.792764532992436, 7.72855395631658 ], [ 79.792755502263262, 7.728596749358399 ], [ 79.792415734864946, 7.73020670612385 ], [ 79.792415383666949, 7.730208846366763 ], [ 79.791797074317273, 7.733973026423139 ], [ 79.791615531861098, 7.734830840489746 ], [ 79.790631612785177, 7.739415215009693 ], [ 79.789778295456742, 7.743113725933473 ], [ 79.789269893469935, 7.745544203111034 ], [ 79.78921861374576, 7.745832086172228 ], [ 79.78976441034537, 7.745746272802278 ], [ 79.790633172626741, 7.74558063188507 ], [ 79.791277773553077, 7.745442413797926 ], [ 79.792006282071924, 7.745360267255724 ], [ 79.792566588292345, 7.745333614553473 ], [ 79.792957725856866, 7.745781558725509 ], [ 79.793432383880003, 7.746453216821623 ], [ 79.794159540358123, 7.746957812023925 ], [ 79.794942851810205, 7.747406654283367 ], [ 79.795782576386031, 7.747687981668639 ], [ 79.796650378779333, 7.747941432362384 ], [ 79.797321774462915, 7.748334133948068 ], [ 79.797853238331271, 7.748670633185512 ], [ 79.798161181164588, 7.748755158031062 ], [ 79.798637006538414, 7.748923887202595 ], [ 79.798761427404813, 7.748983495113419 ], [ 79.798968235185825, 7.748789872292006 ], [ 79.799105102395771, 7.748708388149091 ], [ 79.799311440780201, 7.748595566115281 ] ] ] ] } },
{ "type": "Feature", "properties": { "OBJECTID_1": 518, "PROVINCE_N": "North Western", "DISTRICT_N": "Puttalam", "DSD_N": "Mundalama", "GND_N": "Udappuwa", "GND_C": "594", "TOTAL_POPU": 1088, "EXIS_COVE": "YES", "SUP_LEV": null, "SCH_NAME": null, "RWS_SCHE": null, "PROJ_DETAI": "PAC", "WATER_SOUR": "Daduru Oya", "PROJ_NAME": "Towns South of Puttlam", "COVER_PER": 100, "P_POP": 1324, "GRO_RATE": 0.66, "COVE_2018": 75.0, "WATER_QUAL": "COMPLIED", "COVE_2020": 75.0, "COVE_2025": 75.0, "COVE_2030": 75.0, "Shape_Leng": null, "Shape_Area": null, "OBJECTID_2": 2300, "OBJECTID_3": 2300, "OBJECTID": 13073, "EX_SCH_NAM": "chilaw wss", "RWS_Name": "<Null>", "SUP_LEVEL": "24", "layer": "Sche_Puttlam", "path": "C:/Users/MB/Downloads/New folder (2)/Sem 05/Advanced GIS and Remote Sensing for Planning/WEB MAP/Shape Files/Shape Files/WSS Shape Files/Sche_Puttlam.shp" }, "geometry": { "type": "MultiPolygon", "coordinates": [ [ [ [ 79.799314748771536, 7.749248576066924 ], [ 79.799359424120482, 7.749063421092959 ], [ 79.799359695188201, 7.748945271512876 ], [ 79.799360174762299, 7.748736236247799 ], [ 79.799311440780201, 7.748595566115281 ], [ 79.799105102395771, 7.748708388149091 ], [ 79.798968235185825, 7.748789872292006 ], [ 79.798761427404813, 7.748983495113419 ], [ 79.798637006538414, 7.748923887202595 ], [ 79.798161181164588, 7.748755158031062 ], [ 79.797853238331271, 7.748670633185512 ], [ 79.797321774462915, 7.748334133948068 ], [ 79.796650378779333, 7.747941432362384 ], [ 79.795782576386031, 7.747687981668639 ], [ 79.794942851810205, 7.747406654283367 ], [ 79.794159540358123, 7.746957812023925 ], [ 79.793432383880003, 7.746453216821623 ], [ 79.792957725856866, 7.745781558725509 ], [ 79.792566588292345, 7.745333614553473 ], [ 79.792006282071924, 7.745360267255724 ], [ 79.791277773553077, 7.745442413797926 ], [ 79.790633172626741, 7.74558063188507 ], [ 79.78976441034537, 7.745746272802278 ], [ 79.78921861374576, 7.745832086172228 ], [ 79.788668858429659, 7.748918368916487 ], [ 79.788138005848381, 7.753277669223067 ], [ 79.787990918470058, 7.754761350878002 ], [ 79.787401589475436, 7.759380627086629 ], [ 79.787432475126479, 7.759380698541553 ], [ 79.789661665509641, 7.759385849923059 ], [ 79.791816321121729, 7.759489636056732 ], [ 79.793971266326182, 7.75946988960133 ], [ 79.795902949922876, 7.759597847047648 ], [ 79.797314660703492, 7.759650491340362 ], [ 79.799047686074616, 7.760000321520939 ], [ 79.800576021224458, 7.760234857589968 ], [ 79.799646054151879, 7.75829707254156 ], [ 79.799252591980292, 7.757060944148121 ], [ 79.798910483698947, 7.755034386468896 ], [ 79.798939223985371, 7.753305130200593 ], [ 79.799216611475856, 7.75115646391742 ], [ 79.799314748771536, 7.749248576066924 ] ] ] ] } },
{ "type": "Feature", "properties": { "OBJECTID_1": 519, "PROVINCE_N": "North Western", "DISTRICT_N": "Puttalam", "DSD_N": "Puttalam", "GND_N": "Rathmalyaya", "GND_C": "618B", "TOTAL_POPU": 6741, "EXIS_COVE": "YES", "SUP_LEV": null, "SCH_NAME": null, "RWS_SCHE": null, "PROJ_DETAI": "<Null>", "WATER_SOUR": "Eluwankulama Tank", "PROJ_NAME": "<Null>", "COVER_PER": 50, "P_POP": 0, "GRO_RATE": 0.0, "COVE_2018": 50.0, "WATER_QUAL": "COMPLIED", "COVE_2020": 50.0, "COVE_2025": 50.0, "COVE_2030": 50.0, "Shape_Leng": null, "Shape_Area": null, "OBJECTID_2": 2391, "OBJECTID_3": 2391, "OBJECTID": 13168, "EX_SCH_NAM": "Puttlam wss", "RWS_Name": "<Null>", "SUP_LEVEL": "24", "layer": "Sche_Puttlam", "path": "C:/Users/MB/Downloads/New folder (2)/Sem 05/Advanced GIS and Remote Sensing for Planning/WEB MAP/Shape Files/Shape Files/WSS Shape Files/Sche_Puttlam.shp" }, "geometry": { "type": "MultiPolygon", "coordinates": [ [ [ [ 79.825416029307945, 7.979446724356676 ], [ 79.82454197408758, 7.97970459657536 ], [ 79.824422525378864, 7.980369961646559 ], [ 79.824171622732081, 7.980627532283583 ], [ 79.823861602006374, 7.980934751127376 ], [ 79.823227002168494, 7.981475836545553 ], [ 79.822702963748171, 7.982105033878915 ], [ 79.822132586795092, 7.982789864338505 ], [ 79.821600847509359, 7.983433826936754 ], [ 79.821085932925612, 7.983933221150921 ], [ 79.820907019330676, 7.984106741601083 ], [ 79.820286360106266, 7.984985107961906 ], [ 79.819817410556723, 7.985755068549299 ], [ 79.819724511051035, 7.985907598254406 ], [ 79.819133678950337, 7.986624736814841 ], [ 79.818867395750885, 7.987122672789727 ], [ 79.818822256980766, 7.987533138351973 ], [ 79.818910361660727, 7.987650647297111 ], [ 79.819043399303183, 7.987445668062625 ], [ 79.819265119183157, 7.987108925219114 ], [ 79.819678557432823, 7.986669979284576 ], [ 79.819900242385614, 7.986347899490211 ], [ 79.820151658197787, 7.985908580992548 ], [ 79.82024530329592, 7.985754016730011 ], [ 79.820462159649963, 7.985396082875523 ], [ 79.820904984801174, 7.98498653008927 ], [ 79.82127395853621, 7.984664786859033 ], [ 79.821643272330661, 7.984196411632205 ], [ 79.82181562566528, 7.983930853498871 ], [ 79.821909345031031, 7.98378645250837 ], [ 79.822101400450791, 7.983537618397754 ], [ 79.822263522147509, 7.983494000501062 ], [ 79.822043222650365, 7.983930115516491 ], [ 79.822041569773987, 7.983933388384194 ], [ 79.821276420767475, 7.984914067343109 ], [ 79.820917840410729, 7.985289864058593 ], [ 79.82056150388928, 7.985753238424964 ], [ 79.820356249253251, 7.986020146926236 ], [ 79.820004862120172, 7.986646400244647 ], [ 79.820225190102036, 7.98764427997191 ], [ 79.820420432471082, 7.988528545468541 ], [ 79.820593626430366, 7.989295352934957 ], [ 79.820348781641016, 7.989486356701145 ], [ 79.819535904369104, 7.990120481037449 ], [ 79.819324566657627, 7.990712218531718 ], [ 79.81927799454246, 7.991209482366751 ], [ 79.819181037475289, 7.992244708021962 ], [ 79.819130735417659, 7.993094583553079 ], [ 79.81907177234244, 7.994090805438429 ], [ 79.818983539559738, 7.994982669124442 ], [ 79.818892598626803, 7.995901906980001 ], [ 79.818855743883759, 7.996703068441161 ], [ 79.819380015678988, 7.996982971203614 ], [ 79.821248005046925, 7.997196293783097 ], [ 79.822843506524862, 7.997408982347672 ], [ 79.824064773385302, 7.997582300421222 ], [ 79.826587048066571, 7.997800769848332 ], [ 79.827636406478888, 7.99801219053744 ], [ 79.828232117471728, 7.997665182630436 ], [ 79.828722283204769, 7.997561791228394 ], [ 79.829389338192598, 7.998203227027607 ], [ 79.829630145738776, 7.998434784864967 ], [ 79.829811243325878, 7.998575196673769 ], [ 79.831284557884103, 7.999717499385906 ], [ 79.832185508174121, 8.000380128561703 ], [ 79.832472391225181, 8.000591125341005 ], [ 79.832960726866176, 8.001288974464579 ], [ 79.832965465651725, 8.001367316058833 ], [ 79.83853247783675, 8.002091512953044 ], [ 79.841593429542272, 8.002320361420956 ], [ 79.844964885580026, 8.003011790642661 ], [ 79.846850456128593, 8.003471918127007 ], [ 79.847306786930048, 8.003928838328905 ], [ 79.847533154409703, 8.004955117267487 ], [ 79.848446205670612, 8.005697995516455 ], [ 79.851532623150732, 8.006046813163028 ], [ 79.855474946738511, 8.0071383466102 ], [ 79.858698415101529, 8.007529253369647 ], [ 79.858680570027929, 8.00739047804611 ], [ 79.858540594243721, 8.00630192639122 ], [ 79.85878277213034, 8.004125979039367 ], [ 79.858789090030513, 8.001287101637228 ], [ 79.858981480509428, 8.000151970596631 ], [ 79.859079779551777, 7.998638112867873 ], [ 79.859178286689911, 7.997029624614922 ], [ 79.859133450426853, 7.99584665401285 ], [ 79.858946955057789, 7.994332166850024 ], [ 79.8587129943934, 7.992817573903442 ], [ 79.85862353381232, 7.99035700306859 ], [ 79.85853531373958, 7.98793059051776 ], [ 79.85737187439031, 7.987927450466012 ], [ 79.855967000823796, 7.987924342267244 ], [ 79.854471914577914, 7.987813655258615 ], [ 79.853338731229158, 7.987828163306064 ], [ 79.852024496516393, 7.98782524300161 ], [ 79.850710262300069, 7.987822318522465 ], [ 79.849260073303114, 7.987819086665964 ], [ 79.848263069002812, 7.98781686181667 ], [ 79.846903516909734, 7.987813824056635 ], [ 79.84577076170315, 7.987720938562513 ], [ 79.844818975101745, 7.987763982188914 ], [ 79.843232935763808, 7.987715249243734 ], [ 79.841782750221924, 7.987711991215037 ], [ 79.840785748299837, 7.98770974837243 ], [ 79.840015337220834, 7.987708013619694 ], [ 79.838928006836881, 7.987570036455176 ], [ 79.837704516576409, 7.987522100841256 ], [ 79.836572383857359, 7.987158139334257 ], [ 79.83562111447786, 7.986975285935602 ], [ 79.834986867166094, 7.986883499289235 ], [ 79.834985940578818, 7.9872900749216 ], [ 79.83498429318864, 7.988012877633198 ], [ 79.835118393841256, 7.988826338585232 ], [ 79.83534282379425, 7.989775529386409 ], [ 79.835476308560487, 7.990860040415252 ], [ 79.835655214444316, 7.991899478876229 ], [ 79.835834739456146, 7.99266786720367 ], [ 79.835877588683701, 7.993752172961148 ], [ 79.836328410162764, 7.994792227845813 ], [ 79.836598472447847, 7.995605995466989 ], [ 79.836641322199299, 7.996690301259599 ], [ 79.836594459351204, 7.997367826234609 ], [ 79.836050834462924, 7.997276244542462 ], [ 79.835325931873143, 7.997184251315568 ], [ 79.834601649412662, 7.996821206894813 ], [ 79.833922170644087, 7.996684138084882 ], [ 79.833152363928278, 7.996411337840945 ], [ 79.832608844911618, 7.996274577634384 ], [ 79.831929058749822, 7.996273031964312 ], [ 79.831067891818421, 7.996316247607572 ], [ 79.830297363157001, 7.996359667968662 ], [ 79.829753534647963, 7.996358428467153 ], [ 79.829527250109294, 7.996222386557383 ], [ 79.829528805156059, 7.995544760350175 ], [ 79.829531396596209, 7.994415384192272 ], [ 79.829533884025139, 7.993331182153877 ], [ 79.829401036938251, 7.991975620538835 ], [ 79.829268397466478, 7.990529708718166 ], [ 79.829406528602831, 7.989581342576614 ], [ 79.829681131412428, 7.988407410493231 ], [ 79.829684651922676, 7.986871457980204 ], [ 79.829733075592472, 7.985516308960594 ], [ 79.829508246033186, 7.984747816211497 ], [ 79.82914673903089, 7.98429524035671 ], [ 79.828287567978649, 7.983480126399954 ], [ 79.827564144742936, 7.982755672273636 ], [ 79.826613929873645, 7.982121049052074 ], [ 79.826026360420045, 7.981442078278616 ], [ 79.825711113378162, 7.980583027193237 ], [ 79.825531922129088, 7.979679112558713 ], [ 79.825416029307945, 7.979446724356676 ] ] ] ] } },
{ "type": "Feature", "properties": { "OBJECTID_1": 520, "PROVINCE_N": "North Western", "DISTRICT_N": "Puttalam", "DSD_N": "Nawagattegama", "GND_N": "Kirimetiyawa", "GND_C": "644", "TOTAL_POPU": 1381, "EXIS_COVE": "YES", "SUP_LEV": null, "SCH_NAME": null, "RWS_SCHE": null, "PROJ_DETAI": "<Null>", "WATER_SOUR": "Mee Oya", "PROJ_NAME": "<Null>", "COVER_PER": 75, "P_POP": 0, "GRO_RATE": 0.0, "COVE_2018": 75.0, "WATER_QUAL": "NON_COMP", "COVE_2020": 75.0, "COVE_2025": 75.0, "COVE_2030": 75.0, "Shape_Leng": null, "Shape_Area": null, "OBJECTID_2": 2399, "OBJECTID_3": 2399, "OBJECTID": 13173, "EX_SCH_NAM": "Galgamuwa WSS", "RWS_Name": "<Null>", "SUP_LEVEL": "24", "layer": "Sche_Puttlam", "path": "C:/Users/MB/Downloads/New folder (2)/Sem 05/Advanced GIS and Remote Sensing for Planning/WEB MAP/Shape Files/Shape Files/WSS Shape Files/Sche_Puttlam.shp" }, "geometry": { "type": "MultiPolygon", "coordinates": [ [ [ [ 80.128965007642094, 8.004462255130028 ], [ 80.12894671835511, 8.004439041540179 ], [ 80.128557673325162, 8.00402120666312 ], [ 80.127995994019088, 8.003243423454405 ], [ 80.127535463250936, 8.002393861312942 ], [ 80.127132484823264, 8.001659486783659 ], [ 80.12677289825605, 8.000867629732143 ], [ 80.12654273779934, 8.000378107101135 ], [ 80.126702519568965, 7.999730933340501 ], [ 80.127151889414804, 7.998494337116034 ], [ 80.127673535545824, 7.997185917548826 ], [ 80.127848131290023, 7.996294183531695 ], [ 80.127979561959393, 7.995464203654917 ], [ 80.127438911249072, 7.99552386787721 ], [ 80.126476117686721, 7.995381195160719 ], [ 80.125485312772028, 7.995040837460586 ], [ 80.124777658979511, 7.994757389387948 ], [ 80.123956354546721, 7.994699634354078 ], [ 80.123417754649111, 7.994981130586677 ], [ 80.122679770335395, 7.995968164792407 ], [ 80.121828888589903, 7.996700913357787 ], [ 80.120666036625082, 7.997687274753347 ], [ 80.119759530569951, 7.997770546963319 ], [ 80.117946834421105, 7.997739448053698 ], [ 80.116983409434226, 7.997992028455839 ], [ 80.116274991355283, 7.998188543677732 ], [ 80.115537932430442, 7.998582649808813 ], [ 80.115255368430468, 7.998158690407085 ], [ 80.114803900452983, 7.997085080914648 ], [ 80.114069240382392, 7.99598278441873 ], [ 80.112881265296238, 7.994964467034273 ], [ 80.11228732532696, 7.994427073547233 ], [ 80.110985473955694, 7.993775612362417 ], [ 80.109201533075719, 7.993490416653423 ], [ 80.108267259447203, 7.993234812273502 ], [ 80.10707793696281, 7.993063498372363 ], [ 80.105067321653863, 7.992834388167161 ], [ 80.103756550948518, 7.992846116601696 ], [ 80.103798038148767, 7.994365206429019 ], [ 80.103795804934833, 7.995738164743458 ], [ 80.103794997079845, 7.996234766202653 ], [ 80.103924730676326, 7.997549514518612 ], [ 80.104171259258891, 7.999127357811783 ], [ 80.104286199197006, 8.000529717809503 ], [ 80.105146458125418, 8.003145576866332 ], [ 80.105406292130809, 8.005555981818061 ], [ 80.105666484880459, 8.007747299231479 ], [ 80.105984484103374, 8.010435310605796 ], [ 80.106113490902558, 8.012202842309927 ], [ 80.106139759471773, 8.014072448664143 ], [ 80.106268363344796, 8.01608828077393 ], [ 80.106543382021485, 8.018177378092188 ], [ 80.106864331179153, 8.019054254703574 ], [ 80.106643368423363, 8.019769590251277 ], [ 80.106627196370283, 8.02070434680047 ], [ 80.106713312888331, 8.021814538888158 ], [ 80.107004293709792, 8.0231003338753 ], [ 80.107251860709212, 8.024050120881917 ], [ 80.107323943187822, 8.024780535947389 ], [ 80.107541468720441, 8.026183059401497 ], [ 80.107656420221602, 8.027585417297553 ], [ 80.10765490219643, 8.028520197341548 ], [ 80.10766820448427, 8.029352758906191 ], [ 80.107192875987138, 8.030024105750563 ], [ 80.108213425613869, 8.029917186115604 ], [ 80.109294199867037, 8.030175622402687 ], [ 80.110599057433006, 8.029989062585223 ], [ 80.111842776277044, 8.030121572521637 ], [ 80.112911838777507, 8.03029730282333 ], [ 80.113544820796875, 8.03023305937166 ], [ 80.114526976503058, 8.030169372740575 ], [ 80.115466496917932, 8.029474800660973 ], [ 80.116383772952972, 8.029041218292106 ], [ 80.117081422416589, 8.029477372771854 ], [ 80.118215678226434, 8.029827211467016 ], [ 80.120265859526285, 8.030591790790602 ], [ 80.120696961262112, 8.030738228461523 ], [ 80.120965794848701, 8.02984496199859 ], [ 80.12132943145501, 8.028685306051782 ], [ 80.121488228162477, 8.027744827644705 ], [ 80.121568871932823, 8.026490650995106 ], [ 80.121711936602935, 8.025550148354437 ], [ 80.121965681844088, 8.024249207184004 ], [ 80.122268033016297, 8.0220546509216 ], [ 80.122457536836976, 8.021584585234638 ], [ 80.122632229193755, 8.020534380281871 ], [ 80.122886166864276, 8.019108007579067 ], [ 80.123015580238146, 8.016850461559454 ], [ 80.123048852940798, 8.01570596023668 ], [ 80.123034761946187, 8.014671135673689 ], [ 80.123240735205059, 8.013730730349666 ], [ 80.123840610516666, 8.012367615665385 ], [ 80.124140683296787, 8.011599824492345 ], [ 80.12469289548325, 8.010534530858576 ], [ 80.12513524547775, 8.009312276008783 ], [ 80.125797704201517, 8.008153080806819 ], [ 80.126696047280547, 8.00702560949664 ], [ 80.127453019633037, 8.005772484447046 ], [ 80.128071578538282, 8.00531355875791 ], [ 80.128965007642094, 8.004462255130028 ] ] ] ] } },
{ "type": "Feature", "properties": { "OBJECTID_1": 521, "PROVINCE_N": "North Western", "DISTRICT_N": "Puttalam", "DSD_N": "Puttalam", "GND_N": "Thiladiya", "GND_C": "618A", "TOTAL_POPU": 10107, "EXIS_COVE": "YES", "SUP_LEV": null, "SCH_NAME": null, "RWS_SCHE": null, "PROJ_DETAI": "ON_GO", "WATER_SOUR": "Eluwankulama Tank", "PROJ_NAME": "Putthalam WSP- ADB 5th", "COVER_PER": 25, "P_POP": 11499, "GRO_RATE": 1.86, "COVE_2018": 25.0, "WATER_QUAL": "COMPLIED", "COVE_2020": 25.0, "COVE_2025": 25.0, "COVE_2030": 25.0, "Shape_Leng": null, "Shape_Area": null, "OBJECTID_2": 2397, "OBJECTID_3": 2397, "OBJECTID": 13172, "EX_SCH_NAM": "Puttlam wss", "RWS_Name": "<Null>", "SUP_LEVEL": "24", "layer": "Sche_Puttlam", "path": "C:/Users/MB/Downloads/New folder (2)/Sem 05/Advanced GIS and Remote Sensing for Planning/WEB MAP/Shape Files/Shape Files/WSS Shape Files/Sche_Puttlam.shp" }, "geometry": { "type": "MultiPolygon", "coordinates": [ [ [ [ 79.867495226887584, 8.018890882392352 ], [ 79.868494369090342, 8.014176528765187 ], [ 79.868847570033992, 8.009561304608214 ], [ 79.864675859785024, 8.008754327067626 ], [ 79.859304349862768, 8.007602731578418 ], [ 79.858698415101529, 8.007529253369647 ], [ 79.855474946738511, 8.0071383466102 ], [ 79.851532623150732, 8.006046813163028 ], [ 79.848446205670612, 8.005697995516455 ], [ 79.847533154409703, 8.004955117267487 ], [ 79.847306786930048, 8.003928838328905 ], [ 79.846850456128593, 8.003471918127007 ], [ 79.844964885580026, 8.003011790642661 ], [ 79.841593429542272, 8.002320361420956 ], [ 79.83853247783675, 8.002091512953044 ], [ 79.832965465651725, 8.001367316058833 ], [ 79.832994445414116, 8.001846441898492 ], [ 79.83296772989695, 8.002116029987549 ], [ 79.832810943552133, 8.003698145923583 ], [ 79.832782220984924, 8.003930601048511 ], [ 79.832733006486151, 8.004328896282026 ], [ 79.832510174501593, 8.005679616811069 ], [ 79.832403491248215, 8.006326283416962 ], [ 79.832380814192788, 8.006685206775503 ], [ 79.832281343797419, 8.007174492134272 ], [ 79.832367818204489, 8.007588054468302 ], [ 79.832969108062372, 8.00746976401587 ], [ 79.833362725324974, 8.00737275716445 ], [ 79.833810147598243, 8.007471677563961 ], [ 79.834274786300284, 8.007587237864056 ], [ 79.834413318977809, 8.007787938427658 ], [ 79.834474992396068, 8.008064800623762 ], [ 79.834450527826704, 8.008284214041099 ], [ 79.834507790172836, 8.008394079075247 ], [ 79.83470534395822, 8.008304471853632 ], [ 79.834817250875247, 8.008230190820163 ], [ 79.834994720358225, 8.008198486235033 ], [ 79.835201372879766, 8.008265259109065 ], [ 79.83546857318909, 8.008503988302042 ], [ 79.835530529001616, 8.009343407491798 ], [ 79.835388471235902, 8.010017051834923 ], [ 79.835145061709568, 8.010321690566608 ], [ 79.834850903691589, 8.010473619086364 ], [ 79.834505617616927, 8.010638146368143 ], [ 79.834504192544088, 8.011261243571226 ], [ 79.834895813423643, 8.012572946333751 ], [ 79.835166790062047, 8.013142745624792 ], [ 79.835296690775678, 8.013572991312556 ], [ 79.835437023080559, 8.014037789562881 ], [ 79.835405205435336, 8.014245719761702 ], [ 79.83540632880468, 8.01424633714047 ], [ 79.836875801384721, 8.015053922553507 ], [ 79.838392600886522, 8.01600365113349 ], [ 79.839766573117359, 8.017142309585239 ], [ 79.840855747861482, 8.018280320990877 ], [ 79.841376388024969, 8.018943901089159 ], [ 79.841849347754845, 8.019702002409771 ], [ 79.842131252742419, 8.020980132664379 ], [ 79.842412731054281, 8.02244752053252 ], [ 79.842361178747268, 8.024245358551026 ], [ 79.842771652828887, 8.026361936353956 ], [ 79.845573956468073, 8.025964544767087 ], [ 79.848343170579682, 8.025289606693109 ], [ 79.850770384064603, 8.024750115951182 ], [ 79.852718617143111, 8.024482005204359 ], [ 79.855077790601868, 8.023806104046452 ], [ 79.857333841730565, 8.02340242363999 ], [ 79.858872422735601, 8.022963082660375 ], [ 79.860308268303385, 8.022625682349162 ], [ 79.861916240867814, 8.021709670045347 ], [ 79.863831423482893, 8.020930559214314 ], [ 79.865336877954178, 8.020014305951007 ], [ 79.867495226887584, 8.018890882392352 ] ] ] ] } },
{ "type": "Feature", "properties": { "OBJECTID_1": 522, "PROVINCE_N": "North Western", "DISTRICT_N": "Puttalam", "DSD_N": "Puttalam", "GND_N": "Puttalam South", "GND_C": "618", "TOTAL_POPU": 3156, "EXIS_COVE": "YES", "SUP_LEV": null, "SCH_NAME": null, "RWS_SCHE": null, "PROJ_DETAI": "ON_GO", "WATER_SOUR": "Eluwankulama Tank", "PROJ_NAME": "Putthalam WSP- ADB 5th", "COVER_PER": 50, "P_POP": 3591, "GRO_RATE": 1.86, "COVE_2018": 75.0, "WATER_QUAL": "COMPLIED", "COVE_2020": 75.0, "COVE_2025": 75.0, "COVE_2030": 75.0, "Shape_Leng": null, "Shape_Area": null, "OBJECTID_2": 2403, "OBJECTID_3": 2403, "OBJECTID": 13175, "EX_SCH_NAM": "Puttlam wss", "RWS_Name": "<Null>", "SUP_LEVEL": "24", "layer": "Sche_Puttlam", "path": "C:/Users/MB/Downloads/New folder (2)/Sem 05/Advanced GIS and Remote Sensing for Planning/WEB MAP/Shape Files/Shape Files/WSS Shape Files/Sche_Puttlam.shp" }, "geometry": { "type": "MultiPolygon", "coordinates": [ [ [ [ 79.842771652828887, 8.026361936353956 ], [ 79.842361178747268, 8.024245358551026 ], [ 79.842412731054281, 8.02244752053252 ], [ 79.842131252742419, 8.020980132664379 ], [ 79.841849347754845, 8.019702002409771 ], [ 79.841376388024969, 8.018943901089159 ], [ 79.840855747861482, 8.018280320990877 ], [ 79.839766573117359, 8.017142309585239 ], [ 79.838392600886522, 8.01600365113349 ], [ 79.836875801384721, 8.015053922553507 ], [ 79.83540632880468, 8.01424633714047 ], [ 79.835405205435336, 8.014245719761702 ], [ 79.835354099905985, 8.014579680126728 ], [ 79.834861519013245, 8.015662719507851 ], [ 79.834450743843661, 8.016691736125882 ], [ 79.834204140741136, 8.017368772653866 ], [ 79.834093861781469, 8.017964809146317 ], [ 79.833792613918035, 8.018723034474659 ], [ 79.833463952195999, 8.019562508772038 ], [ 79.833107872574033, 8.020483231008484 ], [ 79.832328424156302, 8.021806922234138 ], [ 79.831944736888175, 8.022890204236832 ], [ 79.831343533983613, 8.023837469407777 ], [ 79.830851799065456, 8.024541047520222 ], [ 79.830632100632329, 8.025353662308911 ], [ 79.829673671194428, 8.027709510339466 ], [ 79.828990954833259, 8.028575271322659 ], [ 79.828061923523904, 8.029982544346057 ], [ 79.827878218419769, 8.030243019780476 ], [ 79.828636212807567, 8.030671504789286 ], [ 79.830057437478047, 8.030674759941876 ], [ 79.8320932128062, 8.030657353586493 ], [ 79.832167794957712, 8.030656991355183 ], [ 79.833564756678498, 8.030660178978966 ], [ 79.834798953935319, 8.030662991256543 ], [ 79.835795372211152, 8.03085451634859 ], [ 79.837408784168773, 8.031094757103901 ], [ 79.839022306709879, 8.031287675584323 ], [ 79.841870032818093, 8.031483380162159 ], [ 79.84310423549411, 8.03148616781256 ], [ 79.843114555759755, 8.031486191106973 ], [ 79.843058271962889, 8.030823659854054 ], [ 79.842783453099685, 8.026422783067925 ], [ 79.842771652828887, 8.026361936353956 ] ] ] ] } },
{ "type": "Feature", "properties": { "OBJECTID_1": 523, "PROVINCE_N": "North Western", "DISTRICT_N": "Puttalam", "DSD_N": "Puttalam", "GND_N": "Puttalam North", "GND_C": "617", "TOTAL_POPU": 1747, "EXIS_COVE": "YES", "SUP_LEV": null, "SCH_NAME": null, "RWS_SCHE": null, "PROJ_DETAI": "ON_GO", "WATER_SOUR": "Eluwankulama Tank", "PROJ_NAME": "Putthalam WSP- ADB 5th", "COVER_PER": 50, "P_POP": 1988, "GRO_RATE": 1.86, "COVE_2018": 75.0, "WATER_QUAL": "COMPLIED", "COVE_2020": 75.0, "COVE_2025": 75.0, "COVE_2030": 75.0, "Shape_Leng": null, "Shape_Area": null, "OBJECTID_2": 2408, "OBJECTID_3": 2408, "OBJECTID": 13179, "EX_SCH_NAM": "Puttlam wss", "RWS_Name": "<Null>", "SUP_LEVEL": "24", "layer": "Sche_Puttlam", "path": "C:/Users/MB/Downloads/New folder (2)/Sem 05/Advanced GIS and Remote Sensing for Planning/WEB MAP/Shape Files/Shape Files/WSS Shape Files/Sche_Puttlam.shp" }, "geometry": { "type": "MultiPolygon", "coordinates": [ [ [ [ 79.829193303114536, 8.034423146767129 ], [ 79.829046462228476, 8.034435003652911 ], [ 79.828691053967901, 8.033920793086047 ], [ 79.828620655919494, 8.033818940394299 ], [ 79.827909379617239, 8.033486108576328 ], [ 79.827196683739558, 8.033768359191944 ], [ 79.826770334867305, 8.033388864410307 ], [ 79.825998729378526, 8.032888702757596 ], [ 79.825406971412221, 8.033715613503103 ], [ 79.824724707428246, 8.034598018746035 ], [ 79.82576986346939, 8.034947938697936 ], [ 79.826623657433515, 8.035233787430487 ], [ 79.827619315954379, 8.03575653245405 ], [ 79.82823543764286, 8.036183776627114 ], [ 79.8289945161182, 8.03637477464204 ], [ 79.829563825312661, 8.036518022963818 ], [ 79.829608717569485, 8.036529318373482 ], [ 79.829328768500446, 8.035523881493553 ], [ 79.829193303114536, 8.034423146767129 ] ] ] ] } },
{ "type": "Feature", "properties": { "OBJECTID_1": 524, "PROVINCE_N": "North Western", "DISTRICT_N": "Puttalam", "DSD_N": "Puttalam", "GND_N": "Periyapalli Kudiyiruppuwa", "GND_C": "617E", "TOTAL_POPU": 625, "EXIS_COVE": "YES", "SUP_LEV": null, "SCH_NAME": null, "RWS_SCHE": null, "PROJ_DETAI": "ON_GO", "WATER_SOUR": "Eluwankulama Tank", "PROJ_NAME": "Putthalam WSP- ADB 5th", "COVER_PER": 75, "P_POP": 711, "GRO_RATE": 1.86, "COVE_2018": 75.0, "WATER_QUAL": "COMPLIED", "COVE_2020": 75.0, "COVE_2025": 75.0, "COVE_2030": 75.0, "Shape_Leng": null, "Shape_Area": null, "OBJECTID_2": 2405, "OBJECTID_3": 2405, "OBJECTID": 13177, "EX_SCH_NAM": "Puttlam wss", "RWS_Name": "<Null>", "SUP_LEVEL": "24", "layer": "Sche_Puttlam", "path": "C:/Users/MB/Downloads/New folder (2)/Sem 05/Advanced GIS and Remote Sensing for Planning/WEB MAP/Shape Files/Shape Files/WSS Shape Files/Sche_Puttlam.shp" }, "geometry": { "type": "MultiPolygon", "coordinates": [ [ [ [ 79.828636212807567, 8.030671504789286 ], [ 79.827878218419769, 8.030243019780476 ], [ 79.826936748340913, 8.03157792381405 ], [ 79.825998729378526, 8.032888702757596 ], [ 79.826770334867305, 8.033388864410307 ], [ 79.827196683739558, 8.033768359191944 ], [ 79.827909379617239, 8.033486108576328 ], [ 79.828620655919494, 8.033818940394299 ], [ 79.828691053967901, 8.033920793086047 ], [ 79.828244444287478, 8.032473545106122 ], [ 79.828636212807567, 8.030671504789286 ] ] ] ] } },
{ "type": "Feature", "properties": { "OBJECTID_1": 525, "PROVINCE_N": "North Western", "DISTRICT_N": "Puttalam", "DSD_N": "Puttalam", "GND_N": "Parana Jumma Palli", "GND_C": "617D", "TOTAL_POPU": 1578, "EXIS_COVE": "YES", "SUP_LEV": null, "SCH_NAME": null, "RWS_SCHE": null, "PROJ_DETAI": "ON_GO", "WATER_SOUR": "Eluwankulama Tank", "PROJ_NAME": "Putthalam WSP- ADB 5th", "COVER_PER": 50, "P_POP": 1795, "GRO_RATE": 1.86, "COVE_2018": 50.0, "WATER_QUAL": "COMPLIED", "COVE_2020": 50.0, "COVE_2025": 50.0, "COVE_2030": 50.0, "Shape_Leng": null, "Shape_Area": null, "OBJECTID_2": 2406, "OBJECTID_3": 2406, "OBJECTID": 13178, "EX_SCH_NAM": "Puttlam wss", "RWS_Name": "<Null>", "SUP_LEVEL": "24", "layer": "Sche_Puttlam", "path": "C:/Users/MB/Downloads/New folder (2)/Sem 05/Advanced GIS and Remote Sensing for Planning/WEB MAP/Shape Files/Shape Files/WSS Shape Files/Sche_Puttlam.shp" }, "geometry": { "type": "MultiPolygon", "coordinates": [ [ [ [ 79.829193303114536, 8.034423146767129 ], [ 79.829616205224468, 8.034388994732454 ], [ 79.830375935470272, 8.034296105435269 ], [ 79.831088304890173, 8.034155792792795 ], [ 79.831553102003184, 8.033936487390735 ], [ 79.832086252011806, 8.033684929890599 ], [ 79.832609068280263, 8.033402236906621 ], [ 79.832516630355556, 8.032313793923661 ], [ 79.832138072888156, 8.031792470783008 ], [ 79.832092452690702, 8.030988020864086 ], [ 79.8320932128062, 8.030657353586493 ], [ 79.830057437478047, 8.030674759941876 ], [ 79.828636212807567, 8.030671504789286 ], [ 79.828244444287478, 8.032473545106122 ], [ 79.828691053967901, 8.033920793086047 ], [ 79.829046462228476, 8.034435003652911 ], [ 79.829193303114536, 8.034423146767129 ] ] ] ] } },
{ "type": "Feature", "properties": { "OBJECTID_1": 526, "PROVINCE_N": "North Western", "DISTRICT_N": "Puttalam", "DSD_N": "Puttalam", "GND_N": "Pudukudirippuwa", "GND_C": "617F", "TOTAL_POPU": 6721, "EXIS_COVE": "YES", "SUP_LEV": null, "SCH_NAME": null, "RWS_SCHE": null, "PROJ_DETAI": "ON_GO", "WATER_SOUR": "Eluwankulama Tank", "PROJ_NAME": "Putthalam WSP- ADB 5th", "COVER_PER": 25, "P_POP": 7646, "GRO_RATE": 1.86, "COVE_2018": 25.0, "WATER_QUAL": "COMPLIED", "COVE_2020": 25.0, "COVE_2025": 25.0, "COVE_2030": 25.0, "Shape_Leng": null, "Shape_Area": null, "OBJECTID_2": 2414, "OBJECTID_3": 2414, "OBJECTID": 13184, "EX_SCH_NAM": "Puttlam wss", "RWS_Name": "<Null>", "SUP_LEVEL": "24", "layer": "Sche_Puttlam", "path": "C:/Users/MB/Downloads/New folder (2)/Sem 05/Advanced GIS and Remote Sensing for Planning/WEB MAP/Shape Files/Shape Files/WSS Shape Files/Sche_Puttlam.shp" }, "geometry": { "type": "MultiPolygon", "coordinates": [ [ [ [ 79.829608717569485, 8.036529318373482 ], [ 79.829563825312661, 8.036518022963818 ], [ 79.8289945161182, 8.03637477464204 ], [ 79.82823543764286, 8.036183776627114 ], [ 79.827619315954379, 8.03575653245405 ], [ 79.826623657433515, 8.035233787430487 ], [ 79.82576986346939, 8.034947938697936 ], [ 79.824724707428246, 8.034598018746035 ], [ 79.82442377205814, 8.034987231396251 ], [ 79.82144646356187, 8.038991728004673 ], [ 79.820660191133911, 8.039918632148986 ], [ 79.821674390102189, 8.040568897832818 ], [ 79.82219513053515, 8.041185187077135 ], [ 79.82376032894831, 8.041756572418064 ], [ 79.825988473023273, 8.043039193905773 ], [ 79.826889644482065, 8.043372467394601 ], [ 79.827838616527004, 8.043563907436234 ], [ 79.828360793251093, 8.043565106876724 ], [ 79.82945261575604, 8.043567612649522 ], [ 79.829481561682769, 8.043567679042001 ], [ 79.829500523336449, 8.043378463842632 ], [ 79.829551925793496, 8.041675264271367 ], [ 79.829555420048678, 8.040161211598138 ], [ 79.829795717331493, 8.038884274726215 ], [ 79.829798009114185, 8.037890677184796 ], [ 79.82965832844144, 8.036707497360698 ], [ 79.829608717569485, 8.036529318373482 ] ] ] ] } },
{ "type": "Feature", "properties": { "OBJECTID_1": 529, "PROVINCE_N": "North Western", "DISTRICT_N": "Puttalam", "DSD_N": "Puttalam", "GND_N": "Senakudirippuwa", "GND_C": "616", "TOTAL_POPU": 3884, "EXIS_COVE": "YES", "SUP_LEV": null, "SCH_NAME": null, "RWS_SCHE": null, "PROJ_DETAI": "ON_GO", "WATER_SOUR": "Eluwankulama Tank", "PROJ_NAME": "Putthalam WSP- ADB 5th", "COVER_PER": 75, "P_POP": 4419, "GRO_RATE": 1.86, "COVE_2018": 75.0, "WATER_QUAL": "COMPLIED", "COVE_2020": 75.0, "COVE_2025": 75.0, "COVE_2030": 75.0, "Shape_Leng": null, "Shape_Area": null, "OBJECTID_2": 2416, "OBJECTID_3": 2416, "OBJECTID": 13185, "EX_SCH_NAM": "Puttlam wss", "RWS_Name": "<Null>", "SUP_LEVEL": "24", "layer": "Sche_Puttlam", "path": "C:/Users/MB/Downloads/New folder (2)/Sem 05/Advanced GIS and Remote Sensing for Planning/WEB MAP/Shape Files/Shape Files/WSS Shape Files/Sche_Puttlam.shp" }, "geometry": { "type": "MultiPolygon", "coordinates": [ [ [ [ 79.867495226887584, 8.018890882392352 ], [ 79.865336877954178, 8.020014305951007 ], [ 79.863831423482893, 8.020930559214314 ], [ 79.861916240867814, 8.021709670045347 ], [ 79.860308268303385, 8.022625682349162 ], [ 79.858872422735601, 8.022963082660375 ], [ 79.857333841730565, 8.02340242363999 ], [ 79.855077790601868, 8.023806104046452 ], [ 79.852718617143111, 8.024482005204359 ], [ 79.850770384064603, 8.024750115951182 ], [ 79.848343170579682, 8.025289606693109 ], [ 79.845573956468073, 8.025964544767087 ], [ 79.842771652828887, 8.026361936353956 ], [ 79.842783453099685, 8.026422783067925 ], [ 79.843058271962889, 8.030823659854054 ], [ 79.843114555759755, 8.031486191106973 ], [ 79.843243204015195, 8.033000548483617 ], [ 79.843334273110173, 8.034704078670252 ], [ 79.84318885263356, 8.036028557656387 ], [ 79.843139231469848, 8.036974738398634 ], [ 79.843090255335312, 8.037637030896624 ], [ 79.843373140112774, 8.03848933240989 ], [ 79.843507805906384, 8.041896284923446 ], [ 79.843648603181833, 8.042606322470293 ], [ 79.844596941857802, 8.043081609103423 ], [ 79.845736238945207, 8.043084178579305 ], [ 79.863283631153806, 8.045487537899788 ], [ 79.863336841894593, 8.045337359195896 ], [ 79.863452716141964, 8.044653765785823 ], [ 79.863744807233587, 8.041862026612204 ], [ 79.86438348740387, 8.037475400007477 ], [ 79.865140668000436, 8.031208443961107 ], [ 79.865776652749688, 8.028018542702426 ], [ 79.866876689080669, 8.021809318098352 ], [ 79.867495226887584, 8.018890882392352 ] ] ] ] } },
{ "type": "Feature", "properties": { "OBJECTID_1": 530, "PROVINCE_N": "North Western", "DISTRICT_N": "Puttalam", "DSD_N": "Puttalam", "GND_N": "Puttalam East", "GND_C": "617B", "TOTAL_POPU": 13894, "EXIS_COVE": "YES", "SUP_LEV": null, "SCH_NAME": null, "RWS_SCHE": null, "PROJ_DETAI": "ON_GO", "WATER_SOUR": "Eluwankulama Tank", "PROJ_NAME": "Putthalam WSP- ADB 5th", "COVER_PER": 75, "P_POP": 15807, "GRO_RATE": 1.86, "COVE_2018": 75.0, "WATER_QUAL": "COMPLIED", "COVE_2020": 75.0, "COVE_2025": 75.0, "COVE_2030": 75.0, "Shape_Leng": null, "Shape_Area": null, "OBJECTID_2": 2421, "OBJECTID_3": 2421, "OBJECTID": 13189, "EX_SCH_NAM": "Puttlam wss", "RWS_Name": "<Null>", "SUP_LEVEL": "24", "layer": "Sche_Puttlam", "path": "C:/Users/MB/Downloads/New folder (2)/Sem 05/Advanced GIS and Remote Sensing for Planning/WEB MAP/Shape Files/Shape Files/WSS Shape Files/Sche_Puttlam.shp" }, "geometry": { "type": "MultiPolygon", "coordinates": [ [ [ [ 79.863283631153806, 8.045487537899788 ], [ 79.845736238945207, 8.043084178579305 ], [ 79.844596941857802, 8.043081609103423 ], [ 79.843648603181833, 8.042606322470293 ], [ 79.843507805906384, 8.041896284923446 ], [ 79.843373140112774, 8.03848933240989 ], [ 79.843090255335312, 8.037637030896624 ], [ 79.843139231469848, 8.036974738398634 ], [ 79.84318885263356, 8.036028557656387 ], [ 79.843334273110173, 8.034704078670252 ], [ 79.843243204015195, 8.033000548483617 ], [ 79.843114555759755, 8.031486191106973 ], [ 79.84310423549411, 8.03148616781256 ], [ 79.841870032818093, 8.031483380162159 ], [ 79.839022306709879, 8.031287675584323 ], [ 79.837408784168773, 8.031094757103901 ], [ 79.835795372211152, 8.03085451634859 ], [ 79.834798953935319, 8.030662991256543 ], [ 79.833564756678498, 8.030660178978966 ], [ 79.832167794957712, 8.030656991355183 ], [ 79.8320932128062, 8.030657353586493 ], [ 79.832092452690702, 8.030988020864086 ], [ 79.832138072888156, 8.031792470783008 ], [ 79.832516630355556, 8.032313793923661 ], [ 79.832609068280263, 8.033402236906621 ], [ 79.832086252011806, 8.033684929890599 ], [ 79.831553102003184, 8.033936487390735 ], [ 79.831563435076404, 8.033967621218386 ], [ 79.831846292320222, 8.034819926855574 ], [ 79.832080593377185, 8.036145267320176 ], [ 79.83203018458255, 8.037422641667433 ], [ 79.832123491669066, 8.038132571432378 ], [ 79.832311521483575, 8.038937345766056 ], [ 79.832548327124655, 8.039174459390841 ], [ 79.833307305198971, 8.039412765449931 ], [ 79.836725265107347, 8.039373240487166 ], [ 79.836814137953695, 8.042023053744193 ], [ 79.838664730130546, 8.042358461419349 ], [ 79.83937646429365, 8.042502020847044 ], [ 79.840228451336316, 8.04359218794859 ], [ 79.840463644862893, 8.044539011136326 ], [ 79.840699595895657, 8.045154634770169 ], [ 79.841552562387136, 8.045818969936841 ], [ 79.842832770256848, 8.046484272041317 ], [ 79.84344795729109, 8.047337324453769 ], [ 79.844490172184734, 8.048285970967507 ], [ 79.84543830958755, 8.048855885939799 ], [ 79.846576764410145, 8.049236970228351 ], [ 79.847620814607723, 8.049381264834825 ], [ 79.848712658694964, 8.049383721185604 ], [ 79.850231105911874, 8.049671020663187 ], [ 79.851559882719897, 8.04986325928917 ], [ 79.852793291350338, 8.050244539200166 ], [ 79.85359988369035, 8.050435603994993 ], [ 79.854168692123906, 8.050815392995046 ], [ 79.855068740001329, 8.051669068840242 ], [ 79.856158149362415, 8.052759738571721 ], [ 79.857199986182223, 8.053897615647609 ], [ 79.858241721795693, 8.055082804317145 ], [ 79.858809163239982, 8.056077676411974 ], [ 79.859377031084222, 8.056883289716868 ], [ 79.859392430474159, 8.056927457027815 ], [ 79.859824136405422, 8.056499102785894 ], [ 79.860513833047861, 8.054904989606044 ], [ 79.861783305870631, 8.049721952171254 ], [ 79.863283631153806, 8.045487537899788 ] ] ] ] } },
{ "type": "Feature", "properties": { "OBJECTID_1": 531, "PROVINCE_N": "North Western", "DISTRICT_N": "Puttalam", "DSD_N": "Puttalam", "GND_N": "Marikkar Street", "GND_C": "617C", "TOTAL_POPU": 3514, "EXIS_COVE": "YES", "SUP_LEV": null, "SCH_NAME": null, "RWS_SCHE": null, "PROJ_DETAI": "ON_GO", "WATER_SOUR": "Eluwankulama Tank", "PROJ_NAME": "Putthalam WSP- ADB 5th", "COVER_PER": 75, "P_POP": 3998, "GRO_RATE": 1.86, "COVE_2018": 75.0, "WATER_QUAL": "COMPLIED", "COVE_2020": 75.0, "COVE_2025": 75.0, "COVE_2030": 75.0, "Shape_Leng": null, "Shape_Area": null, "OBJECTID_2": 2422, "OBJECTID_3": 2422, "OBJECTID": 13190, "EX_SCH_NAM": "Puttlam wss", "RWS_Name": "<Null>", "SUP_LEVEL": "24", "layer": "Sche_Puttlam", "path": "C:/Users/MB/Downloads/New folder (2)/Sem 05/Advanced GIS and Remote Sensing for Planning/WEB MAP/Shape Files/Shape Files/WSS Shape Files/Sche_Puttlam.shp" }, "geometry": { "type": "MultiPolygon", "coordinates": [ [ [ [ 79.859376819178706, 8.056977918850624 ], [ 79.859365696298923, 8.056953982637399 ], [ 79.859392430474159, 8.056927457027815 ], [ 79.859377031084222, 8.056883289716868 ], [ 79.858809163239982, 8.056077676411974 ], [ 79.858241721795693, 8.055082804317145 ], [ 79.857199986182223, 8.053897615647609 ], [ 79.856158149362415, 8.052759738571721 ], [ 79.855068740001329, 8.051669068840242 ], [ 79.854168692123906, 8.050815392995046 ], [ 79.85359988369035, 8.050435603994993 ], [ 79.852793291350338, 8.050244539200166 ], [ 79.851559882719897, 8.04986325928917 ], [ 79.850231105911874, 8.049671020663187 ], [ 79.848712658694964, 8.049383721185604 ], [ 79.847620814607723, 8.049381264834825 ], [ 79.846576764410145, 8.049236970228351 ], [ 79.84543830958755, 8.048855885939799 ], [ 79.844490172184734, 8.048285970967507 ], [ 79.84344795729109, 8.047337324453769 ], [ 79.842832770256848, 8.046484272041317 ], [ 79.841552562387136, 8.045818969936841 ], [ 79.840699595895657, 8.045154634770169 ], [ 79.840463644862893, 8.044539011136326 ], [ 79.840228451336316, 8.04359218794859 ], [ 79.83937646429365, 8.042502020847044 ], [ 79.838664730130546, 8.042358461419349 ], [ 79.836814137953695, 8.042023053744193 ], [ 79.836725265107347, 8.039373240487166 ], [ 79.833307305198971, 8.039412765449931 ], [ 79.832548327124655, 8.039174459390841 ], [ 79.832311521483575, 8.038937345766056 ], [ 79.832123491669066, 8.038132571432378 ], [ 79.83203018458255, 8.037422641667433 ], [ 79.832080593377185, 8.036145267320176 ], [ 79.831846292320222, 8.034819926855574 ], [ 79.831563435076404, 8.033967621218386 ], [ 79.831553102003184, 8.033936487390735 ], [ 79.831088304890173, 8.034155792792795 ], [ 79.830375935470272, 8.034296105435269 ], [ 79.829616205224468, 8.034388994732454 ], [ 79.829193303114536, 8.034423146767129 ], [ 79.829328768500446, 8.035523881493553 ], [ 79.829608717569485, 8.036529318373482 ], [ 79.82965832844144, 8.036707497360698 ], [ 79.829798009114185, 8.037890677184796 ], [ 79.829795717331493, 8.038884274726215 ], [ 79.829555420048678, 8.040161211598138 ], [ 79.829551925793496, 8.041675264271367 ], [ 79.829500523336449, 8.043378463842632 ], [ 79.829481561682769, 8.043567679042001 ], [ 79.829306160791987, 8.045317907426973 ], [ 79.829207394279663, 8.04697368426466 ], [ 79.829253334849966, 8.047636190888205 ], [ 79.829299274537775, 8.048298697500698 ], [ 79.829487300984468, 8.049103473536576 ], [ 79.830007954504239, 8.049767068538369 ], [ 79.830767167894095, 8.049910753780013 ], [ 79.831526600164025, 8.049959807452494 ], [ 79.832665150376599, 8.050293614953386 ], [ 79.833851391054282, 8.050532898593572 ], [ 79.834895110159366, 8.050819169090069 ], [ 79.8357491618696, 8.051010374681319 ], [ 79.836223009221285, 8.051389971120781 ], [ 79.836079074110572, 8.052052045306343 ], [ 79.835697236275522, 8.05295014840387 ], [ 79.835316049689496, 8.053564367214843 ], [ 79.83526727329749, 8.054132028071757 ], [ 79.83545509579028, 8.055031432218779 ], [ 79.835643570149116, 8.05564694901803 ], [ 79.836070058756491, 8.055979123562425 ], [ 79.836828852657675, 8.056312055280406 ], [ 79.837396239803809, 8.057306951219182 ], [ 79.838293985126228, 8.059154259328375 ], [ 79.83857610946788, 8.060337762886018 ], [ 79.839190761752278, 8.061427394817958 ], [ 79.83989949671259, 8.062895755454349 ], [ 79.840231266602018, 8.063133081434726 ], [ 79.842414592199972, 8.063327296237549 ], [ 79.843553405774728, 8.063566449001957 ], [ 79.844170556796342, 8.063567846288317 ], [ 79.84554673773161, 8.063807531791863 ], [ 79.846542813991547, 8.064188298737145 ], [ 79.853093373177728, 8.06453423773422 ], [ 79.854279887339146, 8.064678840132355 ], [ 79.855467040882331, 8.064539552202955 ], [ 79.856512518407214, 8.064068741094356 ], [ 79.856703688203496, 8.063501391866147 ], [ 79.856611081369067, 8.06246026231563 ], [ 79.856945838704931, 8.061372771903534 ], [ 79.857565430777129, 8.060285916178623 ], [ 79.858090073647105, 8.059198846639891 ], [ 79.858757449736132, 8.057970150381641 ], [ 79.859043663071262, 8.057355696006677 ], [ 79.859376819178706, 8.056977918850624 ] ] ] ] } },
{ "type": "Feature", "properties": { "OBJECTID_1": 532, "PROVINCE_N": "North Western", "DISTRICT_N": "Puttalam", "DSD_N": "Puttalam", "GND_N": "Mullipuram", "GND_C": "617A", "TOTAL_POPU": 3646, "EXIS_COVE": "YES", "SUP_LEV": null, "SCH_NAME": null, "RWS_SCHE": null, "PROJ_DETAI": "ON_GO", "WATER_SOUR": "Eluwankulama Tank", "PROJ_NAME": "Putthalam WSP- ADB 5th", "COVER_PER": 75, "P_POP": 4148, "GRO_RATE": 1.86, "COVE_2018": 75.0, "WATER_QUAL": "COMPLIED", "COVE_2020": 75.0, "COVE_2025": 75.0, "COVE_2030": 75.0, "Shape_Leng": null, "Shape_Area": null, "OBJECTID_2": 2427, "OBJECTID_3": 2427, "OBJECTID": 13194, "EX_SCH_NAM": "Puttlam wss", "RWS_Name": "<Null>", "SUP_LEVEL": "24", "layer": "Sche_Puttlam", "path": "C:/Users/MB/Downloads/New folder (2)/Sem 05/Advanced GIS and Remote Sensing for Planning/WEB MAP/Shape Files/Shape Files/WSS Shape Files/Sche_Puttlam.shp" }, "geometry": { "type": "MultiPolygon", "coordinates": [ [ [ [ 79.794436094333548, 8.071889809869718 ], [ 79.795049288593361, 8.071129634750074 ], [ 79.795172774842698, 8.069927970207546 ], [ 79.795537460957561, 8.068726879544721 ], [ 79.796987256465883, 8.067648568998569 ], [ 79.798557931992249, 8.066450342312441 ], [ 79.801092247419405, 8.065735177157082 ], [ 79.802443919624352, 8.066488216472283 ], [ 79.8028617243166, 8.06709374222871 ], [ 79.803609026502158, 8.067931192843442 ], [ 79.804330776443962, 8.06826183795207 ], [ 79.80482967127007, 8.068529724267792 ], [ 79.805142109070431, 8.068432668186752 ], [ 79.806037525476455, 8.06868430630133 ], [ 79.807889427666538, 8.068499413136063 ], [ 79.809741553817787, 8.068219882761785 ], [ 79.812258636488068, 8.067799959394563 ], [ 79.814822743841674, 8.067569387497938 ], [ 79.816390135510844, 8.067241847440011 ], [ 79.817674462879438, 8.066156614129101 ], [ 79.820290235846244, 8.06412818694956 ], [ 79.822478069205374, 8.062382633128337 ], [ 79.823905553575599, 8.060966508474493 ], [ 79.825239292596891, 8.059029704230278 ], [ 79.826812133990757, 8.056336415766253 ], [ 79.827861559215933, 8.054162373258984 ], [ 79.828243962498263, 8.05302770884356 ], [ 79.828869190862989, 8.049527883331359 ], [ 79.829253334849966, 8.047636190888205 ], [ 79.829207394279663, 8.04697368426466 ], [ 79.829306160791987, 8.045317907426973 ], [ 79.829481561682769, 8.043567679042001 ], [ 79.82945261575604, 8.043567612649522 ], [ 79.828360793251093, 8.043565106876724 ], [ 79.827838616527004, 8.043563907436234 ], [ 79.826889644482065, 8.043372467394601 ], [ 79.825988473023273, 8.043039193905773 ], [ 79.82376032894831, 8.041756572418064 ], [ 79.82219513053515, 8.041185187077135 ], [ 79.821674390102189, 8.040568897832818 ], [ 79.820660191133911, 8.039918632148986 ], [ 79.819488120548726, 8.041300322742831 ], [ 79.818139533639993, 8.042636442345334 ], [ 79.815820910534157, 8.044763012656704 ], [ 79.814071414407422, 8.046289501943617 ], [ 79.811422853413674, 8.048690768057963 ], [ 79.808683743415983, 8.050884748663538 ], [ 79.808041714917593, 8.0514412584065 ], [ 79.80722262627279, 8.052364049362088 ], [ 79.806564425753777, 8.0529842932986 ], [ 79.80566614650138, 8.053524251938736 ], [ 79.804606628122912, 8.054510244369348 ], [ 79.803868180289555, 8.055194065246685 ], [ 79.803386129148251, 8.055830661304542 ], [ 79.801835706686006, 8.056959144954329 ], [ 79.80117779369678, 8.057451831794292 ], [ 79.799813761132739, 8.058500860572808 ], [ 79.799235364262614, 8.059232880816303 ], [ 79.79732705196092, 8.060137119589667 ], [ 79.79676550510834, 8.060518422880463 ], [ 79.796860963558728, 8.060789686701968 ], [ 79.797069159819387, 8.060806124552149 ], [ 79.797245016001511, 8.060950032440935 ], [ 79.797180371149949, 8.061189028173006 ], [ 79.796987620120888, 8.061411775567736 ], [ 79.796730912612844, 8.061586541393918 ], [ 79.795869842966127, 8.062234781254238 ], [ 79.795275452014636, 8.062950814349799 ], [ 79.794135603884513, 8.064016296942862 ], [ 79.793736593302953, 8.064525878630549 ], [ 79.79352503681325, 8.064796061158555 ], [ 79.793122972310996, 8.06546471817601 ], [ 79.792768961555367, 8.066133490355373 ], [ 79.792431926870648, 8.066403720357512 ], [ 79.792270785672031, 8.066801916502067 ], [ 79.792081615430476, 8.067167044226245 ], [ 79.792144038284775, 8.067852754896254 ], [ 79.792328012716411, 8.068369377390532 ], [ 79.792382699519109, 8.068522943324513 ], [ 79.792381049107718, 8.069208498962793 ], [ 79.792283749856892, 8.06970250790671 ], [ 79.792138356276993, 8.070212344519215 ], [ 79.791800856577524, 8.070673891171378 ], [ 79.790477529453597, 8.072199475100756 ], [ 79.790076298306033, 8.072517378554148 ], [ 79.789578302772881, 8.073106084569977 ], [ 79.789400595994238, 8.073727445029647 ], [ 79.789303214406786, 8.074253338843725 ], [ 79.789013647442403, 8.074762827493631 ], [ 79.788804520602056, 8.075129020576911 ], [ 79.788755384896206, 8.075575313456218 ], [ 79.788914142846096, 8.076165595964071 ], [ 79.78907313518242, 8.076660217915844 ], [ 79.789136051762, 8.077138666354164 ], [ 79.789231123821239, 8.077569362820201 ], [ 79.789455191268203, 8.077649617381402 ], [ 79.789472404439437, 8.077155416759135 ], [ 79.789441986830994, 8.076485727752454 ], [ 79.789330780590788, 8.076102822682799 ], [ 79.789155270406525, 8.075815422497104 ], [ 79.789223173514443, 8.075427505409211 ], [ 79.789449168894478, 8.074710601792376 ], [ 79.789770616222924, 8.074264962130668 ], [ 79.790171964940271, 8.073899230303336 ], [ 79.790301037445957, 8.073516901571896 ], [ 79.790590293146053, 8.073134956734274 ], [ 79.790991639986643, 8.072769222956792 ], [ 79.791232225311276, 8.072642253457436 ], [ 79.791361178283466, 8.072307753151462 ], [ 79.791377774971295, 8.072068644920401 ], [ 79.791474576608806, 8.071781897685046 ], [ 79.791667413694938, 8.071527266765358 ], [ 79.792020240396198, 8.071352735197081 ], [ 79.79223879590333, 8.070969678395658 ], [ 79.792543605495652, 8.070779087731095 ], [ 79.792896508872801, 8.070572668086655 ], [ 79.793216800961417, 8.070605321903797 ], [ 79.793521148841222, 8.070606049098592 ], [ 79.793809594397743, 8.07055890700938 ], [ 79.794001662960852, 8.070623139546097 ], [ 79.794145176791403, 8.07089451777671 ], [ 79.793952151623273, 8.071228865393088 ], [ 79.793983038257721, 8.071707237287892 ], [ 79.794142685671503, 8.071930824807366 ], [ 79.794366983164963, 8.0719154175433 ], [ 79.794436094333548, 8.071889809869718 ] ] ] ] } },
{ "type": "Feature", "properties": { "OBJECTID_1": 533, "PROVINCE_N": "North Western", "DISTRICT_N": "Puttalam", "DSD_N": "Puttalam", "GND_N": "Manalthivu", "GND_C": "606", "TOTAL_POPU": 7556, "EXIS_COVE": "YES", "SUP_LEV": null, "SCH_NAME": null, "RWS_SCHE": null, "PROJ_DETAI": "ON_GO", "WATER_SOUR": "Eluwankulama Tank", "PROJ_NAME": "Putthalam WSP- ADB 5th", "COVER_PER": 75, "P_POP": 8596, "GRO_RATE": 1.86, "COVE_2018": 75.0, "WATER_QUAL": "COMPLIED", "COVE_2020": 75.0, "COVE_2025": 75.0, "COVE_2030": 75.0, "Shape_Leng": null, "Shape_Area": null, "OBJECTID_2": 2446, "OBJECTID_3": 2446, "OBJECTID": 13207, "EX_SCH_NAM": "Puttlam wss", "RWS_Name": "<Null>", "SUP_LEVEL": "24", "layer": "Sche_Puttlam", "path": "C:/Users/MB/Downloads/New folder (2)/Sem 05/Advanced GIS and Remote Sensing for Planning/WEB MAP/Shape Files/Shape Files/WSS Shape Files/Sche_Puttlam.shp" }, "geometry": { "type": "MultiPolygon", "coordinates": [ [ [ [ 79.868598114031698, 8.084284829123582 ], [ 79.868526403330065, 8.08406224836815 ], [ 79.868007750667743, 8.082452398976885 ], [ 79.867300567200331, 8.08022704021524 ], [ 79.86697045304868, 8.079232700104626 ], [ 79.866545811532689, 8.078048891328583 ], [ 79.866120960381494, 8.076959711535038 ], [ 79.865553688402926, 8.075870215229587 ], [ 79.865222630502331, 8.07530170487734 ], [ 79.864607148271858, 8.07454330471422 ], [ 79.864134513717431, 8.073595962218237 ], [ 79.863947362750864, 8.072365362675095 ], [ 79.863665157350752, 8.071181868027438 ], [ 79.863097053083621, 8.070470887223854 ], [ 79.862102105947059, 8.069569697790257 ], [ 79.861486531677926, 8.06885860890246 ], [ 79.861251385270663, 8.067864477217139 ], [ 79.861062654605334, 8.067343595766783 ], [ 79.860685195438634, 8.066301831825298 ], [ 79.860449416171008, 8.065591586404596 ], [ 79.860262276604814, 8.06436098725435 ], [ 79.860313458597503, 8.062705085819703 ], [ 79.860267996898713, 8.061806004391233 ], [ 79.86012854410383, 8.060480881617353 ], [ 79.859799517201893, 8.059013393735883 ], [ 79.859707220790526, 8.057830320183895 ], [ 79.859392430474159, 8.056927457027815 ], [ 79.859365696298923, 8.056953982637399 ], [ 79.859376819178706, 8.056977918850624 ], [ 79.859043663071262, 8.057355696006677 ], [ 79.858757449736132, 8.057970150381641 ], [ 79.858090073647105, 8.059198846639891 ], [ 79.857565430777129, 8.060285916178623 ], [ 79.856945838704931, 8.061372771903534 ], [ 79.856611081369067, 8.06246026231563 ], [ 79.856703688203496, 8.063501391866147 ], [ 79.856512518407214, 8.064068741094356 ], [ 79.855467040882331, 8.064539552202955 ], [ 79.854279887339146, 8.064678840132355 ], [ 79.853093373177728, 8.06453423773422 ], [ 79.846542813991547, 8.064188298737145 ], [ 79.84554673773161, 8.063807531791863 ], [ 79.844170556796342, 8.063567846288317 ], [ 79.843553405774728, 8.063566449001957 ], [ 79.842414592199972, 8.063327296237549 ], [ 79.840231266602018, 8.063133081434726 ], [ 79.83989949671259, 8.062895755454349 ], [ 79.839190761752278, 8.061427394817958 ], [ 79.83857610946788, 8.060337762886018 ], [ 79.838293985126228, 8.059154259328375 ], [ 79.837396239803809, 8.057306951219182 ], [ 79.836828852657675, 8.056312055280406 ], [ 79.836070058756491, 8.055979123562425 ], [ 79.835643570149116, 8.05564694901803 ], [ 79.83545509579028, 8.055031432218779 ], [ 79.83526727329749, 8.054132028071757 ], [ 79.835316049689496, 8.053564367214843 ], [ 79.835697236275522, 8.05295014840387 ], [ 79.836079074110572, 8.052052045306343 ], [ 79.836223009221285, 8.051389971120781 ], [ 79.8357491618696, 8.051010374681319 ], [ 79.834895110159366, 8.050819169090069 ], [ 79.833851391054282, 8.050532898593572 ], [ 79.832665150376599, 8.050293614953386 ], [ 79.831526600164025, 8.049959807452494 ], [ 79.830767167894095, 8.049910753780013 ], [ 79.830007954504239, 8.049767068538369 ], [ 79.829487300984468, 8.049103473536576 ], [ 79.829299274537775, 8.048298697500698 ], [ 79.829253334849966, 8.047636190888205 ], [ 79.828869190862989, 8.049527883331359 ], [ 79.828243962498263, 8.05302770884356 ], [ 79.827861559215933, 8.054162373258984 ], [ 79.826812133990757, 8.056336415766253 ], [ 79.825239292596891, 8.059029704230278 ], [ 79.823905553575599, 8.060966508474493 ], [ 79.822478069205374, 8.062382633128337 ], [ 79.820290235846244, 8.06412818694956 ], [ 79.817674462879438, 8.066156614129101 ], [ 79.816390135510844, 8.067241847440011 ], [ 79.814822743841674, 8.067569387497938 ], [ 79.812258636488068, 8.067799959394563 ], [ 79.809741553817787, 8.068219882761785 ], [ 79.807889427666538, 8.068499413136063 ], [ 79.806037525476455, 8.06868430630133 ], [ 79.805142109070431, 8.068432668186752 ], [ 79.80482967127007, 8.068529724267792 ], [ 79.804330776443962, 8.06826183795207 ], [ 79.803609026502158, 8.067931192843442 ], [ 79.8028617243166, 8.06709374222871 ], [ 79.802443919624352, 8.066488216472283 ], [ 79.801092247419405, 8.065735177157082 ], [ 79.798557931992249, 8.066450342312441 ], [ 79.796987256465883, 8.067648568998569 ], [ 79.795537460957561, 8.068726879544721 ], [ 79.795172774842698, 8.069927970207546 ], [ 79.795049288593361, 8.071129634750074 ], [ 79.794436094333548, 8.071889809869718 ], [ 79.794623507025435, 8.071820368590213 ], [ 79.794815920132706, 8.071741111994555 ], [ 79.795071695099864, 8.071958561584669 ], [ 79.795179133630015, 8.072200773484266 ], [ 79.795343266695554, 8.07226849848402 ], [ 79.795807726500712, 8.072301492459143 ], [ 79.796256471348173, 8.072206902463684 ], [ 79.796609222529881, 8.07206425401216 ], [ 79.796817232454515, 8.072160408930666 ], [ 79.797073299335054, 8.072256678170319 ], [ 79.797409458099793, 8.072353138792931 ], [ 79.797328564041067, 8.072687754173403 ], [ 79.797584438599117, 8.072863739420571 ], [ 79.797808852179628, 8.072800500366901 ], [ 79.79843414562599, 8.072562838188935 ], [ 79.79885062581404, 8.072563828176262 ], [ 79.799122902617455, 8.072580418874107 ], [ 79.799475042582444, 8.072692857764505 ], [ 79.799795337469163, 8.072725505788709 ], [ 79.799939046510687, 8.072917166173967 ], [ 79.799874171794144, 8.073251821213132 ], [ 79.799680958159485, 8.073665889150281 ], [ 79.799375119372357, 8.074286950468366 ], [ 79.799472267502836, 8.075017871607862 ], [ 79.799679365574889, 8.075496663296208 ], [ 79.799774370865336, 8.075959244072862 ], [ 79.799613003698894, 8.076453103271994 ], [ 79.799419329258654, 8.077058488861168 ], [ 79.799273750724637, 8.077648044885844 ], [ 79.79876004590362, 8.078109179354742 ], [ 79.798342336942952, 8.078618370779466 ], [ 79.797812304576965, 8.079207010938768 ], [ 79.797058696355819, 8.079508138114718 ], [ 79.79683629737103, 8.079637184795125 ], [ 79.796593501014542, 8.079778064986186 ], [ 79.79617021386585, 8.07965326365578 ], [ 79.795763163354124, 8.07954172920615 ], [ 79.79548513705042, 8.079670056478387 ], [ 79.795243608724235, 8.080019595606441 ], [ 79.794872081285533, 8.080534666826699 ], [ 79.794500551047761, 8.081049739388174 ], [ 79.794073920949032, 8.081380407857171 ], [ 79.793758819668, 8.081527072464565 ], [ 79.793499041433066, 8.081766002373374 ], [ 79.793257954023588, 8.081931270051166 ], [ 79.792998883026399, 8.081875368849889 ], [ 79.792609947154162, 8.081929718929509 ], [ 79.792146639562375, 8.082112881085937 ], [ 79.791831940939815, 8.082093699695422 ], [ 79.791443713742822, 8.081853217132757 ], [ 79.791074226643673, 8.081520643322577 ], [ 79.790556667580859, 8.081169286651907 ], [ 79.790094250928831, 8.080983905229827 ], [ 79.78983505028674, 8.080983282974554 ], [ 79.78959418493011, 8.081056413075911 ], [ 79.789408371578205, 8.081332373367545 ], [ 79.789258138484797, 8.082362394092412 ], [ 79.789145757890509, 8.082896508886853 ], [ 79.789144152714684, 8.08355988035134 ], [ 79.789124524306303, 8.084020510417387 ], [ 79.788993940477084, 8.084425592618604 ], [ 79.788807923053056, 8.084785687812714 ], [ 79.788658536900158, 8.085309286694942 ], [ 79.788693691930618, 8.086083308628201 ], [ 79.788822312644783, 8.086489014911747 ], [ 79.789191846291544, 8.086803163765541 ], [ 79.789562454304644, 8.086675065039792 ], [ 79.789711462244114, 8.086306881676203 ], [ 79.78991641576448, 8.085772988318586 ], [ 79.790454722228532, 8.085203040500831 ], [ 79.790937100338382, 8.084790802087255 ], [ 79.791724416239219, 8.084792690408106 ], [ 79.792151363213094, 8.084333358927218 ], [ 79.792652456118731, 8.083837027859573 ], [ 79.793004188009576, 8.083856296536997 ], [ 79.793372215166983, 8.08479663762809 ], [ 79.793666984660689, 8.085405760748969 ], [ 79.794165991019838, 8.085775498256144 ], [ 79.794517814433377, 8.0857579113129 ], [ 79.795092433279294, 8.085482877791838 ], [ 79.795556051407232, 8.08517072444271 ], [ 79.796056833512324, 8.084803054271307 ], [ 79.796631981337327, 8.084307217365744 ], [ 79.796946640816543, 8.08434482167119 ], [ 79.797372387026229, 8.084382691438559 ], [ 79.797706005168564, 8.084236069195189 ], [ 79.798039798038687, 8.084015738410887 ], [ 79.798596295368426, 8.083574812386052 ], [ 79.799171262844055, 8.083152355882643 ], [ 79.799634565832918, 8.082969186433331 ], [ 79.800078607107721, 8.08309923103822 ], [ 79.800355135186635, 8.083597421670595 ], [ 79.800779781583131, 8.084095964006812 ], [ 79.801370531074951, 8.08481570282779 ], [ 79.802266728473256, 8.085367846073526 ], [ 79.802895261438749, 8.085774734053738 ], [ 79.803208824056739, 8.086273010190375 ], [ 79.803244314632934, 8.086918045686952 ], [ 79.803428713792584, 8.087231745100226 ], [ 79.803780362332844, 8.087287859535783 ], [ 79.804002101909504, 8.087472656177072 ], [ 79.803871881491588, 8.08773032799945 ], [ 79.803760090503602, 8.088024898249641 ], [ 79.80392615237119, 8.088264845319442 ], [ 79.804276573655287, 8.088836917023977 ], [ 79.804904056557078, 8.089686051997957 ], [ 79.805131360257946, 8.090363590810865 ], [ 79.805426500647002, 8.090824967423446 ], [ 79.805851336814072, 8.091249797566949 ], [ 79.806332418640892, 8.09137992600099 ], [ 79.806795029704631, 8.091491581932587 ], [ 79.807238468896159, 8.091879599953383 ], [ 79.807552041977999, 8.092377874700416 ], [ 79.807957926437965, 8.092986929045791 ], [ 79.808345430114358, 8.093540660150092 ], [ 79.808843936981233, 8.094131505845473 ], [ 79.809299656981551, 8.09445876342131 ], [ 79.810379011332316, 8.096896228900858 ], [ 79.810693025863031, 8.097210231309791 ], [ 79.811595999055939, 8.09772146703577 ], [ 79.812339783942519, 8.097954713416426 ], [ 79.813008217577689, 8.098576697503498 ], [ 79.813573233430191, 8.099652173244186 ], [ 79.813917593188719, 8.100967265236482 ], [ 79.814065541415985, 8.101356528588477 ], [ 79.814174270093559, 8.101757050538854 ], [ 79.814424490609468, 8.103014894897571 ], [ 79.814389758066596, 8.1035436139039 ], [ 79.814437238504098, 8.103953576045331 ], [ 79.814799665989625, 8.104352223220488 ], [ 79.815536522236854, 8.105197762336006 ], [ 79.815837623895405, 8.105921736997542 ], [ 79.816213996273802, 8.106956029216393 ], [ 79.816381947858332, 8.107643525610319 ], [ 79.816562239629008, 8.108234617049034 ], [ 79.816560874306745, 8.108813227765566 ], [ 79.816669119023501, 8.10913895253883 ], [ 79.816836575395129, 8.109699243851173 ], [ 79.816988970592362, 8.109716317703993 ], [ 79.817161166287065, 8.109706550286363 ], [ 79.817553427645151, 8.109706055676954 ], [ 79.817934135926251, 8.109705816650678 ], [ 79.818314745949607, 8.10971687890898 ], [ 79.818753175310874, 8.1097967344368 ], [ 79.819168437086788, 8.109842347648524 ], [ 79.819572014181276, 8.109853180336911 ], [ 79.819952509607688, 8.10985293894255 ], [ 79.820344438096967, 8.109783500340313 ], [ 79.820724794562778, 8.109691429682508 ], [ 79.821093527420643, 8.109599049442208 ], [ 79.821462309925877, 8.109575892529552 ], [ 79.821888808704855, 8.109575191463195 ], [ 79.822280635090834, 8.109609445919148 ], [ 79.822684000093332, 8.109620274109373 ], [ 79.823098775432385, 8.109631411461081 ], [ 79.823467512504564, 8.10968849601289 ], [ 79.823836256919819, 8.109802938696106 ], [ 79.824193560587815, 8.110020482847235 ], [ 79.824516255556205, 8.110215343410621 ], [ 79.824908055011264, 8.110352723768383 ], [ 79.825276731345241, 8.11037533587197 ], [ 79.825645242163915, 8.110317421725812 ], [ 79.825990665481442, 8.110098966756304 ], [ 79.826105600180099, 8.109720054894202 ], [ 79.826335682709683, 8.10938690066555 ], [ 79.826669673599014, 8.109237360032198 ], [ 79.827049667930822, 8.109087642725342 ], [ 79.827372106018998, 8.108846247199748 ], [ 79.8276367772269, 8.108513171279641 ], [ 79.827809212454099, 8.108156996562158 ], [ 79.827935618631159, 8.107812581257766 ], [ 79.828073516458247, 8.107433438683863 ], [ 79.828303630196743, 8.107146337854585 ], [ 79.828649305494039, 8.10703101104437 ], [ 79.829041157743575, 8.107053673039871 ], [ 79.82938700765736, 8.107168056775443 ], [ 79.82970998746822, 8.107362913031277 ], [ 79.829998341082856, 8.107603745707383 ], [ 79.830286757988247, 8.107878765279962 ], [ 79.830621291928935, 8.108165476074422 ], [ 79.830978907730383, 8.108463541827174 ], [ 79.831278807879258, 8.108738870333273 ], [ 79.831567207960802, 8.108991003213417 ], [ 79.831855563862547, 8.109323662408336 ], [ 79.83204031784112, 8.109644779767857 ], [ 79.832248028136974, 8.110000421734703 ], [ 79.832432612456969, 8.110333122594483 ], [ 79.832559560615465, 8.11070044531305 ], [ 79.832651946277238, 8.111056103445975 ], [ 79.832778885576118, 8.111457896951247 ], [ 79.832871164671545, 8.111859609668443 ], [ 79.832974953498592, 8.112249764886627 ], [ 79.833159468496703, 8.112582466307403 ], [ 79.833517019558926, 8.112696874123216 ], [ 79.833874509430913, 8.112593154495398 ], [ 79.834255081327171, 8.112408961021297 ], [ 79.834681858156188, 8.112167517531525 ], [ 79.835097063241378, 8.111903159185568 ], [ 79.835431497414305, 8.111684670543942 ], [ 79.835777494584278, 8.111431737276728 ], [ 79.836146624139218, 8.111167272756147 ], [ 79.836538721076991, 8.110902576650236 ], [ 79.836896260621586, 8.110684139641165 ], [ 79.837265336232619, 8.110442842771413 ], [ 79.83758814267172, 8.110132497681821 ], [ 79.837853339405413, 8.109845188325153 ], [ 79.83811853485166, 8.109557878747033 ], [ 79.838360623082849, 8.109270516937913 ], [ 79.838648810675366, 8.108971675545307 ], [ 79.838960087520761, 8.108649999864539 ], [ 79.839236745959241, 8.108339829629173 ], [ 79.839490350551003, 8.108006438363475 ], [ 79.839732346443228, 8.107696470514009 ], [ 79.839985826110322, 8.107386246625834 ], [ 79.840216321176356, 8.107053084037542 ], [ 79.84037750245642, 8.106685291110239 ], [ 79.840423285978247, 8.106318082601815 ], [ 79.840434408486715, 8.105950794905548 ], [ 79.840341734921793, 8.105594854159945 ], [ 79.840456787919621, 8.10525040771601 ], [ 79.840825759704089, 8.105020408477904 ], [ 79.841206294137962, 8.104847792158651 ], [ 79.841540685864089, 8.104675070197038 ], [ 79.841840492578996, 8.104468363227028 ], [ 79.842186319645805, 8.104192253917645 ], [ 79.84253210817279, 8.103870653373077 ], [ 79.84280870124617, 8.103617555580341 ], [ 79.843120024797841, 8.103364817826407 ], [ 79.843431243069887, 8.103157853360822 ], [ 79.843857901202327, 8.102962169295308 ], [ 79.844238548289795, 8.102800851982398 ], [ 79.844607571351446, 8.102639790859769 ], [ 79.84496503909341, 8.102478702211537 ], [ 79.845310961398056, 8.102283116926207 ], [ 79.845576068643112, 8.102030272032408 ], [ 79.845460174368384, 8.101628790232951 ], [ 79.84518294991841, 8.101353523081858 ], [ 79.844974824891622, 8.101020771861315 ], [ 79.844962734859962, 8.100573186841295 ], [ 79.845008425318611, 8.100182808850505 ], [ 79.845030891549726, 8.099780792228668 ], [ 79.845053481957109, 8.099356172860045 ], [ 79.845064509907587, 8.098965714292527 ], [ 79.845063992965294, 8.098541042427378 ], [ 79.845063557141344, 8.098173727734009 ], [ 79.845155407099355, 8.097806340462089 ], [ 79.845466583626049, 8.097553316855508 ], [ 79.845847072214852, 8.097334922093591 ], [ 79.846216089315817, 8.097173575837713 ], [ 79.84660820470242, 8.097047035563572 ], [ 79.846965704684152, 8.096931717524166 ], [ 79.847415524651183, 8.096770553146236 ], [ 79.847796022424134, 8.096609514329476 ], [ 79.848176546319223, 8.096436890210297 ], [ 79.848499445153379, 8.096264135374698 ], [ 79.848798937839177, 8.095942423389211 ], [ 79.84899466910035, 8.095586289496296 ], [ 79.849224925279415, 8.095195760648741 ], [ 79.849466817681261, 8.09486261678256 ], [ 79.849720236099245, 8.094540800728648 ], [ 79.849915958197371, 8.094219135408055 ], [ 79.849857731264265, 8.093829086639362 ], [ 79.849626542803733, 8.09350787058535 ], [ 79.849314678311174, 8.093255697265281 ], [ 79.848956690818582, 8.093026306478521 ], [ 79.848598702202537, 8.092797197514663 ], [ 79.848344524535122, 8.092487512998883 ], [ 79.848274719604376, 8.092108739058382 ], [ 79.848262708602149, 8.09171851171943 ], [ 79.848319893894256, 8.091351044765382 ], [ 79.848411667973693, 8.090983655068705 ], [ 79.848480458862269, 8.090593327334355 ], [ 79.848549153095433, 8.090214301323355 ], [ 79.848663996543664, 8.08980090853092 ], [ 79.848778895194457, 8.089456457852778 ], [ 79.84891685559586, 8.089100192129475 ], [ 79.849089393610384, 8.088686929423135 ], [ 79.84929666658573, 8.088365291040287 ], [ 79.849596331215622, 8.088089351945776 ], [ 79.849976947844382, 8.087996969385678 ], [ 79.850392189996384, 8.087950719650065 ], [ 79.850761398989363, 8.087950138764564 ], [ 79.851188303319731, 8.087949688430696 ], [ 79.851638313403896, 8.087949289678834 ], [ 79.852053638731618, 8.087960396452264 ], [ 79.852480505107678, 8.087913887723893 ], [ 79.852872611486021, 8.087787058056987 ], [ 79.853229999480106, 8.087591488997912 ], [ 79.853587438926354, 8.087373033619976 ], [ 79.853933274326778, 8.087177438812198 ], [ 79.854290789479634, 8.087050811156601 ], [ 79.854660004526096, 8.08701603858529 ], [ 79.855109988481374, 8.08702693692875 ], [ 79.855571500113498, 8.087049445623085 ], [ 79.855963744628284, 8.087048912489944 ], [ 79.856332959699785, 8.087014138390657 ], [ 79.856702066277506, 8.086933307597763 ], [ 79.857059644464485, 8.086841149553898 ], [ 79.857463210784061, 8.086691452936732 ], [ 79.857843792562008, 8.086518819285848 ], [ 79.85824730119711, 8.086300179453605 ], [ 79.858604731986759, 8.086115908259284 ], [ 79.858950582070094, 8.085943477058034 ], [ 79.859296568241206, 8.085805234868044 ], [ 79.859665589065884, 8.085667043759919 ], [ 79.860057709552777, 8.085563374953054 ], [ 79.860426885179095, 8.085482540718068 ], [ 79.860807562147016, 8.085424619702261 ], [ 79.86119982445004, 8.08544724963855 ], [ 79.861592196514195, 8.08551565261857 ], [ 79.86204237452371, 8.085629957974703 ], [ 79.862434785994239, 8.085744134352506 ], [ 79.86278121053995, 8.085916130515141 ], [ 79.863127544827933, 8.086064956164767 ], [ 79.863520001972233, 8.086190716703962 ], [ 79.863923819835676, 8.086213086796516 ], [ 79.864362154043533, 8.086109234346708 ], [ 79.864708007567913, 8.085902326830585 ], [ 79.865007610139344, 8.085649544072764 ], [ 79.865261095867581, 8.085385073749812 ], [ 79.865537531865428, 8.085063295857571 ], [ 79.865825566044919, 8.084753129367018 ], [ 79.866159826117766, 8.084500139382291 ], [ 79.866482572747657, 8.084293178913246 ], [ 79.866840063441103, 8.08414337123517 ], [ 79.867197502287837, 8.084016731368221 ], [ 79.867555167948623, 8.083947449952388 ], [ 79.867924257732909, 8.083935550854877 ], [ 79.868270644610931, 8.084061487024826 ], [ 79.868598114031698, 8.084284829123582 ] ] ] ] } },
{ "type": "Feature", "properties": { "OBJECTID_1": 534, "PROVINCE_N": "North Western", "DISTRICT_N": "Puttalam", "DSD_N": "Anamaduwa", "GND_N": "Viharagama", "GND_C": "649A", "TOTAL_POPU": 743, "EXIS_COVE": "YES", "SUP_LEV": null, "SCH_NAME": null, "RWS_SCHE": null, "PROJ_DETAI": "<Null>", "WATER_SOUR": "Magalla Wewa", "PROJ_NAME": "<Null>", "COVER_PER": 50, "P_POP": 0, "GRO_RATE": 0.0, "COVE_2018": 50.0, "WATER_QUAL": "COMPLIED", "COVE_2020": 50.0, "COVE_2025": 50.0, "COVE_2030": 50.0, "Shape_Leng": null, "Shape_Area": null, "OBJECTID_2": 220, "OBJECTID_3": 220, "OBJECTID": 13141, "EX_SCH_NAM": "Nikaweratiya WSS", "RWS_Name": "<Null>", "SUP_LEVEL": "24", "layer": "Sche_Puttlam", "path": "C:/Users/MB/Downloads/New folder (2)/Sem 05/Advanced GIS and Remote Sensing for Planning/WEB MAP/Shape Files/Shape Files/WSS Shape Files/Sche_Puttlam.shp" }, "geometry": { "type": "MultiPolygon", "coordinates": [ [ [ [ 79.934880685840255, 7.915899042491969 ], [ 79.933875299436124, 7.91364148889437 ], [ 79.932975611320785, 7.910881819535224 ], [ 79.931724399489084, 7.90787072795957 ], [ 79.931073958673309, 7.906214702479942 ], [ 79.928413808637885, 7.903601911025749 ], [ 79.92835791547229, 7.903545955778831 ], [ 79.927972288945583, 7.903689662466199 ], [ 79.926881901311987, 7.904096001664334 ], [ 79.925607794441802, 7.904575785211509 ], [ 79.923799180517477, 7.904952930403021 ], [ 79.922601196276702, 7.90555979509835 ], [ 79.922243276436546, 7.90625550927852 ], [ 79.922121100201139, 7.906340105766312 ], [ 79.922040053464855, 7.906753321749021 ], [ 79.922039915683428, 7.907132231197636 ], [ 79.922040204177307, 7.907141484291174 ], [ 79.922051350474192, 7.907499578881193 ], [ 79.922097430949123, 7.907901186915383 ], [ 79.922120106592644, 7.908349085819628 ], [ 79.922154473027135, 7.908762254412537 ], [ 79.922211795396578, 7.909244413665212 ], [ 79.922257521262097, 7.909611548981397 ], [ 79.922303154418955, 7.910128156429116 ], [ 79.922348879803025, 7.910495573842785 ], [ 79.922394440116548, 7.910943237169973 ], [ 79.922440191176349, 7.911367731188758 ], [ 79.922520539221637, 7.911815465272436 ], [ 79.922600723898015, 7.912308973287009 ], [ 79.922692480052163, 7.912859863494756 ], [ 79.922807358420798, 7.913433688308311 ], [ 79.922956812375006, 7.9141109993677 ], [ 79.92309486011797, 7.914719060236149 ], [ 79.923233002028908, 7.915315819890226 ], [ 79.92335964192263, 7.915889668550353 ], [ 79.923463327155119, 7.916429281553255 ], [ 79.923578489785839, 7.916968633963713 ], [ 79.923682267798512, 7.917462190754675 ], [ 79.923751589402414, 7.91793278900319 ], [ 79.923866918193596, 7.91839161335738 ], [ 79.923959288548886, 7.918782013089045 ], [ 79.924040160860443, 7.919321296652599 ], [ 79.92401725634123, 7.91974621617028 ], [ 79.9239827811693, 7.920182414442211 ], [ 79.923936922573617, 7.920676231223172 ], [ 79.923891136030079, 7.921169765113528 ], [ 79.923866632979312, 7.921439572331239 ], [ 79.924131475929684, 7.921562095903914 ], [ 79.925437870458694, 7.922166462608704 ], [ 79.927248734551938, 7.922019706102749 ], [ 79.928656333898857, 7.922323411912735 ], [ 79.929410224974561, 7.922575650550775 ], [ 79.930566768001995, 7.92267827133027 ], [ 79.930580992970476, 7.922688444979491 ], [ 79.93128846722567, 7.921762753338982 ], [ 79.932030694916421, 7.920769552239885 ], [ 79.932595458848041, 7.92000060190333 ], [ 79.933288919594915, 7.919247953144501 ], [ 79.93341943596765, 7.91836582288802 ], [ 79.933662397044202, 7.917580179780471 ], [ 79.934114382880793, 7.916875173627223 ], [ 79.934880685840255, 7.915899042491969 ] ] ] ] } },
{ "type": "Feature", "properties": { "OBJECTID_1": 535, "PROVINCE_N": "North Western", "DISTRICT_N": "Puttalam", "DSD_N": "Anamaduwa", "GND_N": "Anamaduwa", "GND_C": "656A", "TOTAL_POPU": 1813, "EXIS_COVE": "YES", "SUP_LEV": null, "SCH_NAME": null, "RWS_SCHE": null, "PROJ_DETAI": "ON_GO", "WATER_SOUR": "Bore Hole", "PROJ_NAME": "Anamaduwa IWSP", "COVER_PER": 50, "P_POP": 2084, "GRO_RATE": 1.1, "COVE_2018": 50.0, "WATER_QUAL": "NON_COMP", "COVE_2020": 50.0, "COVE_2025": 50.0, "COVE_2030": 50.0, "Shape_Leng": null, "Shape_Area": null, "OBJECTID_2": 193, "OBJECTID_3": 193, "OBJECTID": 13119, "EX_SCH_NAM": "Anamaduwa wss", "RWS_Name": "<Null>", "SUP_LEVEL": "24", "layer": "Sche_Puttlam", "path": "C:/Users/MB/Downloads/New folder (2)/Sem 05/Advanced GIS and Remote Sensing for Planning/WEB MAP/Shape Files/Shape Files/WSS Shape Files/Sche_Puttlam.shp" }, "geometry": { "type": "MultiPolygon", "coordinates": [ [ [ [ 80.011459723612788, 7.883610158880909 ], [ 80.011433946041109, 7.882560812961039 ], [ 80.011490642602638, 7.881842973758215 ], [ 80.011464007174055, 7.881263049785625 ], [ 80.011658464753737, 7.880932044475308 ], [ 80.012212379533992, 7.880905436154616 ], [ 80.011771805458423, 7.879523979115502 ], [ 80.01090014020329, 7.877690181311156 ], [ 80.010392446612911, 7.876622096133792 ], [ 80.009786331247781, 7.874908980059399 ], [ 80.009482920997854, 7.874245713642864 ], [ 80.009263146039444, 7.873278853682783 ], [ 80.007910148873506, 7.871122567602798 ], [ 80.006970880218162, 7.8698782665155 ], [ 80.006086393529486, 7.86896541973451 ], [ 80.005505665181005, 7.868522550156878 ], [ 80.004150619756942, 7.86749838865418 ], [ 80.003210200968496, 7.866889179609859 ], [ 80.002158965936488, 7.866307379020291 ], [ 80.000776498053327, 7.865145092399108 ], [ 79.999601594899502, 7.864023904297321 ], [ 79.999599102001554, 7.864021525279937 ], [ 79.999587832362963, 7.864010771684034 ], [ 79.999574080187813, 7.864028814159274 ], [ 79.99957103778469, 7.864032805137302 ], [ 79.998116574550053, 7.865940979112219 ], [ 79.997672629411056, 7.866409583326281 ], [ 79.996757148848175, 7.867291512301468 ], [ 79.995509561541056, 7.868062374005753 ], [ 79.994907830165744, 7.868704434115394 ], [ 79.99401119416045, 7.869661157371175 ], [ 79.992347178095159, 7.870983496476954 ], [ 79.991183218031225, 7.871450754481901 ], [ 79.990434384480039, 7.872056847212658 ], [ 79.989490872103204, 7.873104383487437 ], [ 79.990597695272996, 7.873575867517904 ], [ 79.992701197798752, 7.874187266205006 ], [ 79.998568662564267, 7.876020585741269 ], [ 79.999897098588406, 7.87646484204682 ], [ 80.000644448423529, 7.876659509099696 ], [ 80.00296917152842, 7.877464558013052 ], [ 80.004048281273967, 7.877963571602248 ], [ 80.005015756933318, 7.878931799632005 ], [ 80.005594568970523, 7.880423967212025 ], [ 80.00578689859951, 7.881252711889639 ], [ 80.006088631062269, 7.882827210164824 ], [ 80.00609757011452, 7.882873854406512 ], [ 80.006116273937721, 7.882854874113794 ], [ 80.007085792739318, 7.882718579220967 ], [ 80.008525641996442, 7.882831656442215 ], [ 80.010158488966823, 7.88341450394765 ], [ 80.011459723612788, 7.883610158880909 ] ] ] ] } },
{ "type": "Feature", "properties": { "OBJECTID_1": 536, "PROVINCE_N": "North Western", "DISTRICT_N": "Puttalam", "DSD_N": "Anamaduwa", "GND_N": "Thattewa", "GND_C": "656", "TOTAL_POPU": 1234, "EXIS_COVE": "YES", "SUP_LEV": null, "SCH_NAME": null, "RWS_SCHE": null, "PROJ_DETAI": "ON_GO", "WATER_SOUR": "Bore Hole", "PROJ_NAME": "Anamaduwa IWSP", "COVER_PER": 75, "P_POP": 1568, "GRO_RATE": 1.1, "COVE_2018": 25.0, "WATER_QUAL": "NON_COMP", "COVE_2020": 75.0, "COVE_2025": 75.0, "COVE_2030": 75.0, "Shape_Leng": null, "Shape_Area": null, "OBJECTID_2": 199, "OBJECTID_3": 199, "OBJECTID": 13123, "EX_SCH_NAM": "Anamaduwa wss", "RWS_Name": "<Null>", "SUP_LEVEL": "24", "layer": "Sche_Puttlam", "path": "C:/Users/MB/Downloads/New folder (2)/Sem 05/Advanced GIS and Remote Sensing for Planning/WEB MAP/Shape Files/Shape Files/WSS Shape Files/Sche_Puttlam.shp" }, "geometry": { "type": "MultiPolygon", "coordinates": [ [ [ [ 80.000490359308102, 7.888552458166721 ], [ 80.000513701359523, 7.888540263707582 ], [ 80.00609757011452, 7.882873854406512 ], [ 80.006088631062269, 7.882827210164824 ], [ 80.00578689859951, 7.881252711889639 ], [ 80.005594568970523, 7.880423967212025 ], [ 80.005015756933318, 7.878931799632005 ], [ 80.004048281273967, 7.877963571602248 ], [ 80.00296917152842, 7.877464558013052 ], [ 80.000644448423529, 7.876659509099696 ], [ 79.999897098588406, 7.87646484204682 ], [ 79.998568662564267, 7.876020585741269 ], [ 79.992701197798752, 7.874187266205006 ], [ 79.990597695272996, 7.873575867517904 ], [ 79.989490872103204, 7.873104383487437 ], [ 79.990434384480039, 7.872056847212658 ], [ 79.991183218031225, 7.871450754481901 ], [ 79.992347178095159, 7.870983496476954 ], [ 79.99401119416045, 7.869661157371175 ], [ 79.994907830165744, 7.868704434115394 ], [ 79.994154904348989, 7.866844892441957 ], [ 79.99310512631483, 7.865489906704752 ], [ 79.992026321964588, 7.86485280451684 ], [ 79.991030803565607, 7.864105403044121 ], [ 79.99033948639277, 7.863579469779086 ], [ 79.989093246502065, 7.863632375046856 ], [ 79.98779100101693, 7.864016528562558 ], [ 79.986100597690466, 7.864648468180393 ], [ 79.984797826643771, 7.865308741359602 ], [ 79.984091485960164, 7.865680945007197 ], [ 79.982552530711772, 7.866491886039272 ], [ 79.981110765763717, 7.867428013743176 ], [ 79.979420918202948, 7.86775618346189 ], [ 79.978590312172955, 7.867671775915239 ], [ 79.977509793510961, 7.86794586292276 ], [ 79.975792356206654, 7.868218738809968 ], [ 79.975319113085959, 7.869515649783865 ], [ 79.974989612761235, 7.870066377110036 ], [ 79.975024951482325, 7.870217426015311 ], [ 79.975059002341794, 7.8710714083102 ], [ 79.974879979500543, 7.871391287683952 ], [ 79.974806576310442, 7.872458544751204 ], [ 79.974555168296433, 7.873311983648621 ], [ 79.973768794907429, 7.874022086192483 ], [ 79.973418157366993, 7.874178617043533 ], [ 79.973910095142003, 7.874769532822714 ], [ 79.97444397179494, 7.875482145867173 ], [ 79.974799844906386, 7.875980940329104 ], [ 79.975154563071015, 7.877084590766939 ], [ 79.975651947029647, 7.878224091188023 ], [ 79.976364176516867, 7.878972621199597 ], [ 79.977112296168983, 7.879614477877256 ], [ 79.977932325940884, 7.879971831251136 ], [ 79.97896659029189, 7.880258428151711 ], [ 79.98017981247898, 7.880260721242392 ], [ 79.982075915413162, 7.880396989883902 ], [ 79.982220416416041, 7.879938968709356 ], [ 79.983126470485786, 7.879489382142406 ], [ 79.984284061042388, 7.8789901219106 ], [ 79.985692052103246, 7.879042907742438 ], [ 79.987401117361657, 7.879447258628033 ], [ 79.988706460635115, 7.880603003931773 ], [ 79.990766713725733, 7.88145929197618 ], [ 79.993128993085151, 7.882165699394626 ], [ 79.994786948617005, 7.883021220501678 ], [ 79.996745903102934, 7.884278442901068 ], [ 79.998050729991334, 7.885735025501387 ], [ 79.99935528773112, 7.88734203438233 ], [ 80.000308381124498, 7.888647529673175 ], [ 80.000490359308102, 7.888552458166721 ] ] ] ] } },
{ "type": "Feature", "properties": { "OBJECTID_1": 537, "PROVINCE_N": "North Western", "DISTRICT_N": "Puttalam", "DSD_N": "Anamaduwa", "GND_N": "Thammennagama", "GND_C": "656B", "TOTAL_POPU": 1820, "EXIS_COVE": "YES", "SUP_LEV": null, "SCH_NAME": null, "RWS_SCHE": null, "PROJ_DETAI": "ON_GO", "WATER_SOUR": "Bore Hole", "PROJ_NAME": "Anamaduwa IWSP", "COVER_PER": 75, "P_POP": 2264, "GRO_RATE": 1.1, "COVE_2018": 75.0, "WATER_QUAL": "NON_COMP", "COVE_2020": 75.0, "COVE_2025": 75.0, "COVE_2030": 75.0, "Shape_Leng": null, "Shape_Area": null, "OBJECTID_2": 205, "OBJECTID_3": 205, "OBJECTID": 13129, "EX_SCH_NAM": "Anamaduwa wss", "RWS_Name": "<Null>", "SUP_LEVEL": "24", "layer": "Sche_Puttlam", "path": "C:/Users/MB/Downloads/New folder (2)/Sem 05/Advanced GIS and Remote Sensing for Planning/WEB MAP/Shape Files/Shape Files/WSS Shape Files/Sche_Puttlam.shp" }, "geometry": { "type": "MultiPolygon", "coordinates": [ [ [ [ 80.011230338857345, 7.897477760867918 ], [ 80.0119391065423, 7.897110692191765 ], [ 80.013299076276283, 7.895959850216882 ], [ 80.014709054502234, 7.894959524995548 ], [ 80.015616298662621, 7.893857999087659 ], [ 80.015650310134987, 7.893816704074194 ], [ 80.016272801595861, 7.892587164356405 ], [ 80.016984538596532, 7.891432718358312 ], [ 80.018731344784555, 7.889397030761407 ], [ 80.019943438303187, 7.888034801939836 ], [ 80.02041196984905, 7.887586187002983 ], [ 80.020432655102681, 7.887571040705852 ], [ 80.020445118046709, 7.887499585657203 ], [ 80.020594460263666, 7.88736569123938 ], [ 80.019755248555185, 7.881136833515148 ], [ 80.019144824592757, 7.878428977097181 ], [ 80.018500625431855, 7.874385722959021 ], [ 80.018249939011, 7.872905577037042 ], [ 80.017733703597315, 7.872009613878863 ], [ 80.01437105144322, 7.874237946641062 ], [ 80.012491044512657, 7.876012353776024 ], [ 80.01090014020329, 7.877690181311156 ], [ 80.011771805458423, 7.879523979115502 ], [ 80.012212379533992, 7.880905436154616 ], [ 80.011658464753737, 7.880932044475308 ], [ 80.011464007174055, 7.881263049785625 ], [ 80.011490642602638, 7.881842973758215 ], [ 80.011433946041109, 7.882560812961039 ], [ 80.011459723612788, 7.883610158880909 ], [ 80.010158488966823, 7.88341450394765 ], [ 80.008525641996442, 7.882831656442215 ], [ 80.007085792739318, 7.882718579220967 ], [ 80.006116273937721, 7.882854874113794 ], [ 80.00609757011452, 7.882873854406512 ], [ 80.000513701359523, 7.888540263707582 ], [ 80.000490359308102, 7.888552458166721 ], [ 80.0005853740264, 7.890571219263403 ], [ 80.000932390019827, 7.893279624564013 ], [ 80.001532071854157, 7.895336624001401 ], [ 80.002049074661855, 7.896545586218198 ], [ 80.00213296526411, 7.896741756879623 ], [ 80.003388853971913, 7.897496222862575 ], [ 80.004896481335862, 7.89810071517517 ], [ 80.006807368634526, 7.89820450252209 ], [ 80.008668149017481, 7.898207902014995 ], [ 80.01078130654102, 7.897710314295611 ], [ 80.011230338857345, 7.897477760867918 ] ] ] ] } },
{ "type": "Feature", "properties": { "OBJECTID_1": 538, "PROVINCE_N": "North Western", "DISTRICT_N": "Puttalam", "DSD_N": "Anamaduwa", "GND_N": "Paramakandagama", "GND_C": "650C", "TOTAL_POPU": 907, "EXIS_COVE": "YES", "SUP_LEV": null, "SCH_NAME": null, "RWS_SCHE": null, "PROJ_DETAI": "ON_GO", "WATER_SOUR": "Bore Hole", "PROJ_NAME": "Anamaduwa IWSP", "COVER_PER": 50, "P_POP": 717, "GRO_RATE": 1.1, "COVE_2018": 50.0, "WATER_QUAL": "NON_COMP", "COVE_2020": 50.0, "COVE_2025": 50.0, "COVE_2030": 50.0, "Shape_Leng": null, "Shape_Area": null, "OBJECTID_2": 210, "OBJECTID_3": 210, "OBJECTID": 13134, "EX_SCH_NAM": "Anamaduwa wss", "RWS_Name": "<Null>", "SUP_LEVEL": "24", "layer": "Sche_Puttlam", "path": "C:/Users/MB/Downloads/New folder (2)/Sem 05/Advanced GIS and Remote Sensing for Planning/WEB MAP/Shape Files/Shape Files/WSS Shape Files/Sche_Puttlam.shp" }, "geometry": { "type": "MultiPolygon", "coordinates": [ [ [ [ 80.010161818407269, 7.906434221331339 ], [ 80.010220016527128, 7.902121954374318 ], [ 80.010626116981186, 7.900066794352576 ], [ 80.011230338857345, 7.897477760867918 ], [ 80.01078130654102, 7.897710314295611 ], [ 80.008668149017481, 7.898207902014995 ], [ 80.006807368634526, 7.89820450252209 ], [ 80.004896481335862, 7.89810071517517 ], [ 80.003388853971913, 7.897496222862575 ], [ 80.00213296526411, 7.896741756879623 ], [ 80.002049074661855, 7.896545586218198 ], [ 80.002032661411988, 7.896591140400938 ], [ 80.001779905355491, 7.897292688618158 ], [ 80.00132589114115, 7.898044009224147 ], [ 80.000671732705825, 7.898243378810852 ], [ 80.000117690138381, 7.898693650568573 ], [ 79.999312097509517, 7.899193601094468 ], [ 79.999009137188466, 7.89984490998472 ], [ 79.99860559270418, 7.900496032549196 ], [ 79.998704030569812, 7.901649521749524 ], [ 79.99880265523646, 7.902702722821976 ], [ 79.999102448012181, 7.9037562958416 ], [ 79.999402055602616, 7.904910155934723 ], [ 79.999500122605369, 7.906264218497422 ], [ 79.999598842506558, 7.907267276310684 ], [ 79.999609603857095, 7.9072729818118 ], [ 80.000452974677515, 7.907720147781278 ], [ 80.001558198975189, 7.908374055895234 ], [ 80.002513014886432, 7.908776965861214 ], [ 80.003468017504801, 7.909079586542446 ], [ 80.004172484784377, 7.908880306625248 ], [ 80.004828142130918, 7.907878634657559 ], [ 80.005882434275804, 7.908883445775146 ], [ 80.006182340928319, 7.909886871442375 ], [ 80.00648261952044, 7.910689723224304 ], [ 80.007387059747927, 7.911142674912832 ], [ 80.008341518867709, 7.911746146487507 ], [ 80.009044147064543, 7.912549732457586 ], [ 80.009294231259517, 7.913302346782036 ], [ 80.009301993262724, 7.913343388208252 ], [ 80.009898946141945, 7.912651581058695 ], [ 80.010252746106204, 7.911699493411366 ], [ 80.010103523687846, 7.910796631446363 ], [ 80.010155472191627, 7.909894136386423 ], [ 80.010161726452736, 7.906484365503682 ], [ 80.010161818407269, 7.906434221331339 ] ] ] ] } },
{ "type": "Feature", "properties": { "OBJECTID_1": 539, "PROVINCE_N": "North Western", "DISTRICT_N": "Puttalam", "DSD_N": "Anamaduwa", "GND_N": "Peramakuttuwa", "GND_C": "656C", "TOTAL_POPU": 1327, "EXIS_COVE": "YES", "SUP_LEV": null, "SCH_NAME": null, "RWS_SCHE": null, "PROJ_DETAI": "ON_GO", "WATER_SOUR": "Bore Hole", "PROJ_NAME": "Anamaduwa IWSP", "COVER_PER": 50, "P_POP": 1345, "GRO_RATE": 1.1, "COVE_2018": 50.0, "WATER_QUAL": "NON_COMP", "COVE_2020": 50.0, "COVE_2025": 50.0, "COVE_2030": 50.0, "Shape_Leng": null, "Shape_Area": null, "OBJECTID_2": 2356, "OBJECTID_3": 2356, "OBJECTID": 13116, "EX_SCH_NAM": "Anamaduwa wss", "RWS_Name": "<Null>", "SUP_LEVEL": "24", "layer": "Sche_Puttlam", "path": "C:/Users/MB/Downloads/New folder (2)/Sem 05/Advanced GIS and Remote Sensing for Planning/WEB MAP/Shape Files/Shape Files/WSS Shape Files/Sche_Puttlam.shp" }, "geometry": { "type": "MultiPolygon", "coordinates": [ [ [ [ 80.017733703597315, 7.872009613878863 ], [ 80.017708724079725, 7.871966260270676 ], [ 80.01772611749891, 7.87194023052901 ], [ 80.019525512637728, 7.869803731266425 ], [ 80.021500768081935, 7.867274524423196 ], [ 80.024089100568432, 7.864746397759273 ], [ 80.025624582555849, 7.863220747533752 ], [ 80.028430349990302, 7.861522668908625 ], [ 80.030796468962876, 7.860784491146678 ], [ 80.032768524119845, 7.860001938543419 ], [ 80.03421390759388, 7.859873473581499 ], [ 80.03763002942172, 7.859704783356878 ], [ 80.037706762984186, 7.859700994044437 ], [ 80.037712222318177, 7.85970072418055 ], [ 80.037706768442547, 7.859697887189605 ], [ 80.037630111607427, 7.859658008735783 ], [ 80.034261173538482, 7.857905384679426 ], [ 80.030366527837586, 7.85628281364759 ], [ 80.027261102838722, 7.854137589982153 ], [ 80.022099308052276, 7.850984322752335 ], [ 80.019563095852163, 7.848927399390165 ], [ 80.016700123017372, 7.846575215002224 ], [ 80.016677054372479, 7.846607827209199 ], [ 80.015535570061644, 7.848221493122036 ], [ 80.013867554550615, 7.850401888603874 ], [ 80.013296842194478, 7.851186882879745 ], [ 80.012769127239338, 7.852408633220174 ], [ 80.012460842416587, 7.853368770070989 ], [ 80.012021022077136, 7.854416006014739 ], [ 80.011712813961978, 7.855332475310342 ], [ 80.011011747588256, 7.85554954741167 ], [ 80.009873161066565, 7.855547485582965 ], [ 80.009172014002061, 7.855808221072822 ], [ 80.008689586729872, 7.856200356163579 ], [ 80.008294503452902, 7.856723653930811 ], [ 80.008030795160764, 7.857247189043611 ], [ 80.007678622600849, 7.858250910478602 ], [ 80.007633712893011, 7.85886217812208 ], [ 80.007194434105799, 7.859603732997792 ], [ 80.006493598680265, 7.859689792435904 ], [ 80.005442747025356, 7.859600542136068 ], [ 80.004304551086832, 7.85938012609672 ], [ 80.003647348150011, 7.859553596499846 ], [ 80.002726507357181, 7.860206929291846 ], [ 80.002068659047396, 7.860729738090888 ], [ 80.001498474652621, 7.86120903978364 ], [ 80.001190961875864, 7.861732489099387 ], [ 80.000706907391574, 7.862997966724011 ], [ 80.00026745059732, 7.863826847366736 ], [ 79.999601600644411, 7.864020797470452 ], [ 79.999599102001554, 7.864021525279937 ], [ 79.999601594899502, 7.864023904297321 ], [ 80.000776498053327, 7.865145092399108 ], [ 80.002158965936488, 7.866307379020291 ], [ 80.003210200968496, 7.866889179609859 ], [ 80.004150619756942, 7.86749838865418 ], [ 80.005505665181005, 7.868522550156878 ], [ 80.006086393529486, 7.86896541973451 ], [ 80.006970880218162, 7.8698782665155 ], [ 80.007910148873506, 7.871122567602798 ], [ 80.009263146039444, 7.873278853682783 ], [ 80.009482920997854, 7.874245713642864 ], [ 80.009786331247781, 7.874908980059399 ], [ 80.010392446612911, 7.876622096133792 ], [ 80.01090014020329, 7.877690181311156 ], [ 80.012491044512657, 7.876012353776024 ], [ 80.01437105144322, 7.874237946641062 ], [ 80.017733703597315, 7.872009613878863 ] ] ] ] } }
]
}
