{
"type": "FeatureCollection",
"name": "study_boundary",
"crs": { "type": "name", "properties": { "name": "urn:ogc:def:crs:OGC:1.3:CRS84" } },
"features": [
{ "type": "Feature", "properties": { "id": 1 }, "geometry": { "type": "MultiPolygon", "coordinates": [ [ [ [ 79.667782037988658, 7.632185464447369 ], [ 79.670511299450965, 7.635463049337242 ], [ 79.674470584734337, 7.639522259994083 ], [ 79.676020058593053, 7.64099078310569 ], [ 79.680299654414327, 7.644739068372618 ], [ 79.681959877448165, 7.646081758224414 ], [ 79.682138417680264, 7.646214910787749 ], [ 79.683947488615431, 7.647453905209717 ], [ 79.688897275397181, 7.650558642261724 ], [ 79.690800543904544, 7.651648199563254 ], [ 79.695968178545414, 7.654336225682172 ], [ 79.697953270896676, 7.655269259676589 ], [ 79.702355140193617, 7.657125738389015 ], [ 79.702383788568952, 7.657058129262405 ], [ 79.703042793568542, 7.657442679434724 ], [ 79.704252910779971, 7.657913946703773 ], [ 79.705798221553067, 7.658462813127131 ], [ 79.709959516215591, 7.659801285857188 ], [ 79.711535175793628, 7.660256273628629 ], [ 79.714121845514356, 7.660919608216259 ], [ 79.714626730255759, 7.661060408225704 ], [ 79.715660872680544, 7.661327093965254 ], [ 79.716888195715185, 7.661618089334282 ], [ 79.717621782359245, 7.661772364221788 ], [ 79.717606076790815, 7.662626767171844 ], [ 79.717610417589128, 7.663301332712346 ], [ 79.717591209614042, 7.66366747750642 ], [ 79.717560015596305, 7.664237714316064 ], [ 79.717551556856094, 7.664401433528011 ], [ 79.717530322825624, 7.664838082098725 ], [ 79.717522856043843, 7.665001849314974 ], [ 79.71749740612178, 7.665599840148984 ], [ 79.717487235896016, 7.665870742008674 ], [ 79.717463734385788, 7.666593264107171 ], [ 79.717456278482842, 7.666864253822033 ], [ 79.717440016996946, 7.667586938016947 ], [ 79.717435276180311, 7.667857988521005 ], [ 79.717426254768824, 7.668580834820292 ], [ 79.717424229530849, 7.668851919041304 ], [ 79.717421579461941, 7.669928407087261 ], [ 79.717422574157538, 7.670236416543354 ], [ 79.717429901055539, 7.671057733571303 ], [ 79.717434401539336, 7.671365711886918 ], [ 79.717451075394123, 7.672186839981001 ], [ 79.717459081113674, 7.672494747445787 ], [ 79.717485101999642, 7.673315686614584 ], [ 79.717491662791858, 7.673491134024991 ], [ 79.717452707714116, 7.674481711858622 ], [ 79.717431889945956, 7.675478361073064 ], [ 79.717430593281819, 7.676004643682581 ], [ 79.717517629327631, 7.678114078369394 ], [ 79.71751130834636, 7.678612261624424 ], [ 79.717509212678934, 7.678888873098205 ], [ 79.717506661887427, 7.679923748845914 ], [ 79.717412229440029, 7.680790185829128 ], [ 79.717299120376964, 7.681814680998271 ], [ 79.717281680342282, 7.681977139938462 ], [ 79.717236481860525, 7.682410499564022 ], [ 79.717220023034727, 7.682573060343204 ], [ 79.717177442684104, 7.683006675808934 ], [ 79.717161965668353, 7.683169332529514 ], [ 79.717122003459394, 7.683603203837929 ], [ 79.717107508819254, 7.683765950598844 ], [ 79.717028506141332, 7.684684364832646 ], [ 79.717020955069174, 7.684772949210555 ], [ 79.71701348337541, 7.684861540260078 ], [ 79.717006091061734, 7.684950137961844 ], [ 79.716917229677634, 7.686028282400126 ], [ 79.71688317067364, 7.686205050002827 ], [ 79.716624594675153, 7.687623151669993 ], [ 79.716532940089394, 7.688155903568739 ], [ 79.716302785978186, 7.689578580732509 ], [ 79.716221790726138, 7.690113048634452 ], [ 79.716020058864686, 7.691540301407965 ], [ 79.715949755250051, 7.692076273094625 ], [ 79.71571473823316, 7.694018166903432 ], [ 79.715629491818348, 7.694725824726906 ], [ 79.715513293470167, 7.695690564425724 ], [ 79.715490409155606, 7.695886578851257 ], [ 79.715431291070288, 7.69640949846973 ], [ 79.715409836821564, 7.696605673764936 ], [ 79.715354535230077, 7.69712899469318 ], [ 79.715334512188946, 7.697325320482401 ], [ 79.71528302710982, 7.697849042724987 ], [ 79.715264436343091, 7.69804550861806 ], [ 79.715168664417334, 7.69909854346263 ], [ 79.715117062207611, 7.699569614669577 ], [ 79.715108128322925, 7.699633436569696 ], [ 79.715037747600732, 7.700149795512685 ], [ 79.715012053366863, 7.700343529976406 ], [ 79.715008061576185, 7.700374485272341 ], [ 79.714937855986577, 7.700652633074737 ], [ 79.714707472721457, 7.701591856801052 ], [ 79.714623438777181, 7.701944641689994 ], [ 79.714405680519718, 7.702886769124798 ], [ 79.714326381183795, 7.703240642960771 ], [ 79.714121248035383, 7.704185674144718 ], [ 79.714046697518185, 7.704540573699853 ], [ 79.713870692087781, 7.705407269613651 ], [ 79.713716541028163, 7.706166339192461 ], [ 79.713596143021604, 7.70679752803521 ], [ 79.713295107895846, 7.708484254675574 ], [ 79.713189729605858, 7.709118110828965 ], [ 79.712928899398833, 7.710811001081772 ], [ 79.712838600183318, 7.711447168949798 ], [ 79.712741025678966, 7.712198603171645 ], [ 79.712593453634966, 7.712898565932859 ], [ 79.712437323231399, 7.713639116828579 ], [ 79.712388522960538, 7.713875813857116 ], [ 79.712261209810379, 7.714507571573157 ], [ 79.712214525221086, 7.714744692832541 ], [ 79.712092863673135, 7.715377531626209 ], [ 79.712048298482642, 7.715615058299833 ], [ 79.711932288568448, 7.716248978182147 ], [ 79.711889846325803, 7.716486891421116 ], [ 79.711493249901338, 7.718768912422311 ], [ 79.710958482570902, 7.721382470037677 ], [ 79.710883762623311, 7.721761391041012 ], [ 79.710814862797889, 7.722124424535694 ], [ 79.710564740770408, 7.723227125978874 ], [ 79.710551732523598, 7.723284766216171 ], [ 79.710517211712016, 7.723438511013436 ], [ 79.710504329350158, 7.723496179374104 ], [ 79.710470144394563, 7.723649998437396 ], [ 79.710457387978948, 7.723707694647881 ], [ 79.71042353887978, 7.723861587977376 ], [ 79.71041090847109, 7.723919311764024 ], [ 79.709751016525246, 7.726950980529353 ], [ 79.709730926623081, 7.727043644283787 ], [ 79.709710925280987, 7.727136327065448 ], [ 79.709691012503924, 7.727229028851465 ], [ 79.709452640503599, 7.72834457829043 ], [ 79.709439531682449, 7.728406093623517 ], [ 79.709426461858243, 7.728467617202688 ], [ 79.709413431032488, 7.728529149021126 ], [ 79.709199630661772, 7.729542288539184 ], [ 79.708846806297899, 7.731214255742203 ], [ 79.708743799462027, 7.731726840983513 ], [ 79.708482343940631, 7.733096247965202 ], [ 79.708389259160896, 7.733610717969062 ], [ 79.70815435236176, 7.734984640982044 ], [ 79.708071224338582, 7.735500804675087 ], [ 79.707862866588627, 7.736879243825152 ], [ 79.707789726325871, 7.7373969095026 ], [ 79.707613691056494, 7.738736099711718 ], [ 79.707599902823276, 7.738842629304217 ], [ 79.707563698222359, 7.739126779712441 ], [ 79.70755033300513, 7.73923336292617 ], [ 79.707515257002839, 7.739517651866954 ], [ 79.707502315012306, 7.739624287030745 ], [ 79.707468367611625, 7.739908714504872 ], [ 79.707455849051868, 7.740015399946742 ], [ 79.707329702528526, 7.741109192083859 ], [ 79.707189049856666, 7.742222641367512 ], [ 79.707179460642379, 7.742299435265965 ], [ 79.707154182313147, 7.742504254958955 ], [ 79.707144812780612, 7.742581075830275 ], [ 79.707120120472183, 7.742785965783406 ], [ 79.707110970698096, 7.74286281300238 ], [ 79.707086864411565, 7.74306777321594 ], [ 79.707077934470831, 7.743144646157166 ], [ 79.706994720857722, 7.743870033423766 ], [ 79.706958894175756, 7.744156284710799 ], [ 79.706949350089687, 7.744232959287854 ], [ 79.706939865722561, 7.744309641219504 ], [ 79.706930441075983, 7.744386330493133 ], [ 79.706670963681688, 7.746513184817675 ], [ 79.706649450278718, 7.746694621464806 ], [ 79.706593715394888, 7.747178639726789 ], [ 79.706573427636158, 7.747360216776439 ], [ 79.706520963561786, 7.747844587474257 ], [ 79.706501902373276, 7.748026296689551 ], [ 79.706498394636967, 7.748060860049465 ], [ 79.706358213239938, 7.749096151535046 ], [ 79.706312680771404, 7.749449948147003 ], [ 79.706286979354189, 7.749660612852707 ], [ 79.706273618753485, 7.749742296966556 ], [ 79.706057477895058, 7.750921613447679 ], [ 79.706048473359644, 7.750970844493781 ], [ 79.706010449745932, 7.751179567560731 ], [ 79.705984712035416, 7.751292445722744 ], [ 79.705886336833998, 7.751730162702468 ], [ 79.705849956382636, 7.751894420655083 ], [ 79.705754306218424, 7.752332729237253 ], [ 79.705718947667805, 7.752497209043659 ], [ 79.705626022551144, 7.752936109232233 ], [ 79.705591687265127, 7.753100804567572 ], [ 79.705554403476313, 7.753282467120646 ], [ 79.705409981186349, 7.753920684304942 ], [ 79.705372327383785, 7.754089586618383 ], [ 79.705273358397832, 7.7545403075983 ], [ 79.705236785461835, 7.754709446020137 ], [ 79.705140702731754, 7.755160778264203 ], [ 79.705105214941199, 7.755330132401113 ], [ 79.705012025678087, 7.755782039834765 ], [ 79.704977621522218, 7.755951616273419 ], [ 79.704718878245217, 7.757248201825272 ], [ 79.704338744695789, 7.75914256102574 ], [ 79.704284592587257, 7.759419920794606 ], [ 79.704144053028472, 7.760160276905242 ], [ 79.70409280047194, 7.760438184220757 ], [ 79.70397703891588, 7.761084789558964 ], [ 79.703960459564314, 7.761139525827474 ], [ 79.703869809789637, 7.761441173616823 ], [ 79.703836062652513, 7.761554366407818 ], [ 79.70374672940882, 7.761856407784511 ], [ 79.70371347661343, 7.761969746026169 ], [ 79.703036719129258, 7.764295145085557 ], [ 79.702981136479195, 7.764488814052461 ], [ 79.702834840651221, 7.765005806401766 ], [ 79.702780701431593, 7.76519988169746 ], [ 79.702638262669822, 7.765717929032792 ], [ 79.702585569873051, 7.76591239995515 ], [ 79.702446988194012, 7.766431502284163 ], [ 79.702395744732797, 7.766626358109167 ], [ 79.701522887920177, 7.769996347091636 ], [ 79.701461692006973, 7.770237162633699 ], [ 79.701301454482959, 7.770880069205141 ], [ 79.701242472255714, 7.771121433592749 ], [ 79.701088150980837, 7.771765749735514 ], [ 79.701031387399638, 7.772007642725987 ], [ 79.701020817360444, 7.772053634165869 ], [ 79.700879579130842, 7.77256125894468 ], [ 79.700798933773385, 7.772857606255255 ], [ 79.700478716333507, 7.77406121305137 ], [ 79.700362513422263, 7.77451366372302 ], [ 79.700063075484181, 7.775722769860353 ], [ 79.69995469995888, 7.776177148798931 ], [ 79.699558171361005, 7.77790560185227 ], [ 79.699219868492264, 7.779355956850727 ], [ 79.699201580700489, 7.77943460879396 ], [ 79.699183356931371, 7.779513275497517 ], [ 79.699165197188208, 7.779591956947311 ], [ 79.698828882875674, 7.781055246298106 ], [ 79.698809820114349, 7.781138795173819 ], [ 79.698759339009172, 7.781361671688955 ], [ 79.698740540941742, 7.781445280199631 ], [ 79.698690766186104, 7.78166831351622 ], [ 79.69867223300065, 7.781751980827681 ], [ 79.698623164595929, 7.781975170946255 ], [ 79.698604896477946, 7.782058896223768 ], [ 79.698180889166352, 7.784017047716244 ], [ 79.698166932178694, 7.784081683317202 ], [ 79.698153018275363, 7.784146328146298 ], [ 79.698139147458065, 7.78421098219584 ], [ 79.697463713793312, 7.787370892804921 ], [ 79.697455303851157, 7.787401562676378 ], [ 79.697424790744279, 7.787513784397113 ], [ 79.697344065880699, 7.787813214859566 ], [ 79.697314035340142, 7.78792556598579 ], [ 79.697234598787404, 7.788225336022952 ], [ 79.697205051366211, 7.788337814490546 ], [ 79.697126903127511, 7.788637924103869 ], [ 79.697097839369917, 7.788750527846387 ], [ 79.696378143576098, 7.791563833473897 ], [ 79.695452722661742, 7.79478729057085 ], [ 79.694987723069744, 7.796358916698297 ], [ 79.694818088833813, 7.796885523627487 ], [ 79.694747997993531, 7.79710634410789 ], [ 79.694563619777483, 7.797695962262299 ], [ 79.694495421915562, 7.797917371522654 ], [ 79.69431609156166, 7.798508559734612 ], [ 79.694249791660098, 7.798730541634198 ], [ 79.691580120282623, 7.807810258261785 ], [ 79.691553505548697, 7.807892168279675 ], [ 79.691392221405124, 7.80839478396905 ], [ 79.691332427628453, 7.808583489891615 ], [ 79.691174820171398, 7.809087279017783 ], [ 79.691116408356478, 7.80927641494046 ], [ 79.69105430099637, 7.809480155959379 ], [ 79.690891678599087, 7.809992020960427 ], [ 79.690797589630577, 7.810294284988557 ], [ 79.690551408853054, 7.811101754578313 ], [ 79.690460862243356, 7.811405092744994 ], [ 79.690224160339724, 7.812215316490896 ], [ 79.690137168440415, 7.812519687507113 ], [ 79.689909945473374, 7.813332665439995 ], [ 79.689826520152479, 7.813638027875846 ], [ 79.68943273599362, 7.815113273511677 ], [ 79.689210588390665, 7.815868753681017 ], [ 79.689101826547628, 7.816248865787498 ], [ 79.688819215306324, 7.817264551489659 ], [ 79.688716018728343, 7.817646203664475 ], [ 79.688448305911734, 7.818665779887139 ], [ 79.688350699236452, 7.819048880274391 ], [ 79.688097891677856, 7.820072318118089 ], [ 79.688005892694562, 7.820456796118023 ], [ 79.687278304543071, 7.823598693344447 ], [ 79.68714005467298, 7.824192771467087 ], [ 79.687064870387644, 7.824469520257748 ], [ 79.687004348703468, 7.824696174839372 ], [ 79.686845580706517, 7.82530127154773 ], [ 79.686787026395109, 7.825528439498333 ], [ 79.686633516317158, 7.826134859871739 ], [ 79.686576933767313, 7.82636252420823 ], [ 79.686428681635434, 7.826970268258422 ], [ 79.686374075088594, 7.827198411960482 ], [ 79.685562627472379, 7.830654671503168 ], [ 79.685037264663762, 7.832888518213792 ], [ 79.684816364216715, 7.833752515412383 ], [ 79.684727700861757, 7.834109384573345 ], [ 79.684497742802861, 7.835062589682501 ], [ 79.684413937622082, 7.835420624356918 ], [ 79.683695659917831, 7.838585999501873 ], [ 79.683632318521177, 7.838872315557499 ], [ 79.683467550701778, 7.839636712995073 ], [ 79.683407316238331, 7.839923695019314 ], [ 79.683250852128779, 7.840689778909776 ], [ 79.683193731658037, 7.840977393376239 ], [ 79.683092142019035, 7.841503833686019 ], [ 79.682705847964826, 7.843326931165614 ], [ 79.68269573614289, 7.843374867128015 ], [ 79.682620109334579, 7.843734996089713 ], [ 79.682592093700563, 7.843870116372733 ], [ 79.68251830571721, 7.844230619594347 ], [ 79.682490979648094, 7.844365880226141 ], [ 79.682419030495552, 7.844726757709836 ], [ 79.682392394700727, 7.844862155190977 ], [ 79.682350886501311, 7.845076031536467 ], [ 79.682269048707866, 7.845379508484466 ], [ 79.682146941196805, 7.845849016022065 ], [ 79.68183257131308, 7.847103838804873 ], [ 79.681718901430528, 7.847575448362618 ], [ 79.681427127138008, 7.848835473996177 ], [ 79.681321931325698, 7.849309034797868 ], [ 79.681052752871551, 7.850574263381859 ], [ 79.680956064863381, 7.851049624025772 ], [ 79.680744623539198, 7.852139070822775 ], [ 79.68072491329967, 7.852242866865988 ], [ 79.680507706504628, 7.853224587028182 ], [ 79.68021280612723, 7.854432270193048 ], [ 79.68020125454062, 7.854479762423255 ], [ 79.680170564732563, 7.854606435935654 ], [ 79.680159098963159, 7.854653948839758 ], [ 79.680128638100214, 7.85478067707132 ], [ 79.680117258185334, 7.854828210495181 ], [ 79.680087026267714, 7.854954993446014 ], [ 79.680075732244404, 7.855002547235284 ], [ 79.679798749759115, 7.856173487794774 ], [ 79.679351169242992, 7.857985988507271 ], [ 79.679277922451632, 7.858290147057688 ], [ 79.67908729373616, 7.859102332489905 ], [ 79.679017568996187, 7.85940731301579 ], [ 79.678836356867009, 7.860221582159673 ], [ 79.678770163476855, 7.860527344108379 ], [ 79.678598368001161, 7.861343696990208 ], [ 79.678535714789959, 7.861650199704904 ], [ 79.678224537376096, 7.863218646671617 ], [ 79.678193289877711, 7.863378669020136 ], [ 79.678111249904177, 7.863805641100441 ], [ 79.678081738109611, 7.863961770567975 ], [ 79.678077039883092, 7.863979725513418 ], [ 79.678068971041654, 7.864010636232888 ], [ 79.677703148641967, 7.865415442118163 ], [ 79.677677367251562, 7.865515224303417 ], [ 79.6776091239187, 7.865781439368414 ], [ 79.677583722809658, 7.865881318481993 ], [ 79.677516494535496, 7.866147788178213 ], [ 79.677491474075268, 7.866247762779022 ], [ 79.677425260862094, 7.866514487107461 ], [ 79.677400621412659, 7.866614555753075 ], [ 79.677381086858347, 7.866694547603407 ], [ 79.677326134751667, 7.866899553531409 ], [ 79.677166088272912, 7.867507192897912 ], [ 79.677107060969405, 7.867735326152549 ], [ 79.676952307147204, 7.868344351605388 ], [ 79.676895269086245, 7.868572987441338 ], [ 79.67665343215269, 7.869560673741658 ], [ 79.676488585404229, 7.87027576353471 ], [ 79.676074935433462, 7.872188248278431 ], [ 79.675929544773453, 7.872907522069814 ], [ 79.675568052327179, 7.874829758891607 ], [ 79.675455693332211, 7.875475306675596 ], [ 79.67540163464308, 7.875665318503094 ], [ 79.674916239220053, 7.877360910237456 ], [ 79.674533016543407, 7.878703222091882 ], [ 79.674467260776154, 7.878937533717267 ], [ 79.674294860021007, 7.879562649476902 ], [ 79.67423126324087, 7.879797356759323 ], [ 79.67406452811322, 7.880423837276813 ], [ 79.674003055569599, 7.880659056239511 ], [ 79.67384195041835, 7.881287026513815 ], [ 79.673782594100928, 7.881522785257905 ], [ 79.673594876507366, 7.88228278717194 ], [ 79.673562833785311, 7.882413920684851 ], [ 79.673478259504193, 7.882763819839584 ], [ 79.673446871515836, 7.882895110692903 ], [ 79.67336404525561, 7.883245420751353 ], [ 79.673333312780144, 7.883376865694925 ], [ 79.673252234546126, 7.883727586659267 ], [ 79.673222158346519, 7.883859182439125 ], [ 79.673077197292656, 7.884500810154733 ], [ 79.672999202495816, 7.884857191090823 ], [ 79.672932991670962, 7.885169804051446 ], [ 79.67292980930695, 7.885182944534082 ], [ 79.672757640815419, 7.885912145338764 ], [ 79.672638226568196, 7.886331900719458 ], [ 79.67222108661106, 7.887997210934315 ], [ 79.672067802717351, 7.888703511042986 ], [ 79.672051410642482, 7.888779288841386 ], [ 79.671947092734811, 7.88926357391097 ], [ 79.671917418322636, 7.889372538411974 ], [ 79.67187078692568, 7.889546038513334 ], [ 79.671719746199017, 7.89011554555291 ], [ 79.671663978039604, 7.890329340643987 ], [ 79.671497632049224, 7.890977879526985 ], [ 79.671436378305032, 7.891221379838389 ], [ 79.671276051791168, 7.891871453694455 ], [ 79.671217060652651, 7.892115508776238 ], [ 79.671194887329506, 7.892209143294641 ], [ 79.67115842517839, 7.892352952510163 ], [ 79.670958800044957, 7.893196825701713 ], [ 79.670770250472003, 7.894055042627983 ], [ 79.670702972962403, 7.894303362203764 ], [ 79.670233484218926, 7.896130534272918 ], [ 79.670066386512403, 7.89681801275622 ], [ 79.669977395918892, 7.897206184653915 ], [ 79.669971881776192, 7.897231892540314 ], [ 79.669877568058581, 7.897573621374177 ], [ 79.669746444618852, 7.898066809865488 ], [ 79.669444173850877, 7.899248484225096 ], [ 79.669317246596449, 7.899720313151442 ], [ 79.66920116028696, 7.900166992309103 ], [ 79.668642099307178, 7.902396056408545 ], [ 79.668445769246944, 7.903235276011867 ], [ 79.667958247393713, 7.905479787067694 ], [ 79.667803727544879, 7.90625013886299 ], [ 79.667793987547668, 7.906283996395296 ], [ 79.667572021509727, 7.907103787338946 ], [ 79.667014568948531, 7.90929859639479 ], [ 79.666818445668738, 7.910124912287966 ], [ 79.666697018550778, 7.910674784612918 ], [ 79.666662296984939, 7.910834302147539 ], [ 79.666570990601642, 7.911259956132454 ], [ 79.666537232380747, 7.911419679086813 ], [ 79.666448498159241, 7.911845865428768 ], [ 79.666415704509603, 7.912005788019497 ], [ 79.66633525287584, 7.912404225847492 ], [ 79.666282538481042, 7.912662453723961 ], [ 79.666112242793972, 7.913219287786573 ], [ 79.666048340723194, 7.913431333157766 ], [ 79.665696921356513, 7.914614946647783 ], [ 79.665369638410823, 7.915574938798905 ], [ 79.665219788379801, 7.916027489383196 ], [ 79.665042174209731, 7.916580149910555 ], [ 79.664977651965145, 7.916783667756579 ], [ 79.664807736711069, 7.917327048482887 ], [ 79.66474482251661, 7.917531066182393 ], [ 79.664579205728629, 7.918075746145289 ], [ 79.664517903487479, 7.918280251067892 ], [ 79.664356585184692, 7.918826230277169 ], [ 79.664296898700286, 7.919031209762279 ], [ 79.663881236379993, 7.920479964811581 ], [ 79.66376355552012, 7.920868414202582 ], [ 79.663724372166612, 7.920998936641636 ], [ 79.663620760528659, 7.921347255888594 ], [ 79.663582235154095, 7.921477972884956 ], [ 79.663446605840747, 7.921942473550484 ], [ 79.663396327938273, 7.922116834768111 ], [ 79.663263814475229, 7.922582239805719 ], [ 79.663214707281384, 7.922756932366759 ], [ 79.663181383223105, 7.922877022502576 ], [ 79.663119814949994, 7.923041580186714 ], [ 79.66273154695125, 7.924152301529261 ], [ 79.662513814211664, 7.924821521844936 ], [ 79.662463567456072, 7.924977563845983 ], [ 79.66233083801886, 7.925394075578832 ], [ 79.662281537697226, 7.925550417377776 ], [ 79.662151336864781, 7.925967713345801 ], [ 79.662102984780176, 7.926124349236476 ], [ 79.661975312561054, 7.926542429444175 ], [ 79.661927910481992, 7.926699353709636 ], [ 79.661702802797421, 7.927452805435536 ], [ 79.661673250982474, 7.927539663610967 ], [ 79.66151134066763, 7.927930989457024 ], [ 79.660920251002466, 7.929405305132072 ], [ 79.660704678372852, 7.929960598970123 ], [ 79.660390514780914, 7.9307970098678 ], [ 79.66024801535643, 7.93118538006262 ], [ 79.659885456508064, 7.932197344562498 ], [ 79.659828570366713, 7.932338381079865 ], [ 79.659467930896511, 7.933250309464151 ], [ 79.659335003087378, 7.933593227751371 ], [ 79.658986759958651, 7.934510029138638 ], [ 79.658944407448402, 7.934622276639611 ], [ 79.658485674438609, 7.935846263112992 ], [ 79.658323641169957, 7.936290357680448 ], [ 79.657877745503853, 7.937546398944047 ], [ 79.657714858824747, 7.938019030251637 ], [ 79.657292175032836, 7.939283262155546 ], [ 79.65713804888658, 7.939758804786385 ], [ 79.656869655997824, 7.940613745537533 ], [ 79.656734291276649, 7.941058254183455 ], [ 79.656383524920287, 7.942246604895064 ], [ 79.656255814890145, 7.94269335929081 ], [ 79.655925559539284, 7.943887348838308 ], [ 79.655861359427618, 7.944123608668134 ], [ 79.65582647260554, 7.944254328138301 ], [ 79.655670501288114, 7.944239523297602 ], [ 79.651401862550941, 7.944169386677603 ], [ 79.650191978894981, 7.944244223478002 ], [ 79.649860452351149, 7.944224687424639 ], [ 79.645587196120559, 7.944307751540875 ], [ 79.644778869996159, 7.944387003122064 ], [ 79.644123362820764, 7.944459268838784 ], [ 79.64173506884292, 7.944751774156079 ], [ 79.641312354949434, 7.944726855935387 ], [ 79.639933282716328, 7.944862050150024 ], [ 79.639807555880822, 7.944874668889456 ], [ 79.63896887968734, 7.944960802330939 ], [ 79.635846882211368, 7.945465456679344 ], [ 79.633734329222492, 7.94593382651672 ], [ 79.63220852623256, 7.946376110275895 ], [ 79.631558761778464, 7.946416154444688 ], [ 79.630307433166664, 7.946693570812741 ], [ 79.626225455777416, 7.947940206980668 ], [ 79.625176160782502, 7.948352824474915 ], [ 79.624730894668218, 7.948468566553082 ], [ 79.620692433002617, 7.949863784885763 ], [ 79.619895926409399, 7.950210919812075 ], [ 79.619129773536713, 7.950558982308018 ], [ 79.617338488488215, 7.951406325461606 ], [ 79.616878931984147, 7.951525771481307 ], [ 79.61548687627544, 7.952132439558501 ], [ 79.614969050793405, 7.95236454815171 ], [ 79.614233235658176, 7.952703600759686 ], [ 79.611830898933704, 7.953958861822651 ], [ 79.610065218736466, 7.954996301317699 ], [ 79.608564973037659, 7.955994714545978 ], [ 79.607963968855245, 7.956230889683494 ], [ 79.606941964793776, 7.956831360698081 ], [ 79.603445101445047, 7.959273051031741 ], [ 79.602666926671603, 7.959912602514499 ], [ 79.602145748204563, 7.960245013547371 ], [ 79.598737187542298, 7.962815858481056 ], [ 79.598027985864121, 7.963443783651193 ], [ 79.597218322779852, 7.964190426638019 ], [ 79.596178052733606, 7.965189434492971 ], [ 79.595742922043712, 7.965466949421804 ], [ 79.594489294751696, 7.966576879598279 ], [ 79.593346004662422, 7.96776161948266 ], [ 79.591616133302097, 7.96942668686272 ], [ 79.590353068415794, 7.970849389080002 ], [ 79.589062045914147, 7.972452873946161 ], [ 79.588572351288164, 7.972855143139649 ], [ 79.587855002934973, 7.973663137352586 ], [ 79.586502942971279, 7.975312046310499 ], [ 79.58307577998815, 7.97984318656126 ], [ 79.581857467976306, 7.981592633816033 ], [ 79.581823907820279, 7.981645103726725 ], [ 79.581140160710632, 7.982773643135202 ], [ 79.579391157589853, 7.985825411697295 ], [ 79.578763152539707, 7.986985698947301 ], [ 79.577166654105355, 7.990114790266159 ], [ 79.57659587254534, 7.991304091188066 ], [ 79.575151881597435, 7.994510508156962 ], [ 79.574639670210942, 7.995726020183638 ], [ 79.574639240255223, 7.995727114143242 ], [ 79.57393779285259, 7.997741301214457 ], [ 79.572281492647463, 8.003177324385925 ], [ 79.571740716413203, 8.005240155494439 ], [ 79.570521099355531, 8.010771838485057 ], [ 79.569933928160538, 8.014992354629758 ], [ 79.569260870322552, 8.026299850112817 ], [ 79.569343263977373, 8.030559958903678 ], [ 79.569898184269007, 8.036196573030233 ], [ 79.570594474449194, 8.040090991819756 ], [ 79.569410449718944, 8.043812393368745 ], [ 79.56884438311009, 8.045868401851472 ], [ 79.567552954350859, 8.051401653531586 ], [ 79.567150451088494, 8.053495584520286 ], [ 79.567058461026861, 8.054102121791308 ], [ 79.567013900634635, 8.054407675411223 ], [ 79.567013055609209, 8.054413710667628 ], [ 79.566820952544902, 8.056230226765706 ], [ 79.566414442380946, 8.061896948097438 ], [ 79.566345767723149, 8.064027937346891 ], [ 79.566386459099448, 8.069691462948102 ], [ 79.566503397629276, 8.072017634603604 ], [ 79.567081349870136, 8.07819603278795 ], [ 79.567397878229443, 8.080503659915717 ], [ 79.567492514420181, 8.081025636925309 ], [ 79.568060357637805, 8.083493666144864 ], [ 79.569878912936275, 8.089990482910576 ], [ 79.570674989414172, 8.092395065822975 ], [ 79.570789127534283, 8.092692443775364 ], [ 79.571433382516375, 8.094621354083319 ], [ 79.572683817865752, 8.097569903037321 ], [ 79.572711750348034, 8.097701630683256 ], [ 79.572893672286611, 8.098175603188334 ], [ 79.574932310940909, 8.102368211355778 ], [ 79.576127622285156, 8.104368427916302 ], [ 79.578330598697974, 8.1086017406747 ], [ 79.580590755050011, 8.112218682786009 ], [ 79.580927323603973, 8.112673421535755 ], [ 79.581348026549676, 8.113086687416173 ], [ 79.583150743912114, 8.115586976964886 ], [ 79.583107368465122, 8.115618858493326 ], [ 79.583964328762576, 8.116776675762061 ], [ 79.58676453810331, 8.119996718117054 ], [ 79.58736541908506, 8.120586951750719 ], [ 79.587566061968047, 8.120911710528436 ], [ 79.588059043441504, 8.121484485481382 ], [ 79.591396018287185, 8.124747609133806 ], [ 79.592658019463329, 8.125785666741773 ], [ 79.594859996337632, 8.127948528336203 ], [ 79.598131382851776, 8.130692335494844 ], [ 79.598826610275978, 8.131188073805351 ], [ 79.599951454081591, 8.131749040691766 ], [ 79.600847288148984, 8.132628924058791 ], [ 79.602753609126225, 8.133988214475378 ], [ 79.605918195068597, 8.135889419009898 ], [ 79.60591546837756, 8.135894183881918 ], [ 79.606112184118388, 8.136005961509508 ], [ 79.606415559810998, 8.13618821975188 ], [ 79.606841906643979, 8.136400830486057 ], [ 79.607846273177486, 8.136931051610373 ], [ 79.608770540604681, 8.13738294375837 ], [ 79.609351351521056, 8.137846496837664 ], [ 79.610218993102819, 8.138339494809035 ], [ 79.614464300885743, 8.140291562013612 ], [ 79.615109932600319, 8.140523806065017 ], [ 79.616581343983484, 8.141257522476199 ], [ 79.616879351218742, 8.141378006538803 ], [ 79.616946693092316, 8.142112334690736 ], [ 79.617245963672474, 8.144814271448466 ], [ 79.617377305721035, 8.145825395504898 ], [ 79.617495073560846, 8.146615116376971 ], [ 79.617618376685556, 8.147368813316001 ], [ 79.617975513530695, 8.149373661563377 ], [ 79.618120063134313, 8.150123600806303 ], [ 79.618271608555247, 8.150854154215793 ], [ 79.618656856804591, 8.154367722456225 ], [ 79.619063802357758, 8.15693367606945 ], [ 79.619158525133088, 8.157388439580577 ], [ 79.61968692927752, 8.159496869083572 ], [ 79.620929854148429, 8.163727404032455 ], [ 79.620611846968515, 8.164783151754976 ], [ 79.619386822663373, 8.169398385496216 ], [ 79.61898481673127, 8.171144218692984 ], [ 79.618070149842993, 8.175819726505896 ], [ 79.61762687126749, 8.17929371107725 ], [ 79.616949365887521, 8.180910277647381 ], [ 79.616593143819657, 8.181804521048077 ], [ 79.615685950951018, 8.184205201392736 ], [ 79.615361778493181, 8.185111468332096 ], [ 79.615226173323109, 8.185512948601662 ], [ 79.615096463076085, 8.185906910994913 ], [ 79.614758646951458, 8.186960049677742 ], [ 79.614634995116205, 8.187355941302698 ], [ 79.614313410934912, 8.188413977648704 ], [ 79.614195846461072, 8.188811706018736 ], [ 79.613890494368121, 8.189874640102413 ], [ 79.613779044784081, 8.190274112300905 ], [ 79.613701387818637, 8.190560938513599 ], [ 79.613363682584392, 8.191953528621422 ], [ 79.61256215518587, 8.195688197622079 ], [ 79.612298715411882, 8.197096609471657 ], [ 79.61169705329111, 8.20086296980767 ], [ 79.611508616648308, 8.202283274647165 ], [ 79.611106827011426, 8.206081328577675 ], [ 79.610993922028015, 8.207509564337117 ], [ 79.61097258979926, 8.207916472170655 ], [ 79.610964094253987, 8.208089077290465 ], [ 79.610942911414156, 8.208549424830958 ], [ 79.610935519830647, 8.208722080366726 ], [ 79.610917281666062, 8.20918254365856 ], [ 79.610910994349581, 8.20935524260199 ], [ 79.610895700874053, 8.209815821647648 ], [ 79.610890518085014, 8.209988556988655 ], [ 79.610884300755018, 8.210220511464287 ], [ 79.610877761282083, 8.211357960949577 ], [ 79.610924155156212, 8.214390189848679 ], [ 79.610965490354076, 8.215526912077241 ], [ 79.611139302108995, 8.218551873633354 ], [ 79.611228440787798, 8.219685869480394 ], [ 79.611529674460186, 8.222703564022945 ], [ 79.61166646135699, 8.223832839095554 ], [ 79.611736351832079, 8.224323155071435 ], [ 79.612356338897811, 8.227389654314877 ], [ 79.614476725256651, 8.235444968628435 ], [ 79.615447034200443, 8.238419954327583 ], [ 79.618464240324897, 8.246126864496778 ], [ 79.61977199217678, 8.248970759631298 ], [ 79.622911502025261, 8.254873050430767 ], [ 79.622107307533028, 8.25977827188391 ], [ 79.622095197951339, 8.26845738815044 ], [ 79.623935836502625, 8.279883378626694 ], [ 79.626673517956846, 8.288122960975947 ], [ 79.632039662284058, 8.298386757507691 ], [ 79.634362802875401, 8.30207446628242 ], [ 79.634444548430423, 8.302183680216672 ], [ 79.635842501065724, 8.303900801659998 ], [ 79.639751240126031, 8.30832115812178 ], [ 79.641284842407728, 8.309919302912892 ], [ 79.643437691608668, 8.311987221359447 ], [ 79.646590293656871, 8.314589888904614 ], [ 79.655232129645896, 8.320694683419442 ], [ 79.655153754898464, 8.320886667407068 ], [ 79.655010060607765, 8.321245967597116 ], [ 79.654912464459514, 8.321495148614192 ], [ 79.65475596057513, 8.321904450180217 ], [ 79.654624169269823, 8.322257659052465 ], [ 79.654224279704806, 8.323317979916895 ], [ 79.653993956974745, 8.323952525143808 ], [ 79.653632218541858, 8.324989226184293 ], [ 79.65333434982378, 8.325820795951964 ], [ 79.653111838412983, 8.326467602160982 ], [ 79.652540365182389, 8.328199583892401 ], [ 79.65250778767728, 8.32829896152584 ], [ 79.652297669716745, 8.328944131110925 ], [ 79.652280577410252, 8.328996629668008 ], [ 79.651493040015083, 8.331278742024974 ], [ 79.651182476833753, 8.332236008415412 ], [ 79.651158784437513, 8.332313942326429 ], [ 79.65107468669504, 8.332537833085915 ], [ 79.650306759485716, 8.334684607525091 ], [ 79.650031507073464, 8.335494161709232 ], [ 79.649332132001859, 8.337662865518512 ], [ 79.649082593238617, 8.338480645400091 ], [ 79.648451771569185, 8.340671279256055 ], [ 79.64822819418643, 8.341496474817163 ], [ 79.648171885030479, 8.341718115249021 ], [ 79.648018859259622, 8.342352386321533 ], [ 79.64763124392168, 8.344048412484659 ], [ 79.647493558240313, 8.344686161054613 ], [ 79.647147056117149, 8.346390477886706 ], [ 79.647024790246419, 8.347031335908371 ], [ 79.646719401991561, 8.348743943643392 ], [ 79.646612626725428, 8.349387541440807 ], [ 79.646584260059214, 8.34957229493568 ], [ 79.646535590645342, 8.349902879886255 ], [ 79.646411255600896, 8.350785201494212 ], [ 79.646366673738996, 8.351116357751751 ], [ 79.646253256427485, 8.352000069412902 ], [ 79.646212768876083, 8.352331747083857 ], [ 79.646110269408254, 8.353216848832103 ], [ 79.646073882366537, 8.353548997474302 ], [ 79.646064338248863, 8.353641386427878 ], [ 79.646040810685321, 8.353879431754899 ], [ 79.64598087882267, 8.354514482145872 ], [ 79.645959457492097, 8.35475272461275 ], [ 79.645905146601336, 8.355388251302102 ], [ 79.645885833185545, 8.355626672347315 ], [ 79.64583714329919, 8.356262675344981 ], [ 79.645819939303138, 8.356501256548633 ], [ 79.645800557233898, 8.356787694666536 ], [ 79.645766910371705, 8.357381967300205 ], [ 79.645704910279846, 8.358742058958212 ], [ 79.645567757260636, 8.359508062200671 ], [ 79.645539307361815, 8.359720541210592 ], [ 79.645485789265663, 8.360145835375187 ], [ 79.645352069900213, 8.36128100407182 ], [ 79.64530529848858, 8.36170708643389 ], [ 79.64518960034917, 8.362844073694953 ], [ 79.645149587359967, 8.363270838028869 ], [ 79.645051910647481, 8.364409643897938 ], [ 79.645018666118972, 8.364836983969516 ], [ 79.64499931061701, 8.365114178647284 ], [ 79.644936157145679, 8.366627664601706 ], [ 79.644880869062646, 8.370665162703689 ], [ 79.644902557233436, 8.372179800437252 ], [ 79.645073162469743, 8.376207808404125 ], [ 79.645179628403312, 8.377718884748624 ], [ 79.645576136634403, 8.381737403466587 ], [ 79.645767052646192, 8.383240216187042 ], [ 79.645792450707688, 8.383403433560659 ], [ 79.645795155671706, 8.383420810339585 ], [ 79.646015364166857, 8.384648470329035 ], [ 79.646514677020519, 8.387104832830039 ], [ 79.646492586340074, 8.389054011808286 ], [ 79.646506883930982, 8.390291537381833 ], [ 79.646620371913428, 8.393585601552926 ], [ 79.646665399120579, 8.39447073413703 ], [ 79.646824115911855, 8.396828507978656 ], [ 79.646898126453337, 8.397711705785838 ], [ 79.646962384787372, 8.398352204822356 ], [ 79.647123765332694, 8.39964595378154 ], [ 79.647480068345473, 8.402032467084037 ], [ 79.647141826505845, 8.403113718108925 ], [ 79.646957054327061, 8.403729981548281 ], [ 79.646851864795465, 8.404096598411451 ], [ 79.646512447090757, 8.404985629370303 ], [ 79.645503988181176, 8.407800647245512 ], [ 79.64514769932731, 8.408864052749797 ], [ 79.644905065233743, 8.409641320796828 ], [ 79.644799095875456, 8.409988976225824 ], [ 79.644522750812058, 8.410917898042344 ], [ 79.644421461380873, 8.41126693397973 ], [ 79.64415764399314, 8.412199370305446 ], [ 79.644061052677671, 8.41254972422181 ], [ 79.643935204141783, 8.413018459209081 ], [ 79.64381989884086, 8.413393805984866 ], [ 79.643764411046945, 8.413576730440667 ], [ 79.643491331465555, 8.414488556724608 ], [ 79.643118119462628, 8.415865842788557 ], [ 79.642970593585574, 8.416473276864163 ], [ 79.642275913398734, 8.418573008390357 ], [ 79.642159937135347, 8.418931919512616 ], [ 79.641857353666296, 8.419891107316952 ], [ 79.6417463923367, 8.420251587052537 ], [ 79.641457238465605, 8.421214772381401 ], [ 79.641392594069444, 8.421435682697862 ], [ 79.641303582650878, 8.421682728230843 ], [ 79.641130984438405, 8.422176676924501 ], [ 79.640683584258511, 8.423497918976013 ], [ 79.640520570124039, 8.423995085627306 ], [ 79.64009872531787, 8.42532490802029 ], [ 79.639945355871205, 8.425825108176026 ], [ 79.639520484539048, 8.427260117907172 ], [ 79.639458757971482, 8.427471762010667 ], [ 79.639296456274479, 8.428036802019351 ], [ 79.639236456571126, 8.42824893792325 ], [ 79.639078770435646, 8.428815251706668 ], [ 79.639020501641411, 8.429027865130241 ], [ 79.638867431077642, 8.429595452694866 ], [ 79.638810896950972, 8.429808529945605 ], [ 79.638522197322402, 8.430914794550912 ], [ 79.638328742140374, 8.431704460201264 ], [ 79.637844621747035, 8.433817449736011 ], [ 79.637674986734268, 8.434612526276075 ], [ 79.637254778417486, 8.43673804262742 ], [ 79.637109116039284, 8.437537817918304 ], [ 79.636752821121647, 8.43967586155528 ], [ 79.636631262419129, 8.440479619025814 ], [ 79.636493062185238, 8.441496550361965 ], [ 79.636432957266209, 8.441970110642965 ], [ 79.636283835867658, 8.443234242944007 ], [ 79.63627720970365, 8.443295020195484 ], [ 79.63620401160739, 8.443705210525476 ], [ 79.635867191913661, 8.445764523782511 ], [ 79.635752059689466, 8.446538578263594 ], [ 79.635705975088925, 8.44688254160007 ], [ 79.63568653383949, 8.447030756983711 ], [ 79.635635783362943, 8.447426137067485 ], [ 79.635617161755661, 8.447574456746858 ], [ 79.635568598499788, 8.447970102838701 ], [ 79.63555079711405, 8.448118522219248 ], [ 79.635504421086239, 8.448514434307803 ], [ 79.635487440451783, 8.448662948993849 ], [ 79.635425719006918, 8.449216318770809 ], [ 79.63533267975042, 8.450219932001525 ], [ 79.635134533302889, 8.452899895359867 ], [ 79.635078962944334, 8.453906254693957 ], [ 79.635014753134115, 8.455663513599868 ], [ 79.634953294969193, 8.456339249704291 ], [ 79.634812397907751, 8.458629402945197 ], [ 79.634360440340274, 8.463104704179838 ], [ 79.634239521559437, 8.46489382398938 ], [ 79.634223088837643, 8.465372519278862 ], [ 79.634213967855146, 8.465693961439969 ], [ 79.634194743678847, 8.466551253837157 ], [ 79.634189446536496, 8.466872780975077 ], [ 79.634180420938534, 8.467730179593545 ], [ 79.634178948413847, 8.468051746517483 ], [ 79.634180121480526, 8.468909251372702 ], [ 79.634182473812615, 8.469230813091148 ], [ 79.634194776766009, 8.470158413251914 ], [ 79.634198677349133, 8.470382473725012 ], [ 79.634211555014474, 8.470979915404799 ], [ 79.63421731268285, 8.47120393619182 ], [ 79.63423514146757, 8.471801231567024 ], [ 79.634242755846955, 8.472025197568405 ], [ 79.634265535789837, 8.472622346644275 ], [ 79.634275006370132, 8.472846242450037 ], [ 79.634359801821489, 8.474671697964343 ], [ 79.63439320037584, 8.475254754398771 ], [ 79.634455838209561, 8.476174202743412 ], [ 79.634290864481471, 8.477472856369982 ], [ 79.634201945694571, 8.478266360170187 ], [ 79.634155458095577, 8.478744967472201 ], [ 79.634108462281858, 8.479373311269596 ], [ 79.634107750556112, 8.47937723388311 ], [ 79.634053394263063, 8.479680499766697 ], [ 79.634033253409811, 8.479794268772279 ], [ 79.633980192848952, 8.480097765144151 ], [ 79.633960538281869, 8.480211618417579 ], [ 79.633899374014362, 8.480570496198521 ], [ 79.633733962048538, 8.481679363263089 ], [ 79.6333543417974, 8.484644144180198 ], [ 79.633235038868349, 8.485758862882086 ], [ 79.63297886753486, 8.488734177615767 ], [ 79.63290587839262, 8.489852848352792 ], [ 79.632773159777955, 8.49283869775183 ], [ 79.632746610268953, 8.493959414118997 ], [ 79.632745330523093, 8.494393271052232 ], [ 79.632758597941461, 8.495323598513048 ], [ 79.63283665392882, 8.497803140049536 ], [ 79.632881928682323, 8.498732468759266 ], [ 79.633045171938903, 8.501206439015128 ], [ 79.633122401725046, 8.502133677905027 ], [ 79.633370834532727, 8.50460207703604 ], [ 79.633479929533976, 8.505526137500187 ], [ 79.633538760829893, 8.505960170152623 ], [ 79.633684366393183, 8.506907831289704 ], [ 79.634117333800432, 8.509427317572488 ], [ 79.634296453987716, 8.510369271139885 ], [ 79.634818171888696, 8.512870411863679 ], [ 79.635030584343554, 8.513805483684934 ], [ 79.6356410551533, 8.516288278660284 ], [ 79.635886495993475, 8.517215303048868 ], [ 79.636005486259407, 8.517634549788587 ], [ 79.636547481261033, 8.519329836986213 ], [ 79.6381399605186, 8.523798640544111 ], [ 79.638792326049469, 8.525454955753247 ], [ 79.640671357683928, 8.529801003798362 ], [ 79.640914898527754, 8.530317435959594 ], [ 79.641089696977957, 8.530834076204846 ], [ 79.642886533621478, 8.535623415432319 ], [ 79.644490243412491, 8.539120224216676 ], [ 79.649406910042259, 8.548097739741927 ], [ 79.651490708572268, 8.551334063236631 ], [ 79.654561312188235, 8.555432262911728 ], [ 79.655770548022247, 8.556932230195759 ], [ 79.659133395355681, 8.560813516061874 ], [ 79.660446295466414, 8.562224512428072 ], [ 79.660638214210579, 8.562416649303103 ], [ 79.661610546775492, 8.563343199236897 ], [ 79.664263101707306, 8.565748830698375 ], [ 79.665280185361297, 8.566626504088443 ], [ 79.668045404447824, 8.56889618085159 ], [ 79.669104762853138, 8.569722839543511 ], [ 79.671982645661075, 8.571856558138666 ], [ 79.673081699273084, 8.572630188117293 ], [ 79.673297828915224, 8.572774494709137 ], [ 79.674838440611154, 8.573730720826308 ], [ 79.679027430219563, 8.5761418109206 ], [ 79.680628560211204, 8.576993901721565 ], [ 79.684959859326909, 8.579117548073256 ], [ 79.686614413023733, 8.579861726510693 ], [ 79.691088013131335, 8.581697921328729 ], [ 79.692788658684904, 8.582330888423963 ], [ 79.693365581831529, 8.582524088839087 ], [ 79.693689757310551, 8.582630406315813 ], [ 79.694555974260908, 8.582908525040137 ], [ 79.694881461488109, 8.583010796603215 ], [ 79.695179678227717, 8.583102461405053 ], [ 79.695203358308731, 8.583110033546093 ], [ 79.695463645831794, 8.58319183767099 ], [ 79.696158825548892, 8.583406519815249 ], [ 79.696419922810179, 8.583485727296825 ], [ 79.697117192171021, 8.583693464111997 ], [ 79.697379073097991, 8.583770067036387 ], [ 79.69807843204859, 8.583970858493558 ], [ 79.698341070331026, 8.584044849160383 ], [ 79.69879421186171, 8.584170074519097 ], [ 79.700065263410679, 8.584488799485376 ], [ 79.703473298030431, 8.585257203763867 ], [ 79.704758272018481, 8.585514781844198 ], [ 79.708195503778555, 8.586118636264217 ], [ 79.709491431967692, 8.586314472174777 ], [ 79.712957855194446, 8.586753774947896 ], [ 79.714261743952932, 8.586887415996063 ], [ 79.714669663646333, 8.586919389253394 ], [ 79.716126032080624, 8.586994624334615 ], [ 79.720012297381714, 8.587091808406456 ], [ 79.721470627234339, 8.587089461278683 ], [ 79.725351011281859, 8.586979924577378 ], [ 79.726807132433251, 8.58690000158415 ], [ 79.730681626480091, 8.586583743321748 ], [ 79.73213137516565, 8.586426472592334 ], [ 79.732562290288868, 8.586368088131728 ], [ 79.734356472479888, 8.586064011135486 ], [ 79.739108464757706, 8.58509524983381 ], [ 79.740878275472838, 8.584672755968105 ], [ 79.745544362052769, 8.583393576862992 ], [ 79.747281919302736, 8.582854547109768 ], [ 79.751862084649218, 8.581264952748048 ], [ 79.753559650256577, 8.580611787018796 ], [ 79.753811205485079, 8.580505265930185 ], [ 79.755831094125867, 8.579550827781087 ], [ 79.761103672634277, 8.576790369448966 ], [ 79.763038216225112, 8.575674464696119 ], [ 79.765909900560956, 8.573857543567287 ], [ 79.767434819189432, 8.572912790102748 ], [ 79.769191546750719, 8.571727631347432 ], [ 79.773745608935926, 8.568390724067145 ], [ 79.775404427151003, 8.567073203289572 ], [ 79.775507785189305, 8.566984345948942 ], [ 79.775691042203732, 8.566825374549726 ], [ 79.776177819698333, 8.566399291663522 ], [ 79.776359645804135, 8.566238700899595 ], [ 79.776479574521801, 8.566131824100868 ], [ 79.77801817234284, 8.564648305517705 ], [ 79.781958800449331, 8.560538108739433 ], [ 79.783375673567221, 8.558938980823751 ], [ 79.783715282457635, 8.558523911382686 ], [ 79.783980965126318, 8.558193980336002 ], [ 79.784585194622835, 8.557431541944949 ], [ 79.784900398955017, 8.557050113795171 ], [ 79.784915907687946, 8.557063111756564 ], [ 79.786153193425093, 8.555600409592282 ], [ 79.787532218760731, 8.553826277382418 ], [ 79.789743046736831, 8.550725318436125 ], [ 79.790316957734774, 8.553036360321924 ], [ 79.791541589534461, 8.556778050739034 ], [ 79.791642317433329, 8.557023677153742 ], [ 79.791753005375824, 8.557438768083538 ], [ 79.792102832422827, 8.558638510525729 ], [ 79.792269714879595, 8.559165208673834 ], [ 79.792299054511602, 8.559257236110117 ], [ 79.792377732146193, 8.559502503216629 ], [ 79.792407400740316, 8.559594426110191 ], [ 79.792442714938801, 8.559703175818569 ], [ 79.79259703302435, 8.560164240632414 ], [ 79.793019581825362, 8.561389978561952 ], [ 79.793182175362887, 8.561848217189775 ], [ 79.793640742030775, 8.56310463392207 ], [ 79.793818766638097, 8.563578575892713 ], [ 79.794305302256404, 8.564837903651368 ], [ 79.794492179386822, 8.565308457492554 ], [ 79.794707132316475, 8.565835277552198 ], [ 79.79502270525893, 8.56657692094168 ], [ 79.795893550206031, 8.568541764906332 ], [ 79.79623111106369, 8.569273754456516 ], [ 79.797159784531445, 8.571211139523749 ], [ 79.797491757607418, 8.571879873931444 ], [ 79.798401490124959, 8.573650712788726 ], [ 79.798557782371731, 8.573944890979863 ], [ 79.798915945579225, 8.574677454751708 ], [ 79.799938938170882, 8.576689461323488 ], [ 79.800334382322077, 8.577438009780368 ], [ 79.801419385244586, 8.579416329017194 ], [ 79.801838089132545, 8.580152241540958 ], [ 79.802985103483621, 8.582096872836857 ], [ 79.803426660439513, 8.582819433733775 ], [ 79.803881489907667, 8.583538226182323 ], [ 79.804674003324038, 8.584720777507446 ], [ 79.806868938393137, 8.58781697630017 ], [ 79.807722626566999, 8.588956573792835 ], [ 79.810074335706318, 8.591929965031039 ], [ 79.81098685511671, 8.593023477368559 ], [ 79.813495341149945, 8.59587405736422 ], [ 79.814464186423507, 8.596918479715713 ], [ 79.814779841048079, 8.59724135404557 ], [ 79.814833010114015, 8.597295587359524 ], [ 79.81497499705408, 8.597440012109614 ], [ 79.815028318193214, 8.597494097358176 ], [ 79.815170709551538, 8.597638126142165 ], [ 79.81522418234789, 8.597692062903066 ], [ 79.815366978124644, 8.597835695720343 ], [ 79.815420602160856, 8.59788948357235 ], [ 79.815571425564528, 8.59804034556457 ], [ 79.816421832362224, 8.598854903808313 ], [ 79.81873578670573, 8.600977170111772 ], [ 79.819620845676766, 8.601754311412115 ], [ 79.822022737831432, 8.603772959692236 ], [ 79.822940788918984, 8.604511225572068 ], [ 79.825430618617943, 8.606426253504694 ], [ 79.826379939751163, 8.607124258389073 ], [ 79.826679580696208, 8.607334746406458 ], [ 79.827638493417695, 8.607978448748295 ], [ 79.830231050018583, 8.609640212291579 ], [ 79.831216554638857, 8.610242832436487 ], [ 79.833875258818694, 8.611792198507745 ], [ 79.834885579648429, 8.612352650218682 ], [ 79.837610429688525, 8.613789616720902 ], [ 79.838643746224989, 8.614306889724579 ], [ 79.838886153889845, 8.61442188885019 ], [ 79.841638608813852, 8.61554634867335 ], [ 79.843294767315186, 8.619945829667879 ], [ 79.844571871256719, 8.622819528227268 ], [ 79.844804988076248, 8.623271343923445 ], [ 79.845538635720985, 8.625410577849578 ], [ 79.84625538023559, 8.627273425711582 ], [ 79.846567305210655, 8.628002630896919 ], [ 79.846710507911368, 8.628331361699052 ], [ 79.847098183877293, 8.629205428753014 ], [ 79.847245738158932, 8.629532248238306 ], [ 79.847644949228354, 8.630401066584772 ], [ 79.847796829380812, 8.630725917711526 ], [ 79.848207575650804, 8.631589487310762 ], [ 79.848363755208354, 8.631912313380168 ], [ 79.849048320864057, 8.633303729245503 ], [ 79.850092990809557, 8.63522673219529 ], [ 79.853081781272024, 8.640234774114262 ], [ 79.854278705539869, 8.642067801698108 ], [ 79.857652157457423, 8.646804594237038 ], [ 79.858993567005882, 8.648535735540044 ], [ 79.86070672959886, 8.650571388564758 ], [ 79.860709549994894, 8.650575316477326 ], [ 79.862290611599377, 8.652689838746195 ], [ 79.862290338725458, 8.652725284975929 ], [ 79.862291879819651, 8.652805400628715 ], [ 79.861968631538886, 8.657321196104302 ], [ 79.861899816159834, 8.659183625306053 ], [ 79.861896969197318, 8.660368490225716 ], [ 79.862071501510385, 8.663498595669031 ], [ 79.863019301897339, 8.671790947907683 ], [ 79.863555626897409, 8.67488010657763 ], [ 79.865445988003771, 8.682953956696679 ], [ 79.866336973515033, 8.685960901013157 ], [ 79.86899265919952, 8.693324577728028 ], [ 79.868848354644314, 8.694408875061164 ], [ 79.868806785295774, 8.694736539660436 ], [ 79.868701283438583, 8.695610950953411 ], [ 79.868663726402033, 8.695939094825633 ], [ 79.868568938543945, 8.696814654415208 ], [ 79.868535399424516, 8.697143228918643 ], [ 79.868451325664552, 8.698019936825945 ], [ 79.868421809471954, 8.698348893254575 ], [ 79.868109301947939, 8.702088627514316 ], [ 79.868064565639671, 8.702710423332157 ], [ 79.867964432179278, 8.704369690315426 ], [ 79.867934068446743, 8.704992344743907 ], [ 79.86787229990108, 8.706653024172557 ], [ 79.867856325041046, 8.707276208356888 ], [ 79.867832922101542, 8.708938300327134 ], [ 79.867831344812387, 8.709561685126916 ], [ 79.867849785258628, 8.711606211958419 ], [ 79.867890861775336, 8.712870993022957 ], [ 79.868079391890674, 8.716239365378049 ], [ 79.868179713428816, 8.717500863601705 ], [ 79.868525565262345, 8.720853168508079 ], [ 79.868684915665142, 8.722108638173228 ], [ 79.868693742444407, 8.722167162834756 ], [ 79.868176751126697, 8.72327124901833 ], [ 79.867516404525247, 8.724802688807967 ], [ 79.867277517165249, 8.725407317803359 ], [ 79.866787246785378, 8.726594731909834 ], [ 79.866597814621954, 8.727091538467301 ], [ 79.866286200442417, 8.727693318882059 ], [ 79.866051345327307, 8.728250343989362 ], [ 79.865252982255711, 8.730392640448484 ], [ 79.864784233581702, 8.731833980276132 ], [ 79.864629117223402, 8.732106558410859 ], [ 79.864369879064483, 8.732795749782856 ], [ 79.863843259835718, 8.734334782775917 ], [ 79.863481214314476, 8.73550687123379 ], [ 79.863506088105225, 8.735514476457663 ], [ 79.863191143606358, 8.736367853951043 ], [ 79.86302666811882, 8.736951494051407 ], [ 79.862773779742312, 8.737786486634919 ], [ 79.86267803125186, 8.738062361402703 ], [ 79.862254945580617, 8.739391087096372 ], [ 79.862079731066572, 8.73999481711933 ], [ 79.862093899653232, 8.739998887262521 ], [ 79.861916123046043, 8.740515951934269 ], [ 79.861901026235572, 8.740551089350443 ], [ 79.86112670606839, 8.74257281412393 ], [ 79.860900512499171, 8.743242526721017 ], [ 79.86072687696317, 8.74377474385917 ], [ 79.860455876144741, 8.744635532559295 ], [ 79.860366749007397, 8.744737252994899 ], [ 79.859383193457447, 8.745873285890736 ], [ 79.858897486278877, 8.746450286091893 ], [ 79.857623963815414, 8.748006529064947 ], [ 79.857154529156048, 8.74859671114225 ], [ 79.854675067878745, 8.751804359817173 ], [ 79.853462226985172, 8.753504833308634 ], [ 79.850407771123329, 8.758156288381491 ], [ 79.849329770754338, 8.759944407209746 ], [ 79.849048275254518, 8.760454837575613 ], [ 79.848908007394883, 8.760719936334672 ], [ 79.848336161623365, 8.761589657532181 ], [ 79.847726516681405, 8.762587168478579 ], [ 79.84682757111041, 8.764175971782363 ], [ 79.844576105837845, 8.768488086497104 ], [ 79.843786453135024, 8.770133369868748 ], [ 79.841835614445941, 8.774576130829875 ], [ 79.841422031411014, 8.775571402062504 ], [ 79.840372521712197, 8.778246186486172 ], [ 79.839998972664176, 8.779257003688555 ], [ 79.839880838095013, 8.779597391240744 ], [ 79.839485911585456, 8.780829822627814 ], [ 79.838512114044221, 8.784139408430869 ], [ 79.83817669279027, 8.785389166571495 ], [ 79.838060732901795, 8.785866629889204 ], [ 79.837764465510332, 8.787241750204824 ], [ 79.837070471511268, 8.7909266385384 ], [ 79.836846243978698, 8.79231518464923 ], [ 79.836108633490738, 8.797784830043575 ], [ 79.835906502384418, 8.799923309023489 ], [ 79.835595128521092, 8.805638190488095 ], [ 79.835563731488705, 8.807785872966221 ], [ 79.835586719907695, 8.808698017922827 ], [ 79.835597078231871, 8.809028571729 ], [ 79.835630101708034, 8.809909848262388 ], [ 79.835644510999458, 8.810240251856827 ], [ 79.835688330994401, 8.811120996862661 ], [ 79.835706789150777, 8.81145120112803 ], [ 79.835761405770825, 8.812331414612165 ], [ 79.83578391008794, 8.812661370460267 ], [ 79.836640544537147, 8.824180765920913 ], [ 79.836644005828234, 8.82422677837352 ], [ 79.836653340856984, 8.824349470349057 ], [ 79.836656880837481, 8.824395476878113 ], [ 79.83666642567735, 8.824518152702595 ], [ 79.836670044337126, 8.824564153175013 ], [ 79.836679798988413, 8.824686812848446 ], [ 79.836683496317093, 8.824732807131101 ], [ 79.836728807278732, 8.825290498290098 ], [ 79.836913135616228, 8.826933647235816 ], [ 79.837538428314815, 8.83129641284258 ], [ 79.837823070544232, 8.832925338063172 ], [ 79.838712807228376, 8.837234083602839 ], [ 79.839096710560213, 8.838842732265084 ], [ 79.839971628051288, 8.842067964142478 ], [ 79.840136634438593, 8.843825712436324 ], [ 79.840455036323306, 8.846137689168478 ], [ 79.841568957929141, 8.852255256482286 ], [ 79.842086000139219, 8.85453145501376 ], [ 79.842883843528838, 8.857452858387372 ], [ 79.839755445735562, 8.857003215937056 ], [ 79.837136893684331, 8.856754172389572 ], [ 79.83658403132462, 8.85672822753701 ], [ 79.835052244139959, 8.856699138683156 ], [ 79.830968509311205, 8.856735538232062 ], [ 79.829437494550376, 8.856791926668878 ], [ 79.825368658037192, 8.857055612746946 ], [ 79.823843232598179, 8.857197300681428 ], [ 79.819789284011534, 8.857688272861536 ], [ 79.818274247190999, 8.857914814073315 ], [ 79.818205502376898, 8.857927063976016 ], [ 79.815962272384695, 8.858424527782248 ], [ 79.810046984663828, 8.859998867740469 ], [ 79.807853746309902, 8.860682159317681 ], [ 79.802112888217565, 8.862738276606681 ], [ 79.799970821377414, 8.863714936604998 ], [ 79.797483508325016, 8.864489236185051 ], [ 79.795910741807504, 8.865031712352009 ], [ 79.791772600312498, 8.866601113805155 ], [ 79.788741229703632, 8.867966590733019 ], [ 79.780910192069982, 8.872083244397263 ], [ 79.77806827892357, 8.873805260571922 ], [ 79.774433523005769, 8.876321949159154 ], [ 79.773096934849136, 8.87730887496946 ], [ 79.76961661200572, 8.880046214372573 ], [ 79.76834295766858, 8.881112293586767 ], [ 79.768113517165972, 8.881316541749475 ], [ 79.767396791480166, 8.881977935008591 ], [ 79.765517871090324, 8.883775104118564 ], [ 79.764825406450768, 8.884461587795018 ], [ 79.763013528384647, 8.886323297221129 ], [ 79.762346212627932, 8.887033991525524 ], [ 79.760601376653085, 8.888960242595166 ], [ 79.759960065426412, 8.889694236699157 ], [ 79.759615608931938, 8.890103031755098 ], [ 79.759199422163107, 8.89060920982276 ], [ 79.758106086056287, 8.89197210674244 ], [ 79.757702270752148, 8.892488101397088 ], [ 79.756921610147941, 8.893510791908849 ], [ 79.756564418294232, 8.893964907778166 ], [ 79.756314381512482, 8.894287753943861 ], [ 79.755654147760993, 8.895153602809023 ], [ 79.755409009231627, 8.895480143300068 ], [ 79.754230732652914, 8.89707449035688 ], [ 79.75379693265117, 8.897678601802172 ], [ 79.752662482084432, 8.899304984566069 ], [ 79.752245444184268, 8.89992066024101 ], [ 79.751348975055464, 8.901283967066153 ], [ 79.750890664469196, 8.902005439708478 ], [ 79.749699192069386, 8.903947983593209 ], [ 79.749263898407293, 8.9046834189348 ], [ 79.748134935825348, 8.906661251467064 ], [ 79.74772308926741, 8.907409923492198 ], [ 79.746815904736792, 8.909122401025275 ], [ 79.746811572790364, 8.909127680719102 ], [ 79.746775323761412, 8.909171955278399 ], [ 79.746678784562491, 8.909290121672633 ], [ 79.746642629192223, 8.90933447190903 ], [ 79.746553138817617, 8.909444482048096 ], [ 79.746180422251285, 8.909848450281904 ], [ 79.746101180133053, 8.909934708322336 ], [ 79.745890366228409, 8.91016518065938 ], [ 79.74581149791814, 8.910251776871924 ], [ 79.745601684884448, 8.910483146545831 ], [ 79.745523191963784, 8.910570079192953 ], [ 79.745416484158767, 8.910688773017156 ], [ 79.744894923918267, 8.911226770121507 ], [ 79.744719437745431, 8.911409924454896 ], [ 79.744673893899716, 8.911453263879983 ], [ 79.744255107298628, 8.911860424659086 ], [ 79.743150175636032, 8.912957968200461 ], [ 79.742740263484748, 8.913373965099842 ], [ 79.741659497192657, 8.914494558670087 ], [ 79.741258648096832, 8.914919200367098 ], [ 79.740202047048953, 8.91606284432523 ], [ 79.739810445357378, 8.916495935619656 ], [ 79.739697728374594, 8.916623316019052 ], [ 79.739188186400156, 8.917114017359204 ], [ 79.739015776437284, 8.917247015664454 ], [ 79.738153957575634, 8.917940137942768 ], [ 79.735894420866899, 8.919834063952141 ], [ 79.735061587107623, 8.92056138632476 ], [ 79.734460475734281, 8.921108222881118 ], [ 79.732804642515418, 8.922749415388404 ], [ 79.731268828684279, 8.92440789255377 ], [ 79.730921101132253, 8.924740225656755 ], [ 79.729971867359069, 8.925693387906898 ], [ 79.727508226232374, 8.928292568358536 ], [ 79.726607471718395, 8.929291173317504 ], [ 79.725983402902386, 8.930018396812162 ], [ 79.725984038732776, 8.930018936333392 ], [ 79.725738778200835, 8.93028669780977 ], [ 79.725343683883139, 8.930754058575122 ], [ 79.725271758158499, 8.930815180597781 ], [ 79.72478348903914, 8.93123384088555 ], [ 79.724601086788326, 8.931391644309116 ], [ 79.724116582097068, 8.931814569091832 ], [ 79.724045742282726, 8.931876959409855 ], [ 79.72385635054961, 8.932028662248982 ], [ 79.723470901976413, 8.932342270757207 ], [ 79.721349539376803, 8.933817648170185 ], [ 79.718908044674336, 8.935730280100149 ], [ 79.715768980008264, 8.938491230707001 ], [ 79.715121966998737, 8.938874743942129 ], [ 79.713958421363131, 8.93960453635809 ], [ 79.710906861710725, 8.94162708229314 ], [ 79.709781737309356, 8.942414199570418 ], [ 79.709334800153911, 8.942743909145461 ], [ 79.708312088484334, 8.943387179210896 ], [ 79.70743915377885, 8.943959797454635 ], [ 79.706897612894508, 8.944330019296489 ], [ 79.706730758824747, 8.944444171058462 ], [ 79.705800775682945, 8.944958008111689 ], [ 79.705724511031789, 8.945008167418404 ], [ 79.704835423518375, 8.945466620538078 ], [ 79.703418992578321, 8.946250891150038 ], [ 79.702665266547328, 8.946697869470588 ], [ 79.702385311229889, 8.946843593793378 ], [ 79.701718508362731, 8.947202495283985 ], [ 79.700246939687631, 8.948021015545516 ], [ 79.698747344467236, 8.948812100897886 ], [ 79.698580067221755, 8.948901086202653 ], [ 79.69574711371871, 8.950420701892444 ], [ 79.694230007102959, 8.951298192716521 ], [ 79.693581239680896, 8.951701721978925 ], [ 79.693526070919262, 8.951736072063332 ], [ 79.692858805893621, 8.952152370774083 ], [ 79.692546070230392, 8.952350442471158 ], [ 79.690457858948903, 8.953692903354009 ], [ 79.689542420474723, 8.954307869208135 ], [ 79.688870266080698, 8.954779366947603 ], [ 79.687469683327635, 8.955421905016241 ], [ 79.686795514019636, 8.955742382494357 ], [ 79.685009818520157, 8.95662127648044 ], [ 79.684344716135655, 8.956959969522082 ], [ 79.683984381870118, 8.957149695136776 ], [ 79.683680950346243, 8.95731190433866 ], [ 79.682874574550794, 8.957749518199162 ], [ 79.68257322422204, 8.95791551939589 ], [ 79.681772526001325, 8.958363174361466 ], [ 79.681473304871815, 8.958532941107705 ], [ 79.680678284152478, 8.958990637213043 ], [ 79.680666649039026, 8.958997433357164 ], [ 79.679943063860577, 8.959267002132961 ], [ 79.679225428029284, 8.959545893864266 ], [ 79.677323416598185, 8.960315982979692 ], [ 79.676613975768419, 8.960614888084756 ], [ 79.674733812765737, 8.961438335757379 ], [ 79.674033131262391, 8.96175701643601 ], [ 79.673480694781034, 8.962017703472144 ], [ 79.672766389792159, 8.962367548061177 ], [ 79.671271441940661, 8.963126845582018 ], [ 79.669512455717808, 8.963807167673025 ], [ 79.668730472929383, 8.964123532781811 ], [ 79.667049372835677, 8.964833951622314 ], [ 79.666681352902216, 8.964992655215712 ], [ 79.666297038663615, 8.965161730007793 ], [ 79.664286972997985, 8.965934644886476 ], [ 79.664233606876095, 8.96595522909387 ], [ 79.663721252397565, 8.966153466740757 ], [ 79.663529401566137, 8.966228526750619 ], [ 79.663018580964305, 8.96643059760714 ], [ 79.662827305421871, 8.966507095058807 ], [ 79.662318018666227, 8.966712999127404 ], [ 79.662127329140318, 8.966790929727697 ], [ 79.659977956597331, 8.967678765548804 ], [ 79.658629345096131, 8.968278855879346 ], [ 79.658487622800948, 8.968346550462188 ], [ 79.658374703576769, 8.968391498148534 ], [ 79.658154954250264, 8.968479741558713 ], [ 79.651366494668352, 8.968479722085805 ], [ 79.63622157658989, 8.962243579326925 ], [ 79.614840515772329, 8.964025334412426 ], [ 79.595241210022991, 8.966697967035092 ], [ 79.584550679614452, 8.966697967039906 ], [ 79.556042598524087, 8.979170252584023 ], [ 79.546242945649254, 8.984515517816124 ], [ 79.524861884832021, 8.991642538129335 ], [ 79.482990640730193, 9.026386762128043 ], [ 79.446464661835009, 9.041531680289539 ], [ 79.393012009794603, 9.061130986148346 ], [ 79.368067438841038, 9.090529944911546 ], [ 79.357376908430226, 9.128837679047638 ], [ 79.349359010621924, 9.161800147954878 ], [ 79.367176561298038, 9.198326127002368 ], [ 79.39390288731515, 9.220598065439004 ], [ 79.435774131411264, 9.230397718337922 ], [ 79.466069165827136, 9.232572510026561 ], [ 79.507044334131976, 9.217925432775488 ], [ 79.549806455766756, 9.193871739232232 ], [ 79.629985433833482, 9.159127515217167 ], [ 79.630212139536013, 9.158688098828687 ], [ 79.630756583884306, 9.158830444196518 ], [ 79.632537282053079, 9.159272248508261 ], [ 79.633207145329919, 9.159429564230541 ], [ 79.634367486699261, 9.15968677401907 ], [ 79.634970654336897, 9.159813394282573 ], [ 79.636582732089707, 9.160132970714487 ], [ 79.637188622717787, 9.160246032758165 ], [ 79.637766042635761, 9.160347093529266 ], [ 79.637769060972943, 9.160347823328408 ], [ 79.639723467649119, 9.161101237358274 ], [ 79.65066445799475, 9.164361475908564 ], [ 79.654864414766678, 9.165262428718227 ], [ 79.660524523775408, 9.166020030845102 ], [ 79.662664954990376, 9.166221688283986 ], [ 79.668385225672779, 9.166535573359571 ], [ 79.670534995147378, 9.166569329322433 ], [ 79.671153821422308, 9.166554841111777 ], [ 79.673382057995298, 9.166411981724581 ], [ 79.679298446703584, 9.165790542187716 ], [ 79.681507499004042, 9.165467321892114 ], [ 79.687333528435744, 9.164371469068641 ], [ 79.690672628973175, 9.163457349556854 ], [ 79.691042350552436, 9.163429454937992 ], [ 79.692422480851221, 9.163325323176876 ], [ 79.694147604926954, 9.163205052148481 ], [ 79.694457187380166, 9.163181710923393 ], [ 79.69528235804151, 9.163114807761877 ], [ 79.695591653577125, 9.16308797161558 ], [ 79.696415952761001, 9.163011758189846 ], [ 79.696724921500604, 9.162981430577119 ], [ 79.697548349076243, 9.162895906883723 ], [ 79.697856951011204, 9.16286209172633 ], [ 79.698895529419659, 9.162742348739817 ], [ 79.699184833048747, 9.162707438192323 ], [ 79.699955787722715, 9.16261025671233 ], [ 79.700244700093222, 9.162572281149899 ], [ 79.701014523814933, 9.16246693804249 ], [ 79.701303012067029, 9.162425901780693 ], [ 79.702071704755753, 9.162312397046694 ], [ 79.702359736014373, 9.162268304758184 ], [ 79.705058073475954, 9.161840576306684 ], [ 79.705168967383386, 9.161822765081634 ], [ 79.70546458493817, 9.161774664471446 ], [ 79.705575404196509, 9.161756400238874 ], [ 79.705688126713909, 9.16173758562611 ], [ 79.706930567359933, 9.161547380996922 ], [ 79.707320002759872, 9.16148489857834 ], [ 79.707836977741792, 9.161398143044076 ], [ 79.707864850563354, 9.161395784749237 ], [ 79.709316149205563, 9.161157891008969 ], [ 79.709754983504553, 9.16108230131082 ], [ 79.710923476850056, 9.160871262565884 ], [ 79.711361012539626, 9.160788573206739 ], [ 79.712525733083567, 9.160558661875605 ], [ 79.712961853850544, 9.160468894826179 ], [ 79.714122801378679, 9.160220110920482 ], [ 79.714557391237662, 9.160123290042728 ], [ 79.714963551110174, 9.160029341339298 ], [ 79.715107044632248, 9.160004422920332 ], [ 79.715259249445964, 9.159977550537835 ], [ 79.715664921638975, 9.159904750174688 ], [ 79.715816970969158, 9.15987702228489 ], [ 79.716222215667926, 9.15980194293414 ], [ 79.716374104706176, 9.159773360412911 ], [ 79.71669964011889, 9.159711152424649 ], [ 79.716975764633474, 9.15967799854109 ], [ 79.718316803309023, 9.159504416402408 ], [ 79.718819084687269, 9.159434683885001 ], [ 79.720041927979722, 9.159253398808822 ], [ 79.720988130439309, 9.159096202178663 ], [ 79.72350315246868, 9.15863311878875 ], [ 79.724443216326407, 9.1584430028915 ], [ 79.726056738130168, 9.158087259971488 ], [ 79.72613323638312, 9.158075967754376 ], [ 79.726412693623018, 9.158034715690116 ], [ 79.726416691272135, 9.158034312658001 ], [ 79.727897363891259, 9.157844292863984 ], [ 79.728118938797664, 9.15780971724236 ], [ 79.728638671821415, 9.157750718299107 ], [ 79.728936386999848, 9.157715276184632 ], [ 79.729729700584016, 9.157616442842794 ], [ 79.73002700641203, 9.157577755487051 ], [ 79.730819228292916, 9.157470268439369 ], [ 79.731116088869186, 9.157428340509508 ], [ 79.732086376698049, 9.15728589589547 ], [ 79.732156326645992, 9.157275534739908 ], [ 79.732342823534083, 9.157247665084348 ], [ 79.732412746252109, 9.15723712399824 ], [ 79.732599168186411, 9.157208774882957 ], [ 79.732669062292743, 9.157198054078174 ], [ 79.732855409020729, 9.157169225554275 ], [ 79.732925274960323, 9.157158324966129 ], [ 79.733698485830161, 9.157036667419034 ], [ 79.734976776702226, 9.156837173070832 ], [ 79.735337347612827, 9.156778442899791 ], [ 79.736297772967148, 9.156615445969317 ], [ 79.736657521060906, 9.15655192844318 ], [ 79.737615580364945, 9.156376196161007 ], [ 79.73797444094896, 9.156307902702739 ], [ 79.738930133968168, 9.156119435119411 ], [ 79.739288043137336, 9.156046377891169 ], [ 79.739396420991866, 9.156023503974657 ], [ 79.73948271565574, 9.156008587610934 ], [ 79.739532606340234, 9.155999916458052 ], [ 79.739665626477972, 9.155976670838951 ], [ 79.739715500896764, 9.155967907777512 ], [ 79.740818793909128, 9.155773006447211 ], [ 79.74086287385154, 9.155765182433884 ], [ 79.740980403076264, 9.155744222674157 ], [ 79.74102447005238, 9.155736326867691 ], [ 79.741141965153503, 9.155715175577845 ], [ 79.741186019639883, 9.155707207891323 ], [ 79.74130348066582, 9.155685865057272 ], [ 79.741347521948853, 9.155677825618255 ], [ 79.741667944629967, 9.155619064695859 ], [ 79.741747829046986, 9.155605492489553 ], [ 79.742751429384484, 9.155415727380307 ], [ 79.74541723975635, 9.154860141479832 ], [ 79.746412996954149, 9.154633217188314 ], [ 79.749054187440152, 9.153979420567378 ], [ 79.750040708383978, 9.153715654461443 ], [ 79.752657276141363, 9.152963647526709 ], [ 79.753633180786338, 9.152663408474705 ], [ 79.754271497370141, 9.152453954738275 ], [ 79.754743822524802, 9.152294200510351 ], [ 79.755999335790165, 9.151856794520638 ], [ 79.756468645559451, 9.151688494262824 ], [ 79.75705023313462, 9.151473944956079 ], [ 79.758307130089023, 9.151123764752553 ], [ 79.75827994534427, 9.151027405963777 ], [ 79.759257482954126, 9.15087844965249 ], [ 79.759791157546346, 9.150709014411412 ], [ 79.760491668886573, 9.150476193427638 ], [ 79.76073713524562, 9.150390927272248 ], [ 79.760904065052799, 9.150332338013259 ], [ 79.761152202686446, 9.150244346621676 ], [ 79.762678576554322, 9.149708178620921 ], [ 79.763460652161825, 9.14942003800931 ], [ 79.766307152351061, 9.148321886477968 ], [ 79.766806203551468, 9.148123720430492 ], [ 79.766972160436183, 9.14805593281284 ], [ 79.767024867576268, 9.148036181163699 ], [ 79.767662567420231, 9.147788092014341 ], [ 79.768881388701558, 9.147296328271116 ], [ 79.769513653922189, 9.147068177333649 ], [ 79.769887146970206, 9.146930331827591 ], [ 79.771870694457803, 9.146181854915715 ], [ 79.772610409825063, 9.145890408482488 ], [ 79.773248853663233, 9.145628107292941 ], [ 79.773351058131553, 9.14558508970384 ], [ 79.774547158551727, 9.145149433113785 ], [ 79.775162630588724, 9.14491685974739 ], [ 79.776796128417686, 9.144277097331479 ], [ 79.776826122649808, 9.144264932989811 ], [ 79.777582197976216, 9.144035296576988 ], [ 79.777743256540347, 9.143987464195911 ], [ 79.778732981444904, 9.143685898848053 ], [ 79.779103319515173, 9.143570190872635 ], [ 79.779146053225901, 9.143556506919031 ], [ 79.780459285080028, 9.143179147837616 ], [ 79.781713643580019, 9.142785952355167 ], [ 79.783150902405211, 9.142297319786879 ], [ 79.783167712215914, 9.1422921962277 ], [ 79.783439666397726, 9.142207761501192 ], [ 79.784163676055954, 9.141978849812029 ], [ 79.784434729113016, 9.141891600772741 ], [ 79.785581018594115, 9.141516046249391 ], [ 79.78600976140109, 9.141371653639904 ], [ 79.786355190706388, 9.141252139676764 ], [ 79.787040551267268, 9.14110205840875 ], [ 79.7878517123807, 9.140911489822516 ], [ 79.790006503228327, 9.140370631821661 ], [ 79.790811435122635, 9.140155556926631 ], [ 79.791311639977366, 9.140013738352817 ], [ 79.792945796191134, 9.139550415091405 ], [ 79.793566888877919, 9.139416388673284 ], [ 79.795090235678941, 9.139110587067268 ], [ 79.796068942940806, 9.138895474025068 ], [ 79.798667360354457, 9.138274452765321 ], [ 79.799637465928427, 9.138023799893944 ], [ 79.800721831042239, 9.137722414280404 ], [ 79.801910752961547, 9.137441300197231 ], [ 79.802657930710168, 9.137253528501118 ], [ 79.804642899994704, 9.136724972683554 ], [ 79.80538444910971, 9.136516327533451 ], [ 79.806843387835215, 9.136083651706221 ], [ 79.807225444158533, 9.135967314238941 ], [ 79.808241922936475, 9.135649692135832 ], [ 79.808521226704471, 9.135560181145687 ], [ 79.810099907440048, 9.135103613030321 ], [ 79.81125163815959, 9.134742898096832 ], [ 79.814300026905499, 9.133714011406397 ], [ 79.815434587387784, 9.133303061413033 ], [ 79.817615867340379, 9.132458245053245 ], [ 79.818309131423533, 9.132178814171951 ], [ 79.820147220686209, 9.131408648138773 ], [ 79.820832523473484, 9.13111045452303 ], [ 79.821930978472935, 9.130614564569875 ], [ 79.822004000517808, 9.130583326180584 ], [ 79.825302931158816, 9.129160303847771 ], [ 79.825473846046549, 9.129085886753089 ], [ 79.828500695460832, 9.127755702154115 ], [ 79.829986729624295, 9.127048656004902 ], [ 79.832594694389755, 9.125710272929968 ], [ 79.833051264109201, 9.125561907254276 ], [ 79.833153356009944, 9.125509972025801 ], [ 79.833241927942822, 9.125466244859885 ], [ 79.833800552036905, 9.125182463626558 ], [ 79.835281274526437, 9.124408813098114 ], [ 79.835833192261532, 9.124112356455441 ], [ 79.837295257667634, 9.123305326012726 ], [ 79.83784017799961, 9.122996350292404 ], [ 79.839283585626532, 9.122155940319983 ], [ 79.839821220981094, 9.121834608583169 ], [ 79.840521156290237, 9.121405321023671 ], [ 79.840571677250296, 9.121373961933378 ], [ 79.840907623750766, 9.121180535101708 ], [ 79.841917554795046, 9.12056966791611 ], [ 79.844573973926884, 9.118883541362992 ], [ 79.84509762270774, 9.11853507955176 ], [ 79.845562407577788, 9.118278812301185 ], [ 79.845856109914578, 9.118085458892205 ], [ 79.845854970640531, 9.118083749562112 ], [ 79.846423136333755, 9.117706485633851 ], [ 79.848489182877415, 9.116282755552918 ], [ 79.849254675159088, 9.115735564489956 ], [ 79.851268838023813, 9.114242701058748 ], [ 79.851897915735719, 9.11376215105304 ], [ 79.852702172306692, 9.113129106064143 ], [ 79.8534608865004, 9.112583085916883 ], [ 79.853851281406818, 9.112296845937657 ], [ 79.854885431251176, 9.111524411671926 ], [ 79.855270648718019, 9.11123132596385 ], [ 79.856163989281299, 9.110539052436945 ], [ 79.856913059495881, 9.109937174620942 ], [ 79.858881484762492, 9.108297666753794 ], [ 79.859061691720129, 9.108142114470414 ], [ 79.859260094148325, 9.107984043263665 ], [ 79.859871076977171, 9.107482624011498 ], [ 79.860400410232245, 9.107035223681859 ], [ 79.860740115801548, 9.106768490447427 ], [ 79.861023239612493, 9.106543134245662 ], [ 79.86113606157528, 9.106452103636871 ], [ 79.861908552787, 9.10590194799823 ], [ 79.862132283600914, 9.105740902354363 ], [ 79.862772013540578, 9.105275492648374 ], [ 79.862857257047722, 9.105213224721728 ], [ 79.863084248627487, 9.105046740031284 ], [ 79.863169248805022, 9.104984144440223 ], [ 79.86339558767483, 9.104816788805865 ], [ 79.863480342922941, 9.104753866731658 ], [ 79.863706029086345, 9.104585640161712 ], [ 79.863790538460677, 9.104522392308583 ], [ 79.864394089496429, 9.104068863498362 ], [ 79.865386617741351, 9.103286445072481 ], [ 79.86680227561925, 9.102116307747352 ], [ 79.867868684006751, 9.101290533057332 ], [ 79.868724276457186, 9.10059998880881 ], [ 79.870505151398177, 9.099102394080161 ], [ 79.870955300532671, 9.098715405527189 ], [ 79.874811212935342, 9.095326782764378 ], [ 79.876639922036929, 9.093561895230662 ], [ 79.88113667753052, 9.088797168688364 ], [ 79.882116584565949, 9.087819144724731 ], [ 79.882592040283271, 9.087332594819218 ], [ 79.882604351349016, 9.087319677520318 ], [ 79.882819811512562, 9.087117528481917 ], [ 79.884413445698044, 9.085575943261146 ], [ 79.884506632911965, 9.08548300421432 ], [ 79.884815654878295, 9.085207743495253 ], [ 79.885853463974215, 9.084233537160374 ], [ 79.88628823095091, 9.083803505094178 ], [ 79.887354667672312, 9.082687113840185 ], [ 79.890111315677004, 9.079632354308609 ], [ 79.89111236497321, 9.078457676349522 ], [ 79.891417008894422, 9.078078924277918 ], [ 79.891435834176832, 9.078062593633394 ], [ 79.892081474158459, 9.077484270431281 ], [ 79.894134332261984, 9.075585750243818 ], [ 79.894890910476406, 9.074858520203101 ], [ 79.896870114359047, 9.072881329649871 ], [ 79.897597939032693, 9.072125666910416 ], [ 79.898129402014092, 9.07155215440743 ], [ 79.898513897925881, 9.071128385029366 ], [ 79.89952715767275, 9.06998774774684 ], [ 79.899902606572553, 9.069556039185203 ], [ 79.90089130144834, 9.068394741667976 ], [ 79.90125753747806, 9.067955284757753 ], [ 79.902221667528906, 9.066773327298474 ], [ 79.902578529042557, 9.066326316136447 ], [ 79.902798241951615, 9.066045080039991 ], [ 79.905105188109744, 9.063150981217623 ], [ 79.906455527980128, 9.061302167561751 ], [ 79.909836615680774, 9.056237615154577 ], [ 79.913006292593479, 9.054018378673723 ], [ 79.914180967844104, 9.05314815732828 ], [ 79.91533958825633, 9.052240789369753 ], [ 79.915953426698053, 9.051745585584237 ], [ 79.917570758242817, 9.050401771499079 ], [ 79.918169918428731, 9.049889114774894 ], [ 79.919746778182002, 9.048499914256251 ], [ 79.920330758203704, 9.04797023418878 ], [ 79.921867145862024, 9.046535647930588 ], [ 79.922435456566419, 9.045989388360553 ], [ 79.922845985456178, 9.045583197652899 ], [ 79.924091107174817, 9.044266377539016 ], [ 79.925428425249365, 9.04275421178421 ], [ 79.925532567675361, 9.042897546283035 ], [ 79.926030854731167, 9.043561739066458 ], [ 79.927386529583131, 9.04531233189797 ], [ 79.927904998713629, 9.045961083676906 ], [ 79.928049414298627, 9.04613622744812 ], [ 79.92913235831854, 9.047371517473762 ], [ 79.932117657388304, 9.050575937273715 ], [ 79.933273687850431, 9.051743961590715 ], [ 79.936442467604394, 9.054757810479636 ], [ 79.938956643469595, 9.056875273748282 ], [ 79.945979184411385, 9.062099500978787 ], [ 79.948731912623245, 9.063900203959896 ], [ 79.952534458465877, 9.066072468071793 ], [ 79.953987841693987, 9.066845636841613 ], [ 79.953997951901499, 9.066850630780264 ], [ 79.957599900962578, 9.070321789795095 ], [ 79.959094344295664, 9.071659352559177 ], [ 79.963206304757804, 9.075075455005139 ], [ 79.964795831601194, 9.076299968120363 ], [ 79.964959187366105, 9.076416493565777 ], [ 79.966339479487786, 9.077339062514833 ], [ 79.970092272999693, 9.079685488288115 ], [ 79.971526575628587, 9.080522738147932 ], [ 79.971576897239217, 9.080550097381895 ], [ 79.973486635618713, 9.081711288020331 ], [ 79.976109061606309, 9.083116315655023 ], [ 79.981905451683204, 9.085826949990095 ], [ 79.982835061505938, 9.086212719713139 ], [ 79.983111191709426, 9.086626350723739 ], [ 79.983378282042679, 9.087002193630784 ], [ 79.983451256822249, 9.087132786400772 ], [ 79.983889192010011, 9.087886500515028 ], [ 79.984389918642037, 9.088894970113852 ], [ 79.984469168876444, 9.089043436806291 ], [ 79.985478703505194, 9.090776893377202 ], [ 79.987092077810175, 9.093325256136467 ], [ 79.987188991778311, 9.093514772766403 ], [ 79.987223307328733, 9.094089158720497 ], [ 79.987539302721487, 9.097778776045864 ], [ 79.987693458900679, 9.099159365678178 ], [ 79.987773964471614, 9.099743488676673 ], [ 79.988102000739275, 9.10162720302522 ], [ 79.9891536887001, 9.106613582153033 ], [ 79.989614420001985, 9.108469651950415 ], [ 79.991013436260175, 9.113357846367643 ], [ 79.992323193752355, 9.116950352682082 ], [ 79.993610911047767, 9.119830671890886 ], [ 79.993727724360028, 9.120618824059964 ], [ 79.994292251509833, 9.123376188424237 ], [ 79.99413474796593, 9.127725061644952 ], [ 79.994188458050644, 9.130661098148305 ], [ 79.994301972745774, 9.132217949593089 ], [ 79.994657973974569, 9.135038875550658 ], [ 79.996000876615554, 9.142491305493841 ], [ 79.99665205773627, 9.145259701486836 ], [ 79.998760952601089, 9.15249155056811 ], [ 79.999700183819385, 9.155176998803615 ], [ 80.002575132714028, 9.162188253766905 ], [ 80.003792117480032, 9.164761245181619 ], [ 80.003955126877727, 9.16506361998262 ], [ 80.005093500349034, 9.166981670891861 ], [ 80.007194365222887, 9.170210680696124 ], [ 80.008490101859365, 9.173236371101948 ], [ 80.013788230026776, 9.183317181574782 ], [ 80.016076059124842, 9.186941289282833 ], [ 80.019932844599595, 9.192097197473927 ], [ 80.020540521449064, 9.192838045798883 ], [ 80.02118415240426, 9.193958898899185 ], [ 80.023223067013532, 9.196873846465342 ], [ 80.023304699548476, 9.197129421311361 ], [ 80.023397796373388, 9.19738244157154 ], [ 80.023412763589675, 9.197924029491746 ], [ 80.023456843742309, 9.198890502082286 ], [ 80.02362050000653, 9.201463222294359 ], [ 80.023699240398273, 9.202427518021038 ], [ 80.02395529595637, 9.204994435119175 ], [ 80.024068597452853, 9.20595532721217 ], [ 80.024483090390333, 9.208999712168932 ], [ 80.0249098639474, 9.211349984891999 ], [ 80.026323172520009, 9.217555497446627 ], [ 80.026956383505492, 9.219859358679569 ], [ 80.028906079044475, 9.225893808728419 ], [ 80.029740832617108, 9.228133395420098 ], [ 80.032226950912445, 9.233996773817097 ], [ 80.033256788580459, 9.236154719942773 ], [ 80.033839130504788, 9.237247869251627 ], [ 80.034694967458293, 9.238738366446555 ], [ 80.037101433426983, 9.24263735367926 ], [ 80.038050446600295, 9.244071096413725 ], [ 80.040695019310391, 9.247803600159983 ], [ 80.041733413222033, 9.249174847825216 ], [ 80.044616099087861, 9.252740861346478 ], [ 80.04573971993986, 9.254044123251209 ], [ 80.045996392760429, 9.254323440112 ], [ 80.046065043126632, 9.254397868182172 ], [ 80.04624848204385, 9.254596003853228 ], [ 80.046317410865612, 9.254670177536239 ], [ 80.046501589782622, 9.254867632103448 ], [ 80.046570796105328, 9.254941550371337 ], [ 80.046755715022655, 9.255138323833163 ], [ 80.046825197887955, 9.255211985661521 ], [ 80.047221901803226, 9.255630982617388 ], [ 80.047687177379686, 9.256110468912349 ], [ 80.04894353120045, 9.257373772066698 ], [ 80.049420520996208, 9.25784176310208 ], [ 80.050707341314862, 9.259073664348065 ], [ 80.051195757778686, 9.259529877808973 ], [ 80.051994296853991, 9.260257621524216 ], [ 80.052112171830458, 9.260409523520584 ], [ 80.052415437604267, 9.260781861900409 ], [ 80.053208848729085, 9.261712396246567 ], [ 80.055040926925543, 9.263765654872639 ], [ 80.056626832490025, 9.265629321246545 ], [ 80.057883047062305, 9.267006883470714 ], [ 80.059650792620857, 9.268868624569775 ], [ 80.059649653596651, 9.268868055762265 ], [ 80.059651001106317, 9.268868844139327 ], [ 80.059651396714841, 9.268869260780351 ], [ 80.059651598354961, 9.26886919356698 ], [ 80.059652786240321, 9.268869888553889 ], [ 80.059657925873239, 9.268872442065449 ], [ 80.059675629831546, 9.26888201665802 ], [ 80.059663360435579, 9.268876075116262 ], [ 80.059665795091163, 9.26887749954123 ], [ 80.059664474527992, 9.268877180189376 ], [ 80.059686073584487, 9.268887664811185 ], [ 80.059756817045809, 9.268925924024883 ], [ 80.059757308507287, 9.2689228523904 ], [ 80.059758177925744, 9.268922467839928 ], [ 80.059816292759962, 9.268932889649074 ], [ 80.059891307174354, 9.268941462725003 ], [ 80.115444749430026, 9.210756211923929 ], [ 80.115814157306758, 9.211085810670989 ], [ 80.115981987561881, 9.21119456181485 ], [ 80.115857906769079, 9.211096761738535 ], [ 80.115843805175928, 9.211085646732005 ], [ 80.116327621088345, 9.211101094192941 ], [ 80.116598065993429, 9.21110158609642 ], [ 80.116714366291816, 9.211108595483418 ], [ 80.116726409280915, 9.21110932176563 ], [ 80.116746152723437, 9.211110511444163 ], [ 80.117100439624124, 9.211173587162666 ], [ 80.117119497619655, 9.211179304806256 ], [ 80.117331920331907, 9.21121807661579 ], [ 80.117544377498049, 9.21123765451698 ], [ 80.117699023304382, 9.211180357372797 ], [ 80.117740891887479, 9.211125104822822 ], [ 80.117913048566976, 9.211278715608008 ], [ 80.118080859241843, 9.21138745865205 ], [ 80.117956792822511, 9.211289665703505 ], [ 80.117942692862883, 9.211278551507046 ], [ 80.118426450570965, 9.211293995137879 ], [ 80.118696862892705, 9.211294485433706 ], [ 80.118813149219264, 9.211301493684179 ], [ 80.118825190761569, 9.21130221984866 ], [ 80.1188449318322, 9.211303409334285 ], [ 80.119199176416529, 9.211366478858112 ], [ 80.11921823214945, 9.211372196016232 ], [ 80.119430629495312, 9.211410964049172 ], [ 80.119643061177598, 9.211430539430596 ], [ 80.119797688012213, 9.211373245138059 ], [ 80.119913861496599, 9.211219924566576 ], [ 80.119925190761563, 9.211180794960949 ], [ 80.119925824529318, 9.21117858453362 ], [ 80.120011072116441, 9.210780228666117 ], [ 80.120011512686347, 9.210778169787796 ], [ 80.120011873399434, 9.210776485991223 ], [ 80.120013184033752, 9.210774863587577 ], [ 80.120088788263686, 9.210625307700887 ], [ 80.120239683500444, 9.21049460134156 ], [ 80.120244181782851, 9.210489035332335 ], [ 80.120514770192884, 9.210393567891433 ], [ 80.120818536281504, 9.210326235241494 ], [ 80.121287691359356, 9.210222241617473 ], [ 80.122504509377833, 9.210243628069165 ], [ 80.122968142907155, 9.210206079835775 ], [ 80.123020874636993, 9.21020238816387 ], [ 80.124540688604398, 9.210095973045734 ], [ 80.124571508534714, 9.210093815022351 ], [ 80.124789756002983, 9.210094206979086 ], [ 80.126213295565549, 9.210096760310206 ], [ 80.127642581046587, 9.210118510006467 ], [ 80.127927504592122, 9.210119019254629 ], [ 80.128482096646366, 9.210120009839271 ], [ 80.130250195539745, 9.210084779680193 ], [ 80.131235269135701, 9.210086532223396 ], [ 80.132261645043471, 9.209944419183669 ], [ 80.133952108777365, 9.209731512536129 ], [ 80.134726717444138, 9.209670965840766 ], [ 80.136052931992012, 9.209567299593564 ], [ 80.137381233946954, 9.209353737465108 ], [ 80.138854312425508, 9.209188402235435 ], [ 80.140001063534655, 9.209238393085963 ], [ 80.14096682119542, 9.209240084999706 ], [ 80.141991043339019, 9.209216114185194 ], [ 80.142874277095245, 9.209195440544775 ], [ 80.144153821967791, 9.209245649950592 ], [ 80.145237499215483, 9.209320544082914 ], [ 80.145462264126991, 9.209370579115076 ], [ 80.146789796035947, 9.209684766083933 ], [ 80.148443187533331, 9.210071484758267 ], [ 80.149118924587626, 9.210288571821955 ], [ 80.149818557759232, 9.210649644156272 ], [ 80.150276848470824, 9.210938326362111 ], [ 80.151337811080055, 9.211803828364818 ], [ 80.152567766804466, 9.212693608940466 ], [ 80.153363663183484, 9.213246768316907 ], [ 80.153845982354881, 9.213607460252103 ], [ 80.15444912088158, 9.213920376915478 ], [ 80.155661859049559, 9.214359497832152 ], [ 80.156379697455961, 9.214619418406112 ], [ 80.157007194861905, 9.214812417244453 ], [ 80.157875877590996, 9.215173763453238 ], [ 80.158539309096767, 9.215534758217345 ], [ 80.159166685467085, 9.215799726877195 ], [ 80.160397089302634, 9.216449574298702 ], [ 80.161675997714681, 9.216979544484161 ], [ 80.163316590104756, 9.217822005545804 ], [ 80.164013126424848, 9.218151245150082 ], [ 80.164124507679631, 9.218206387492581 ], [ 80.164691313662956, 9.218474304707099 ], [ 80.165396481575513, 9.218836112097984 ], [ 80.165536323669542, 9.218905344599621 ], [ 80.166960013653352, 9.219507514483576 ], [ 80.167587445791654, 9.219748477497561 ], [ 80.16868506689076, 9.220398075363171 ], [ 80.169576312627029, 9.220956407581474 ], [ 80.170566602389883, 9.221576782172916 ], [ 80.171582413495514, 9.222222401221112 ], [ 80.172761709840657, 9.222971921451812 ], [ 80.174642991863763, 9.224318545669984 ], [ 80.175682930732833, 9.225032235343029 ], [ 80.175906899404609, 9.225188556677901 ], [ 80.176499691187004, 9.225595375269757 ], [ 80.177339317491828, 9.226188326583765 ], [ 80.177658005965654, 9.226410756888114 ], [ 80.178554831566885, 9.227060203973499 ], [ 80.180081982146717, 9.228166098253265 ], [ 80.180740364998243, 9.228613657923496 ], [ 80.181673977144698, 9.229248310867277 ], [ 80.183072914023356, 9.23025822796397 ], [ 80.184278710740159, 9.231243832599937 ], [ 80.184984889114574, 9.231748372628045 ], [ 80.185725920704158, 9.232277810070924 ], [ 80.186738976031805, 9.232999191925416 ], [ 80.187213801406088, 9.233342721011137 ], [ 80.187122005144843, 9.233486971308139 ], [ 80.187331937941792, 9.233428190839996 ], [ 80.187490906492215, 9.23354320183323 ], [ 80.188221622881017, 9.234071860922176 ], [ 80.18959721066723, 9.235067064593006 ], [ 80.190326101820176, 9.235551521669962 ], [ 80.190326398214779, 9.235551719271495 ], [ 80.190452382049841, 9.234364461640013 ], [ 80.191687351120919, 9.235257968824193 ], [ 80.192416157263295, 9.235742389906301 ], [ 80.192416453623309, 9.235742587493155 ], [ 80.19317676168545, 9.22857657411558 ], [ 80.193176983507385, 9.228574482222063 ], [ 80.193215101339121, 9.228558648231333 ], [ 80.193215569422662, 9.228558453683565 ], [ 80.193297618502982, 9.22662499804427 ], [ 80.193439444330537, 9.224561650126466 ], [ 80.19363699827214, 9.220159671107236 ], [ 80.193816396663564, 9.216273555330801 ], [ 80.194064236941557, 9.212869051070999 ], [ 80.19415379067604, 9.211011975049884 ], [ 80.194434671802838, 9.20857052457886 ], [ 80.19461164945352, 9.206163299867967 ], [ 80.194892634860111, 9.203653061451993 ], [ 80.195093731896804, 9.200491965449684 ], [ 80.195177822185315, 9.199170115173894 ], [ 80.195184842049343, 9.199059760421529 ], [ 80.195194539862641, 9.19890731259377 ], [ 80.195406785487094, 9.196087426160954 ], [ 80.195498324780573, 9.192992202045655 ], [ 80.195605667244109, 9.190825613195106 ], [ 80.195643114631793, 9.189071630284701 ], [ 80.195784565115275, 9.187214633363135 ], [ 80.195959348741169, 9.186148727588355 ], [ 80.195909541181095, 9.184841713137263 ], [ 80.195911484357424, 9.183637960801686 ], [ 80.195983761204772, 9.181746459865368 ], [ 80.196056591437411, 9.179511028303194 ], [ 80.19616358774195, 9.177550795290188 ], [ 80.196096638430831, 9.176140574136491 ], [ 80.196149369487784, 9.17559113216274 ], [ 80.196149442599733, 9.175590370060855 ], [ 80.196253776344292, 9.175280998635694 ], [ 80.196635552952941, 9.17462813802058 ], [ 80.198439702936568, 9.171913951623049 ], [ 80.200070166788151, 9.169577802684399 ], [ 80.200438790946393, 9.169030233634427 ], [ 80.202082365423252, 9.1665887770098 ], [ 80.204320043505064, 9.163256159976322 ], [ 80.206228013255696, 9.160473302749731 ], [ 80.208656398334071, 9.156865805508655 ], [ 80.210338690664457, 9.15449528875911 ], [ 80.21196915407964, 9.15205589457684 ], [ 80.213703528620442, 9.149547865169994 ], [ 80.213889504424813, 9.149271568875145 ], [ 80.215160473626099, 9.147383333930939 ], [ 80.21587166174838, 9.146283841233299 ], [ 80.216253210535456, 9.14573413489229 ], [ 80.21653109162925, 9.145081089139326 ], [ 80.216982334187122, 9.144221948543532 ], [ 80.217100097056289, 9.143924221769359 ], [ 80.217295035673885, 9.143431382714757 ], [ 80.217538039573, 9.142950249180533 ], [ 80.217850577300027, 9.142262860942456 ], [ 80.217954721739474, 9.142056661963272 ], [ 80.217997976332995, 9.142039485286842 ], [ 80.218138152912672, 9.141257112803077 ], [ 80.218490138554913, 9.139768301074504 ], [ 80.218742441164935, 9.138130402372536 ], [ 80.21919517090079, 9.136095648597266 ], [ 80.219547757267165, 9.134209676057226 ], [ 80.220252534768136, 9.130685953380798 ], [ 80.220403922169609, 9.129693283889125 ], [ 80.220404408141079, 9.129691418400247 ], [ 80.22085617195961, 9.127956394515111 ], [ 80.221308112449094, 9.126418084156724 ], [ 80.222010422100311, 9.124482991458173 ], [ 80.222562485458411, 9.122795895339596 ], [ 80.222963927647527, 9.121605020756089 ], [ 80.223364912283458, 9.120712015243623 ], [ 80.223715942616053, 9.119818932967938 ], [ 80.223895687899372, 9.119311005527031 ], [ 80.223927578261424, 9.119311053554169 ], [ 80.225933358411538, 9.114619040166092 ], [ 80.225933635509136, 9.114617493528085 ], [ 80.225933879282351, 9.1146169233555 ], [ 80.226074221743445, 9.113833440371739 ], [ 80.2258901546343, 9.11286507135614 ], [ 80.223622957376577, 9.109173694712327 ], [ 80.222669979511849, 9.107867214283203 ], [ 80.21954976453155, 9.103589489325543 ], [ 80.217652398377723, 9.100774533075123 ], [ 80.216635254180687, 9.098652404046421 ], [ 80.216216034937716, 9.097593813905922 ], [ 80.216174703348798, 9.096531121080464 ], [ 80.216483431623757, 9.091829430153979 ], [ 80.216865549729221, 9.084638469428565 ], [ 80.216992627291361, 9.077401017789049 ], [ 80.217227852408499, 9.075234690032888 ], [ 80.218093428147981, 9.070303336811907 ], [ 80.218975681051205, 9.065090542028114 ], [ 80.219123060388284, 9.064219734120817 ], [ 80.220505114333349, 9.055094072285296 ], [ 80.220547583947905, 9.054614699453669 ], [ 80.220258396905407, 9.054481496623316 ], [ 80.219556413764238, 9.054267969584355 ], [ 80.219166641928979, 9.054149408522116 ], [ 80.218265100071704, 9.053652383410334 ], [ 80.216888775924076, 9.053083827242087 ], [ 80.216129199951837, 9.052917454716953 ], [ 80.215131925265354, 9.052915940831669 ], [ 80.214956636845457, 9.052944707603505 ], [ 80.214802735024875, 9.052881133266991 ], [ 80.214043068471284, 9.052714745523154 ], [ 80.213045673607496, 9.052713225859069 ], [ 80.211383450730523, 9.052985986719058 ], [ 80.21136828912816, 9.052981012282666 ], [ 80.210205644879167, 9.05243636311172 ], [ 80.209588505183788, 9.052293798322321 ], [ 80.208242921571554, 9.052291731166994 ], [ 80.208118802307695, 9.052233588680668 ], [ 80.207501589062417, 9.052091011042055 ], [ 80.206147984996832, 9.052088923954623 ], [ 80.205714224674495, 9.052072854984687 ], [ 80.20446119289285, 9.05131817103991 ], [ 80.203477019228501, 9.050537746694021 ], [ 80.202196230425372, 9.049638843591239 ], [ 80.200606623059059, 9.048833868850561 ], [ 80.198542735577121, 9.047650497277775 ], [ 80.19768839107266, 9.047365924055264 ], [ 80.196667615775254, 9.047222705939634 ], [ 80.196634952443688, 9.047148423258115 ], [ 80.197385769319396, 9.047197803735456 ], [ 80.198649168880237, 9.047197803734925 ], [ 80.200736524676572, 9.045440030424702 ], [ 80.2022196459003, 9.044286491689817 ], [ 80.202659089225847, 9.043572396282704 ], [ 80.205185888347657, 9.042308996715544 ], [ 80.205570401257475, 9.042254066299462 ], [ 80.20694366164976, 9.041869553387459 ], [ 80.20834438724988, 9.041141725375972 ], [ 80.210816255956033, 9.039686069353124 ], [ 80.21226161251883, 9.039456048235856 ], [ 80.213435750154147, 9.039909224166674 ], [ 80.215159191946242, 9.04099409988032 ], [ 80.217768386691262, 9.043548364219369 ], [ 80.218578610322638, 9.044125133586155 ], [ 80.219745881656067, 9.04401527275383 ], [ 80.220885687781603, 9.044042737961307 ], [ 80.223055439201474, 9.042353627670943 ], [ 80.22396179106039, 9.041914184343222 ], [ 80.224957404844773, 9.042024045174644 ], [ 80.225561639417307, 9.042600814541519 ], [ 80.226310066331038, 9.043136386096396 ], [ 80.227772588648705, 9.043493433799243 ], [ 80.229173314248754, 9.04411826727971 ], [ 80.230148329127147, 9.045168811483727 ], [ 80.231116477703594, 9.045972168816109 ], [ 80.232366144660574, 9.04575244715191 ], [ 80.233437287766492, 9.045958436211148 ], [ 80.234535896080232, 9.046391013236043 ], [ 80.235311788201841, 9.046363548027754 ], [ 80.236623251876466, 9.045862307981961 ], [ 80.238463420802148, 9.044537111697185 ], [ 80.23956202911593, 9.044715635548455 ], [ 80.240482113578707, 9.045127613667441 ], [ 80.241306069813945, 9.046061430737701 ], [ 80.242432143335449, 9.047626947590867 ], [ 80.243365960402073, 9.048849149344637 ], [ 80.244128119919651, 9.05038720099 ], [ 80.245061936986303, 9.051437745194033 ], [ 80.246366534358941, 9.051451477797464 ], [ 80.247520073088438, 9.051300419153204 ], [ 80.248968862802144, 9.051739862479934 ], [ 80.250136134135488, 9.052536353510241 ], [ 80.251838977021862, 9.05248142309361 ], [ 80.253541819908278, 9.052261701429234 ], [ 80.254942545508428, 9.051575071229681 ], [ 80.256068619030188, 9.050407799890962 ], [ 80.257332018591143, 9.049199330740256 ], [ 80.25974895688168, 9.047139440142347 ], [ 80.262220825587889, 9.045711249327463 ], [ 80.264198320552794, 9.044791164860014 ], [ 80.266381804576525, 9.044283058511862 ], [ 80.268318101729619, 9.044173197679214 ], [ 80.269924816388624, 9.043720021747225 ], [ 80.272067102600744, 9.04135801386189 ], [ 80.276214348985675, 9.03789739765736 ], [ 80.278081983119435, 9.034958620404987 ], [ 80.278277672725338, 9.034598139550452 ], [ 80.279359115284336, 9.033877177841081 ], [ 80.284879622061268, 9.033300408471634 ], [ 80.28611555641433, 9.032730505405969 ], [ 80.289160761334401, 9.031024229360261 ], [ 80.289665434528558, 9.031017363058059 ], [ 80.290753743389359, 9.03151173680086 ], [ 80.291704726210938, 9.03233912619022 ], [ 80.292552714503202, 9.032095372469231 ], [ 80.293548328287656, 9.031532335705663 ], [ 80.294083899840658, 9.030898919346887 ], [ 80.295180791579099, 9.029992567483788 ], [ 80.295912052738018, 9.029776278970807 ], [ 80.296941998032267, 9.029395199209953 ], [ 80.298157333479494, 9.028560943517702 ], [ 80.301453158421154, 9.026634945808219 ], [ 80.302323462194821, 9.025697695586258 ], [ 80.303595444633231, 9.024971584150316 ], [ 80.305418447804072, 9.024482360132785 ], [ 80.306299051030621, 9.024487509858908 ], [ 80.307303247692474, 9.024271221345822 ], [ 80.308456786422241, 9.022376121996185 ], [ 80.308539182046317, 9.016526032700936 ], [ 80.310104698893667, 9.014466142103373 ], [ 80.310640270446811, 9.013055117044269 ], [ 80.310094399441013, 9.011571995814727 ], [ 80.30986781147638, 9.010696542311134 ], [ 80.310114998347117, 9.009223720534242 ], [ 80.310650569900204, 9.008317368671376 ], [ 80.310835960053268, 9.00713293157807 ], [ 80.311536322853371, 9.006659156740497 ], [ 80.311680515194624, 9.005866098860627 ], [ 80.312998845171421, 9.003435427955731 ], [ 80.313894897577455, 9.002817460776276 ], [ 80.314523164207046, 9.001867336238186 ], [ 80.31583119473099, 8.998772350615788 ], [ 80.31681221762382, 8.997621386744356 ], [ 80.317511292992293, 8.99737033757757 ], [ 80.31883219783218, 8.9970961146413 ], [ 80.3193729191117, 8.996478147461994 ], [ 80.319936814160371, 8.995497124564979 ], [ 80.320794243617911, 8.994492927898621 ], [ 80.3238840795008, 8.991866567386273 ], [ 80.324865102393602, 8.991256324796526 ], [ 80.327082059639608, 8.989139787207264 ], [ 80.328086256301688, 8.98652887587526 ], [ 80.328132603840046, 8.985200246440236 ], [ 80.327313797331257, 8.984010659620862 ], [ 80.327111026851497, 8.983840718646709 ], [ 80.326981639973923, 8.9832343383523 ], [ 80.327784997303723, 8.980190849995028 ], [ 80.327634367804521, 8.979426115610988 ], [ 80.327912453034202, 8.977073978035529 ], [ 80.328561318569683, 8.975776246959201 ], [ 80.328474416935549, 8.975043376507806 ], [ 80.3282832333404, 8.974197533931534 ], [ 80.328257162850178, 8.973603706095414 ], [ 80.328567112012223, 8.973006981537983 ], [ 80.32908272837517, 8.972555093038071 ], [ 80.329140662798068, 8.972100307817197 ], [ 80.328998723462277, 8.971642625875253 ], [ 80.32892775379436, 8.971027072630507 ], [ 80.329251462381862, 8.970738124695476 ], [ 80.330218378846226, 8.970623930515908 ], [ 80.330759341519197, 8.970167696934265 ], [ 80.33124816321164, 8.969366029355257 ], [ 80.331385033285599, 8.968714267096027 ], [ 80.331802161129772, 8.96825803351442 ], [ 80.334878478980585, 8.967580200763578 ], [ 80.33555631172743, 8.966693804090806 ], [ 80.335191324863857, 8.965807407418476 ], [ 80.334904549471091, 8.965103504178675 ], [ 80.335113113393248, 8.964217107506101 ], [ 80.337668021438745, 8.964138896033919 ], [ 80.339049757422657, 8.96304393543792 ], [ 80.339127968893578, 8.96145363552548 ], [ 80.33938867379635, 8.959628701199664 ], [ 80.340040436052945, 8.958716234036533 ], [ 80.340483634387454, 8.957960189815692 ], [ 80.340604053072397, 8.957691863127152 ], [ 80.340604047348961, 8.957691797183376 ], [ 80.340665849811117, 8.957595482436668 ], [ 80.341440189276966, 8.956931173660612 ], [ 80.342130655090173, 8.956474643090891 ], [ 80.342792654906887, 8.956287408099934 ], [ 80.343279850817382, 8.956665064620912 ], [ 80.343948855757304, 8.956748995330349 ], [ 80.344618056103101, 8.956666611151343 ], [ 80.344858028172737, 8.956492069440324 ], [ 80.345349857571392, 8.956873334247382 ], [ 80.346018782337183, 8.956957255718383 ], [ 80.346687901544229, 8.95687487319354 ], [ 80.347315640063485, 8.956418261515736 ], [ 80.347807385317722, 8.956044643599792 ], [ 80.348769175200786, 8.955983380827904 ], [ 80.349626621330074, 8.955755692577279 ], [ 80.350338220465645, 8.955091292661056 ], [ 80.351301750719983, 8.95351251191976 ], [ 80.3517624382892, 8.952868611557831 ], [ 80.352139617314819, 8.952120676658433 ], [ 80.352746600163698, 8.951518515942322 ], [ 80.353593936502236, 8.950978989481055 ], [ 80.354179511826572, 8.950813346878327 ], [ 80.355308516318004, 8.950773042588921 ], [ 80.356730094765155, 8.950837001201863 ], [ 80.357399083602971, 8.950858538772813 ], [ 80.357900982759361, 8.950734371960392 ], [ 80.358434336001963, 8.950527088795527 ], [ 80.358915563239918, 8.950195019695302 ], [ 80.359606486009937, 8.949301911059806 ], [ 80.36031833593583, 8.948388035584086 ], [ 80.361218223913085, 8.947578306324896 ], [ 80.361908554664083, 8.94720488921182 ], [ 80.362535784775005, 8.947134022170033 ], [ 80.362694484577517, 8.947165553555511 ], [ 80.363321568044086, 8.94733255964092 ], [ 80.363969631267864, 8.947437219653883 ], [ 80.36457608345313, 8.94735472934738 ], [ 80.364616721233602, 8.947345452117657 ], [ 80.364762097127027, 8.947374336976486 ], [ 80.365389105935222, 8.94754132862294 ], [ 80.366037091619148, 8.947645978163985 ], [ 80.366643470224716, 8.947563489877531 ], [ 80.367459028762482, 8.947377289405367 ], [ 80.368379393406457, 8.946941746788211 ], [ 80.369854368250955, 8.945966318393991 ], [ 80.371235256845253, 8.944990781175472 ], [ 80.372574348663477, 8.943994406609828 ], [ 80.373704076745668, 8.943268044460631 ], [ 80.374823258298449, 8.942624819213943 ], [ 80.375409126690741, 8.94216811122787 ], [ 80.375765160020421, 8.941586430396525 ], [ 80.37595401120943, 8.940942206607382 ], [ 80.37595421822256, 8.940940817060604 ], [ 80.376059304543361, 8.940235529384189 ], [ 80.376102305150397, 8.939133814866912 ], [ 80.376040507405705, 8.938281444142714 ], [ 80.376093265232427, 8.937824166392483 ], [ 80.376093504356675, 8.93782335376441 ], [ 80.376093634699487, 8.937822226355824 ], [ 80.37624051475548, 8.937323472551061 ], [ 80.376533420607032, 8.937115906355775 ], [ 80.377035273038345, 8.937012501048288 ], [ 80.377599820873272, 8.936929949420803 ], [ 80.378101605878584, 8.936888906735557 ], [ 80.378603592246151, 8.936660771988818 ], [ 80.379064031902487, 8.93618313768668 ], [ 80.379670892484512, 8.935560218264213 ], [ 80.379975822275142, 8.933608335592863 ], [ 80.37997596284211, 8.933607839330634 ], [ 80.380542403213255, 8.931613290906084 ], [ 80.380542502480694, 8.931612296380859 ], [ 80.380753717767689, 8.929493143386097 ], [ 80.380817142909549, 8.928827996197352 ], [ 80.38093057610719, 8.927073272560461 ], [ 80.380934047747786, 8.92701956709055 ], [ 80.38145997247257, 8.923922715805228 ], [ 80.381523371948688, 8.923278355952206 ], [ 80.381639542897076, 8.922155928082423 ], [ 80.381639812214686, 8.922154917458935 ], [ 80.382038325580723, 8.920659613831917 ], [ 80.382521649987623, 8.918290292418222 ], [ 80.382522007556886, 8.918288370442589 ], [ 80.383183981282656, 8.914673879686509 ], [ 80.383184085513378, 8.914673338173596 ], [ 80.383457140207611, 8.913343734677824 ], [ 80.383457205260143, 8.913343267269099 ], [ 80.383457502305816, 8.913341819034565 ], [ 80.384015723487067, 8.909309537599867 ], [ 80.384267880454601, 8.907855949228559 ], [ 80.384268107327728, 8.90785464378486 ], [ 80.385055705953533, 8.904342297209167 ], [ 80.385215950810917, 8.903923498472766 ], [ 80.385516859409137, 8.903137074112877 ], [ 80.385852325014383, 8.902181175529876 ], [ 80.386638004256085, 8.900477375704565 ], [ 80.387308639527419, 8.898835818499068 ], [ 80.388198304567268, 8.896995612088904 ], [ 80.388348378828979, 8.896685194341467 ], [ 80.388534145471851, 8.89630094728944 ], [ 80.389099728513386, 8.895158190106654 ], [ 80.390167658514756, 8.893371518408536 ], [ 80.390984308880761, 8.892000345848746 ], [ 80.392062650310365, 8.890234466138608 ], [ 80.392879649397273, 8.888509893881553 ], [ 80.393864077533067, 8.886577607868631 ], [ 80.396429943859758, 8.88142477194407 ], [ 80.397613730281975, 8.878681941232317 ], [ 80.398410235156689, 8.876499996496285 ], [ 80.398724507470888, 8.875772729786853 ], [ 80.398912995175152, 8.875121778490415 ], [ 80.399825715045537, 8.871969618521749 ], [ 80.400203417954842, 8.870514831241039 ], [ 80.400287401966665, 8.870140730231897 ], [ 80.40086501704323, 8.867004178570653 ], [ 80.401011892331212, 8.866443047808469 ], [ 80.401011981416147, 8.866442154533232 ], [ 80.401012236961222, 8.866441179139576 ], [ 80.401138919323841, 8.865173233848166 ], [ 80.401202229324127, 8.864570443391719 ], [ 80.401466103065303, 8.861972198897123 ], [ 80.401466644040255, 8.861431710677538 ], [ 80.40115386887544, 8.860683030525966 ], [ 80.400695014532602, 8.859705537566109 ], [ 80.40015236758866, 8.858915052788651 ], [ 80.399035478403448, 8.857583506964348 ], [ 80.398845106255948, 8.857330526974636 ], [ 80.398284033928235, 8.856584931844496 ], [ 80.397428066783959, 8.855607037782693 ], [ 80.39659302627355, 8.854608375888004 ], [ 80.395841489689118, 8.853713735554345 ], [ 80.395121308162302, 8.852819126266635 ], [ 80.394160979653407, 8.851716392928743 ], [ 80.393305097316201, 8.850676126519934 ], [ 80.392323580842685, 8.849864399541469 ], [ 80.391404728265954, 8.849094309537156 ], [ 80.390266464039343, 8.848282419141437 ], [ 80.389410086669315, 8.847741056602503 ], [ 80.388240328669923, 8.847074643328938 ], [ 80.386924334717293, 8.846345712744949 ], [ 80.38584837943641, 8.845928845829453 ], [ 80.384991753032409, 8.845636929606576 ], [ 80.384302030715958, 8.845636216978612 ], [ 80.383678468677701, 8.845677616258053 ], [ 80.382927150031776, 8.845421595553567 ], [ 80.382237344571095, 8.845420879077524 ], [ 80.381003966615509, 8.845502752656301 ], [ 80.379893887837468, 8.845651271214305 ], [ 80.379470645549802, 8.845761875683641 ], [ 80.379187666339348, 8.845767207778332 ], [ 80.37844329488918, 8.845635199571145 ], [ 80.377054159500659, 8.845118804930141 ], [ 80.375474432509364, 8.844466693946696 ], [ 80.374289742777847, 8.84388275017518 ], [ 80.372165515791593, 8.842803194416572 ], [ 80.37091289171768, 8.842056558020966 ], [ 80.369932797081816, 8.841498124156232 ], [ 80.3696738534438, 8.841350583772002 ], [ 80.369129224199455, 8.841038329001671 ], [ 80.36761808597582, 8.839986508545186 ], [ 80.366392714550045, 8.839253436735163 ], [ 80.365507845636174, 8.838615587427476 ], [ 80.364867930791931, 8.838235468199207 ], [ 80.364404995596587, 8.837977498502539 ], [ 80.36395570706884, 8.83769921732457 ], [ 80.363615255534924, 8.83756333814687 ], [ 80.362947678246655, 8.83756261096789 ], [ 80.362185127025413, 8.837666895679767 ], [ 80.361888612502497, 8.837483247695287 ], [ 80.361548120688738, 8.837347357746843 ], [ 80.360880462936734, 8.837346626839631 ], [ 80.35950405905686, 8.837534841321846 ], [ 80.358740764803557, 8.837764381552731 ], [ 80.357432093453809, 8.838305008249179 ], [ 80.357254762796288, 8.838480984935924 ], [ 80.357255111597865, 8.838482096669791 ], [ 80.357472001574621, 8.839172366101399 ], [ 80.357471112104705, 8.839172603845965 ], [ 80.35747161583221, 8.839174207673913 ], [ 80.356967311493079, 8.839309167675838 ], [ 80.356421947686869, 8.839606703649777 ], [ 80.355958261171537, 8.839972087247771 ], [ 80.355894351699035, 8.840003779909624 ], [ 80.355832994487258, 8.839833176943868 ], [ 80.355642819389217, 8.839331582863768 ], [ 80.355520825862428, 8.83877586147954 ], [ 80.355193665685704, 8.838938108692046 ], [ 80.354580338450361, 8.83915424111448 ], [ 80.353885128177339, 8.839492239355 ], [ 80.353730065606896, 8.839525405160932 ], [ 80.353574713726573, 8.839115674228266 ], [ 80.353452708594858, 8.838559915799658 ], [ 80.353125508079856, 8.838722171826168 ], [ 80.352512105713373, 8.838938315010392 ], [ 80.352107460683456, 8.839135032496628 ], [ 80.35184214278236, 8.838934370106292 ], [ 80.351501832352312, 8.838676522163144 ], [ 80.351229826894183, 8.838256140071257 ], [ 80.351134589154881, 8.838140850419025 ], [ 80.350398290575285, 8.838668508404126 ], [ 80.350275627685676, 8.838709022924208 ], [ 80.35001717117332, 8.838356409522154 ], [ 80.349881269971306, 8.838058136740763 ], [ 80.349513574758348, 8.837922214325319 ], [ 80.348995908066726, 8.837880978670686 ], [ 80.348069566957065, 8.837798627492585 ], [ 80.348071227114573, 8.837796899614645 ], [ 80.348628817072338, 8.837216571529986 ], [ 80.348627899428081, 8.837216100305355 ], [ 80.347253598124325, 8.836510371943467 ], [ 80.346205204630479, 8.835940046996075 ], [ 80.344870875562421, 8.835227109294586 ], [ 80.340322588561804, 8.833412864694461 ], [ 80.338947164534432, 8.832909898267557 ], [ 80.337190365021684, 8.8323319560106 ], [ 80.336495789115702, 8.832127887449897 ], [ 80.335842054221885, 8.831950967843056 ], [ 80.334668180483646, 8.831982724424442 ], [ 80.334425415927242, 8.831911401745318 ], [ 80.333771603233501, 8.831734466954277 ], [ 80.331850352781743, 8.831786426783539 ], [ 80.329343330385328, 8.831736047802309 ], [ 80.327749123646328, 8.831761268440077 ], [ 80.326781654148419, 8.831814329629037 ], [ 80.326230650221703, 8.831768995267986 ], [ 80.324834643807321, 8.831436637208252 ], [ 80.323676984347586, 8.831137138510512 ], [ 80.321157424061241, 8.830449803940436 ], [ 80.319931636344293, 8.830163762608301 ], [ 80.318651307019252, 8.829918303756562 ], [ 80.31737122004634, 8.829476354055215 ], [ 80.31620023315655, 8.828946452879931 ], [ 80.315056447138588, 8.828457232616939 ], [ 80.313844680057045, 8.827859519865752 ], [ 80.310440792463936, 8.826236029432412 ], [ 80.309242798733479, 8.825529913243493 ], [ 80.308657427634998, 8.825176870596037 ], [ 80.307132689892242, 8.824300959112581 ], [ 80.304641387039439, 8.822875033262116 ], [ 80.302653696405599, 8.821822368441284 ], [ 80.301496397460198, 8.821278889220121 ], [ 80.300393594644291, 8.820735474970002 ], [ 80.299059233984934, 8.820164664626462 ], [ 80.297942737732626, 8.819682204947998 ], [ 80.297275387869405, 8.819532303708904 ], [ 80.296662324067071, 8.819545079427401 ], [ 80.296065417798317, 8.819550088719646 ], [ 80.295867788196389, 8.819464692215963 ], [ 80.295200358761235, 8.819314777486856 ], [ 80.29458722101991, 8.819327550654632 ], [ 80.293183838920967, 8.819339318058891 ], [ 80.292025599588641, 8.819432702850422 ], [ 80.29003616290079, 8.81958600193153 ], [ 80.28950473871663, 8.819625975006694 ], [ 80.288155662274846, 8.819786861022411 ], [ 80.286956493630683, 8.819920832116477 ], [ 80.284285452224438, 8.820344254085482 ], [ 80.283018067474416, 8.820545882105272 ], [ 80.281805217280265, 8.820720474351633 ], [ 80.279393255351749, 8.820981578052747 ], [ 80.278275939169532, 8.821034318916077 ], [ 80.276954159064019, 8.821154545320507 ], [ 80.273111519743566, 8.821454375872227 ], [ 80.271830612035131, 8.821574638324194 ], [ 80.271112761199333, 8.821645957161468 ], [ 80.270101757930036, 8.821746397401125 ], [ 80.269479183259293, 8.821808247004052 ], [ 80.268532927994102, 8.821902250728785 ], [ 80.266679807307398, 8.82199462504953 ], [ 80.262836767139405, 8.822578933061926 ], [ 80.261732866521896, 8.822780710567312 ], [ 80.258721180796087, 8.823189933133289 ], [ 80.256568078678583, 8.823444466349445 ], [ 80.252643491253593, 8.82386593823299 ], [ 80.251403485212222, 8.823959083376792 ], [ 80.247152118872123, 8.82421742443832 ], [ 80.246102995327121, 8.824215957426974 ], [ 80.24344613497945, 8.824205453576727 ], [ 80.242069916445345, 8.824271272763461 ], [ 80.240870763751346, 8.824377991700338 ], [ 80.237061900629541, 8.824696718429664 ], [ 80.236810024907214, 8.824717794188928 ], [ 80.235229361981808, 8.824830727747537 ], [ 80.232980513480697, 8.82532891570731 ], [ 80.231494945846563, 8.825631690618939 ], [ 80.230336505356959, 8.825846846979664 ], [ 80.22919164876393, 8.826089122542033 ], [ 80.228139992655571, 8.826250047987191 ], [ 80.227869589340628, 8.825779953157545 ], [ 80.227176646120938, 8.824518738537369 ], [ 80.22670122233427, 8.823569502888022 ], [ 80.225573649212862, 8.821420085971237 ], [ 80.224173626264374, 8.819270269236405 ], [ 80.223507653292813, 8.818212346676351 ], [ 80.222787251693418, 8.81711369280802 ], [ 80.222044104096355, 8.816037813701556 ], [ 80.221264733891971, 8.814909484904183 ], [ 80.220517078997105, 8.813824336722092 ], [ 80.219157800272953, 8.811796520479829 ], [ 80.218505496715423, 8.81072506011893 ], [ 80.217287510710278, 8.808624624793794 ], [ 80.217291128303728, 8.808597938305018 ], [ 80.216188423722727, 8.805822663420441 ], [ 80.215445906290128, 8.804170081586394 ], [ 80.214874182915921, 8.802178985772608 ], [ 80.214110170260966, 8.80067458010568 ], [ 80.21360749464651, 8.799803480378397 ], [ 80.21360900190821, 8.799803366875764 ], [ 80.213346426414034, 8.799348340516731 ], [ 80.212912565086427, 8.798491604811071 ], [ 80.212391435360956, 8.797462538902735 ], [ 80.211351442265737, 8.795491916570754 ], [ 80.210226528857859, 8.79338354241766 ], [ 80.209080326584399, 8.791285720876633 ], [ 80.208316358519383, 8.789781306355854 ], [ 80.207424803588282, 8.788202595467181 ], [ 80.207295847526524, 8.787921594129193 ], [ 80.206958088988216, 8.787185599769725 ], [ 80.206237315273256, 8.785278963324112 ], [ 80.20600437813485, 8.784495218528852 ], [ 80.205029379359672, 8.781815389670898 ], [ 80.204902255409237, 8.781434087282666 ], [ 80.204179280263418, 8.780988370302373 ], [ 80.204073697773296, 8.780692871015381 ], [ 80.20443501255339, 8.780418872229356 ], [ 80.204434901802131, 8.780417584490714 ], [ 80.204393185382131, 8.779931833102101 ], [ 80.203926745708912, 8.778745450320715 ], [ 80.202591437132213, 8.77509111986447 ], [ 80.201913142721693, 8.773269229402514 ], [ 80.200980990310015, 8.770441244035549 ], [ 80.200218258233022, 8.768174593444 ], [ 80.19918023258451, 8.765007679098131 ], [ 80.198797691071448, 8.76464715976129 ], [ 80.198159302047046, 8.764582672862396 ], [ 80.197156167957147, 8.764976649326966 ], [ 80.197093692250775, 8.764786047545433 ], [ 80.196711106687317, 8.764425502549907 ], [ 80.196072641154785, 8.764361007914756 ], [ 80.194837336049403, 8.7648461333965 ], [ 80.192025588838248, 8.766175807748407 ], [ 80.190364133392166, 8.766935527187528 ], [ 80.183228026430044, 8.770386463584993 ], [ 80.18224801534997, 8.770935463955373 ], [ 80.180586921094147, 8.771806000198593 ], [ 80.180401375725182, 8.771330801286954 ], [ 80.180335122175521, 8.771161118405189 ], [ 80.179868668502735, 8.770038230251863 ], [ 80.179253270642079, 8.76889393465726 ], [ 80.178808138964115, 8.767749905456595 ], [ 80.178469157060462, 8.766775425424632 ], [ 80.178172607566765, 8.765885702807944 ], [ 80.177875907189758, 8.765091256139591 ], [ 80.177600643616628, 8.764201566614808 ], [ 80.177282479006593, 8.763523536541628 ], [ 80.177006610186709, 8.763014955705771 ], [ 80.176858304586204, 8.762591266445467 ], [ 80.176753204605291, 8.761765362628299 ], [ 80.176648205968206, 8.760875940452935 ], [ 80.176457453852905, 8.760378079525539 ], [ 80.17630904868517, 8.760017908425509 ], [ 80.175947784969964, 8.759678574533583 ], [ 80.175607837850237, 8.759318101409054 ], [ 80.175310557887528, 8.758894176825617 ], [ 80.174864942986915, 8.758067735545529 ], [ 80.174322681510489, 8.757380787090197 ], [ 80.174312714967144, 8.757368161511412 ], [ 80.174314003289169, 8.757367309990347 ], [ 80.174632288712203, 8.757156938135338 ], [ 80.174631673142756, 8.757155963350639 ], [ 80.17463285956326, 8.757155178577632 ], [ 80.174017226452293, 8.75618025952885 ], [ 80.172297682934229, 8.753478011421864 ], [ 80.171743923967085, 8.753741793062323 ], [ 80.170956383290161, 8.753804062082398 ], [ 80.170573972173301, 8.75383062648031 ], [ 80.170207970287478, 8.753255478523005 ], [ 80.169654143182058, 8.753519274327953 ], [ 80.169536810576631, 8.753528550488443 ], [ 80.169255277973633, 8.752890929931153 ], [ 80.168980075478586, 8.751980063083424 ], [ 80.169023135802846, 8.751579255492496 ], [ 80.169023287116985, 8.751577849718302 ], [ 80.169747827449982, 8.750986165127209 ], [ 80.17017431625743, 8.750457523937236 ], [ 80.170942489427148, 8.749298950804265 ], [ 80.171176993885652, 8.748945263635751 ], [ 80.171795523613469, 8.748099333355857 ], [ 80.172434790371682, 8.747592199591605 ], [ 80.173265524163057, 8.747127712295232 ], [ 80.174308634058974, 8.746938803743001 ], [ 80.175543043622596, 8.746898403913299 ], [ 80.176288207452245, 8.746709020650092 ], [ 80.177097686203339, 8.746223318523443 ], [ 80.178035456993683, 8.745356705236421 ], [ 80.179314081480925, 8.744268307966035 ], [ 80.180400612232049, 8.743528957826838 ], [ 80.181018873870471, 8.743357769561563 ], [ 80.18146515859307, 8.743234198375871 ], [ 80.182593480884705, 8.742981881031731 ], [ 80.183743183672604, 8.742666074783704 ], [ 80.184871801320639, 8.742223194990096 ], [ 80.185766651572152, 8.741568222623524 ], [ 80.186022524095179, 8.74090309600899 ], [ 80.186023070706369, 8.740901674558247 ], [ 80.186067351990786, 8.739800755995534 ], [ 80.186090284578086, 8.738742234530271 ], [ 80.18638905281361, 8.737855093886143 ], [ 80.18719942435888, 8.736776528555412 ], [ 80.188434724115808, 8.736143244980989 ], [ 80.189839629002606, 8.735923088562206 ], [ 80.191138176112375, 8.735671004181954 ], [ 80.192415506189633, 8.735376537602839 ], [ 80.193352629035658, 8.734890991608651 ], [ 80.194184222855739, 8.733833615381398 ], [ 80.195144018661694, 8.732437664453213 ], [ 80.196146434341273, 8.730999429945001 ], [ 80.197425639417659, 8.729466333453475 ], [ 80.198470566827922, 8.728049328498502 ], [ 80.199089646706256, 8.726779889081934 ], [ 80.199090009561417, 8.726778536952674 ], [ 80.199090193715051, 8.726778159276718 ], [ 80.199368422753622, 8.725741107486005 ], [ 80.19981762050854, 8.724227922868161 ], [ 80.200330401349689, 8.722557649423376 ], [ 80.201141773394596, 8.72073811034231 ], [ 80.201440694300501, 8.720082198665798 ], [ 80.202102004967827, 8.719013957867812 ], [ 80.203082884045315, 8.717702704735986 ], [ 80.203445415681372, 8.717195096711114 ], [ 80.204297262806193, 8.716772910863021 ], [ 80.205106611198701, 8.716308314253665 ], [ 80.205894614109795, 8.715886029365389 ], [ 80.206747345118302, 8.714870996543402 ], [ 80.208643792360988, 8.713190561045138 ], [ 80.209134022854883, 8.712661962257766 ], [ 80.209671260011945, 8.712108284682179 ], [ 80.210731219755729, 8.711859749934037 ], [ 80.211774629761706, 8.711395483134202 ], [ 80.212775477203365, 8.710931149831085 ], [ 80.21362799022576, 8.71004313724238 ], [ 80.213927099880877, 8.709239002952453 ], [ 80.213927137708041, 8.709238619627687 ], [ 80.213927632225136, 8.709237291180932 ], [ 80.214057239765893, 8.707935343751487 ], [ 80.21407165820905, 8.707393435159661 ], [ 80.214071696701637, 8.707391988498022 ], [ 80.214079773371182, 8.707088458087952 ], [ 80.214251069060282, 8.706242755180092 ], [ 80.214251264052649, 8.706241790685633 ], [ 80.214614207711108, 8.705437749859687 ], [ 80.214870438590893, 8.704845282360855 ], [ 80.215446298649212, 8.703956859319142 ], [ 80.216064231171984, 8.703396678472405 ], [ 80.217107890099442, 8.702741838935559 ], [ 80.217661621857346, 8.702425050814645 ], [ 80.218491767518572, 8.702256873791663 ], [ 80.219598606127008, 8.702046751809997 ], [ 80.220811902163462, 8.701794433329242 ], [ 80.221684697308007, 8.701562792638363 ], [ 80.22219601715571, 8.701097783960577 ], [ 80.222473638882192, 8.700104699042519 ], [ 80.222645631991298, 8.69889808462622 ], [ 80.222689022552842, 8.698326475493756 ], [ 80.22288227727077, 8.697130477801029 ], [ 80.223075176251001, 8.696177969732494 ], [ 80.223075450465458, 8.696177498134777 ], [ 80.223075698516567, 8.69617627149184 ], [ 80.223481016468583, 8.695478145811117 ], [ 80.224013945639996, 8.694822548625984 ], [ 80.224461572848753, 8.69429386735278 ], [ 80.224930845806895, 8.693511139659874 ], [ 80.22525093991446, 8.692886996718949 ], [ 80.225442808263409, 8.69227494685091 ], [ 80.2257845925689, 8.691364996493936 ], [ 80.226445827178964, 8.69026494515639 ], [ 80.227213237957443, 8.68931325536672 ], [ 80.227852330966073, 8.688806014639546 ], [ 80.22864028236144, 8.688362503199285 ], [ 80.229491976752897, 8.68798260086897 ], [ 80.230385998495223, 8.687761554412472 ], [ 80.23179120698164, 8.687191874390987 ], [ 80.232834886269174, 8.686473466649378 ], [ 80.233623310264534, 8.685691176319928 ], [ 80.234348859685028, 8.684231257387445 ], [ 80.234817859165929, 8.683617898177356 ], [ 80.235415218265999, 8.682517738537978 ], [ 80.236235450222523, 8.681111759940942 ], [ 80.236235312916023, 8.681111184674952 ], [ 80.236152291277492, 8.680763395661559 ], [ 80.23608248773462, 8.680289943651376 ], [ 80.236083082687173, 8.680288833220834 ], [ 80.236370155634432, 8.679752956773642 ], [ 80.23636971660919, 8.679753045673783 ], [ 80.236370665069217, 8.679751274766039 ], [ 80.236379181966001, 8.679749557879017 ], [ 80.236452366400513, 8.67951045744109 ], [ 80.236558230366541, 8.679452503333435 ], [ 80.236838230365677, 8.679369803333453 ], [ 80.23751623036361, 8.679463103333212 ], [ 80.237885330362474, 8.679590403333009 ], [ 80.238254430361351, 8.679802503332716 ], [ 80.23887243035945, 8.680201303332193 ], [ 80.239790830356611, 8.680693403331507 ], [ 80.240031130355845, 8.68100730333115 ], [ 80.240383030354778, 8.681295803330793 ], [ 80.240563230354198, 8.681728503330325 ], [ 80.240786430353495, 8.681949103330064 ], [ 80.240915130353102, 8.68200850332998 ], [ 80.24117263035231, 8.682025503329902 ], [ 80.241473030351429, 8.681838803330015 ], [ 80.241670430350808, 8.681804903330008 ], [ 80.242374330348682, 8.681618203330038 ], [ 80.243035230346663, 8.681669103329838 ], [ 80.243318430345823, 8.681550403329892 ], [ 80.243945030343937, 8.681066703330222 ], [ 80.244305430342848, 8.680956403330255 ], [ 80.24462303034187, 8.681160103329985 ], [ 80.244871930341105, 8.681465503329632 ], [ 80.245060830340506, 8.68175400332931 ], [ 80.245258230339843, 8.682543103328493 ], [ 80.245266830339801, 8.682865503328182 ], [ 80.245326830339607, 8.683043703327995 ], [ 80.245455630339194, 8.683306703327711 ], [ 80.245747430338298, 8.683646103327316 ], [ 80.246013530337478, 8.683798803327106 ], [ 80.246202330336871, 8.683875203326986 ], [ 80.247112130334116, 8.683977003326691 ], [ 80.247635730332505, 8.684087303326466 ], [ 80.248150730330963, 8.683747903326687 ], [ 80.24837383033028, 8.683518803326855 ], [ 80.248484203302752, 8.683371936143727 ], [ 80.24878920365596, 8.683176727438157 ], [ 80.248876927396026, 8.683070098321799 ], [ 80.249129130328043, 8.682933403327253 ], [ 80.249481030326962, 8.683052103327061 ], [ 80.249824430325887, 8.683298203326755 ], [ 80.250287830324453, 8.683747903326209 ], [ 80.250734230323076, 8.684027903325839 ], [ 80.251017430322207, 8.684290903325524 ], [ 80.251180530321705, 8.68438420332539 ], [ 80.251377930321112, 8.684452103325279 ], [ 80.251781330319886, 8.684477603325165 ], [ 80.252313530318261, 8.684248503325275 ], [ 80.252510930317669, 8.68406180332541 ], [ 80.252742630316988, 8.683883603325533 ], [ 80.252818679018318, 8.683762516123588 ], [ 80.253070031828926, 8.683567860006058 ], [ 80.253602416184165, 8.682969792475339 ], [ 80.253703930314131, 8.682924903326251 ], [ 80.253944230313394, 8.682916403326212 ], [ 80.254167430312691, 8.683077603326003 ], [ 80.254485030311727, 8.68334910332567 ], [ 80.255154430309645, 8.683815803325063 ], [ 80.255437730308799, 8.683815803325002 ], [ 80.255712330307958, 8.683781803324974 ], [ 80.256974130304158, 8.683230303325233 ], [ 80.25763503030214, 8.683026703325288 ], [ 80.25812423030068, 8.682958803325247 ], [ 80.258664930299005, 8.683111503324977 ], [ 80.258999730297973, 8.683569703324451 ], [ 80.259360230296849, 8.683917603324035 ], [ 80.26029573029399, 8.684087303323667 ], [ 80.260664830292882, 8.684104203323564 ], [ 80.261016730291814, 8.683917603323668 ], [ 80.261428730290604, 8.68344240332404 ], [ 80.261875030289247, 8.683154003324226 ], [ 80.262535930287257, 8.683026703324204 ], [ 80.263222530285148, 8.683230303323853 ], [ 80.263814830283337, 8.683357603323596 ], [ 80.26439843028156, 8.6834255033234 ], [ 80.265076530279515, 8.683289703323387 ], [ 80.265917630276931, 8.683374603323115 ], [ 80.266672930274638, 8.683544303322787 ], [ 80.26792613027078, 8.684078803321984 ], [ 80.268441030269216, 8.684401203321562 ], [ 80.268956030267617, 8.684825403321033 ], [ 80.269307930266535, 8.685173303320614 ], [ 80.269771430265109, 8.685232703320459 ], [ 80.270707030262258, 8.685266603320214 ], [ 80.271376430260219, 8.685317603320019 ], [ 80.272054530258174, 8.685309103319874 ], [ 80.272552330256673, 8.685241203319835 ], [ 80.272801230255908, 8.685249703319771 ], [ 80.273075930255047, 8.685512703319452 ], [ 80.273281930254385, 8.68610660331883 ], [ 80.273539430253592, 8.68656480331833 ], [ 80.274260430251303, 8.687710203317057 ], [ 80.274749630249829, 8.687829003316828 ], [ 80.275899730246323, 8.687913803316491 ], [ 80.276131530245621, 8.688092003316267 ], [ 80.276474830244553, 8.688202303316086 ], [ 80.276831230243488, 8.68807640331613 ], [ 80.27729203024208, 8.688096203316002 ], [ 80.277426630241663, 8.688141303315932 ], [ 80.277689618883443, 8.687876599533125 ], [ 80.278486490391344, 8.688390153931902 ], [ 80.279957815961467, 8.688447095886435 ], [ 80.28106420177852, 8.688393480597133 ], [ 80.281783062243818, 8.688581545748274 ], [ 80.282435817162366, 8.688560367593078 ], [ 80.283143915274792, 8.688517242664286 ], [ 80.284349542863964, 8.688716934493875 ], [ 80.285720608643615, 8.689313129606894 ], [ 80.288607914958547, 8.689459906816024 ], [ 80.289614242897187, 8.689791428375981 ], [ 80.290598026012574, 8.690453166280721 ], [ 80.291471879302918, 8.690564350640532 ], [ 80.292224360130191, 8.690422191496742 ], [ 80.293198454177258, 8.690005101855265 ], [ 80.294713849679894, 8.690216158998014 ], [ 80.296615974949418, 8.690812980380198 ], [ 80.296790311519203, 8.690818300148477 ], [ 80.296837253030418, 8.690802247416835 ], [ 80.296966686404687, 8.690823597962847 ], [ 80.296967306938143, 8.690823700007515 ], [ 80.296991665812669, 8.690827718826911 ], [ 80.298850572045083, 8.691134343129665 ], [ 80.302191378831381, 8.690256921122966 ], [ 80.306555987244053, 8.689664176775382 ], [ 80.309201561931317, 8.689009487799213 ], [ 80.311667386303256, 8.687876086188197 ], [ 80.312331341293515, 8.685604112265707 ], [ 80.311022160191442, 8.684645576215734 ], [ 80.30761681910171, 8.68116525516059 ], [ 80.303298682638072, 8.676358580682461 ], [ 80.299691760198613, 8.672224783644289 ], [ 80.303160798221811, 8.670010950911944 ], [ 80.307603042502024, 8.667181744364527 ], [ 80.311131459460483, 8.664875581232334 ], [ 80.311147596680726, 8.664867966401502 ], [ 80.3115389468134, 8.663535160770738 ], [ 80.312758805391638, 8.658781099732844 ], [ 80.314291518695384, 8.652807583356402 ], [ 80.315619871899045, 8.647630349073287 ], [ 80.317549434426411, 8.640166901090948 ], [ 80.318661481311025, 8.638928961279129 ], [ 80.322028577961063, 8.640948903795865 ], [ 80.32706971492054, 8.643773483244514 ], [ 80.330180730130834, 8.64551655011196 ], [ 80.331431930039514, 8.643716832165115 ], [ 80.333624525880097, 8.640422185862585 ], [ 80.335060268446128, 8.637556018582002 ], [ 80.335315054961086, 8.635812145295962 ], [ 80.336514554288868, 8.634403270785919 ], [ 80.338976236702877, 8.632059634370709 ], [ 80.34214796216925, 8.628910285707196 ], [ 80.34393702603208, 8.626446972383199 ], [ 80.345303610356822, 8.625022973393897 ], [ 80.344905434179893, 8.624081262597622 ], [ 80.343757376455656, 8.621365212429094 ], [ 80.340773757505431, 8.622166874695685 ], [ 80.33740661289545, 8.619941364622543 ], [ 80.336695392278401, 8.619459504451743 ], [ 80.331765201180019, 8.616119171473706 ], [ 80.331426741497083, 8.617359822892043 ], [ 80.324599368584259, 8.613351762428222 ], [ 80.318870132706039, 8.609988216059993 ], [ 80.314688455071803, 8.607479063730359 ], [ 80.31073136466361, 8.60512643411578 ], [ 80.307503953064924, 8.603667215035159 ], [ 80.301805482539805, 8.601090656305693 ], [ 80.296890946099495, 8.599407772138385 ], [ 80.293215435297896, 8.598145195839402 ], [ 80.290828096429465, 8.596908271041791 ], [ 80.287440273824416, 8.595152937430598 ], [ 80.284069407284164, 8.593453547952755 ], [ 80.280585703287031, 8.591924132510364 ], [ 80.279407501391375, 8.590916385197984 ], [ 80.278102981449976, 8.589552669440184 ], [ 80.27828893175321, 8.589410682023711 ], [ 80.278809754628654, 8.589411348404839 ], [ 80.278983733399187, 8.589436311935351 ], [ 80.278626259970096, 8.589013878336278 ], [ 80.27828042538502, 8.588783765611151 ], [ 80.277992204570452, 8.588611143029103 ], [ 80.277473155841861, 8.588495642803981 ], [ 80.276781115617666, 8.588322502296872 ], [ 80.276088927957559, 8.588264195444161 ], [ 80.274704328392161, 8.588319830300099 ], [ 80.272511713763421, 8.588661502113112 ], [ 80.271270957856402, 8.589004399107212 ], [ 80.269886204975265, 8.589174852112414 ], [ 80.268502132155106, 8.588828542008132 ], [ 80.267637410060104, 8.588368071638858 ], [ 80.266600840287836, 8.586988693317743 ], [ 80.265968929585355, 8.584978249721582 ], [ 80.263893614056315, 8.583884589370392 ], [ 80.258474050385857, 8.581580715204518 ], [ 80.256166943090108, 8.58129055116987 ], [ 80.253744153681751, 8.58122988857388 ], [ 80.251206539951269, 8.580767133654181 ], [ 80.25011103143872, 8.580363731952966 ], [ 80.248439599288375, 8.579270537973885 ], [ 80.248318128982959, 8.579219968066614 ], [ 80.248324381961325, 8.579155546182241 ], [ 80.246540109801842, 8.576224834077086 ], [ 80.245649760353473, 8.573467585692944 ], [ 80.24617335190274, 8.570252922540668 ], [ 80.247562208423361, 8.567039432279865 ], [ 80.24780116790167, 8.565992731559993 ], [ 80.249413926577148, 8.56279304540047 ], [ 80.251032446929585, 8.560326276300659 ], [ 80.253804776557828, 8.557746209686217 ], [ 80.256113054376087, 8.557060282117156 ], [ 80.257497462313395, 8.55706212478449 ], [ 80.258363332731406, 8.556603934099146 ], [ 80.26147893558236, 8.556091297327601 ], [ 80.263901570209768, 8.556151902202023 ], [ 80.267476972224244, 8.556903008447765 ], [ 80.27018773288431, 8.557193620915696 ], [ 80.276761465138009, 8.558924618852664 ], [ 80.281287539325135, 8.560595499943034 ], [ 80.286245563233777, 8.562841050467163 ], [ 80.287726794806034, 8.563567139214452 ], [ 80.288281800213014, 8.563873412488105 ], [ 80.288582449210523, 8.563064279235737 ], [ 80.289052301228196, 8.562157706118231 ], [ 80.290057226566844, 8.560240965118169 ], [ 80.290161676735494, 8.560007825516221 ], [ 80.290238769687463, 8.559977241450433 ], [ 80.290109924047115, 8.559748572032168 ], [ 80.290022735136716, 8.55959189661173 ], [ 80.289850118592199, 8.559281709053712 ], [ 80.289564470712989, 8.558659301194355 ], [ 80.289382849620509, 8.558140697593037 ], [ 80.289357430767524, 8.557648208082329 ], [ 80.289436330242395, 8.55702625364866 ], [ 80.289567372576968, 8.5563525272419 ], [ 80.289776238393799, 8.555912166502031 ], [ 80.289724551540715, 8.555601076126111 ], [ 80.289490397231418, 8.555445270923149 ], [ 80.289099879153412, 8.555392946214383 ], [ 80.288605173810609, 8.555366410402907 ], [ 80.28833391250852, 8.555393069704609 ], [ 80.288332739576092, 8.555386009928183 ], [ 80.288292642424295, 8.555417857865914 ], [ 80.287902124605253, 8.555365531958769 ], [ 80.287615958899309, 8.555157822828994 ], [ 80.287538202732492, 8.554872618987833 ], [ 80.287512393448736, 8.55469115393346 ], [ 80.287547373270115, 8.554654492859393 ], [ 80.287591098662631, 8.554224713985594 ], [ 80.287799931775339, 8.553810272735284 ], [ 80.288060908256469, 8.553344060504328 ], [ 80.288061267849756, 8.553058953448925 ], [ 80.288010040334925, 8.552384998787254 ], [ 80.287906801001725, 8.551659142192522 ], [ 80.287646938730376, 8.551244115725455 ], [ 80.287386814281973, 8.551036439119157 ], [ 80.286967542802259, 8.550970005120101 ], [ 80.286855997158639, 8.550898429640863 ], [ 80.28650173283836, 8.550853898913983 ], [ 80.285981126847389, 8.550723652003661 ], [ 80.28585103195411, 8.550645732503996 ], [ 80.285695096941765, 8.550412267123813 ], [ 80.2856435781286, 8.54997158159208 ], [ 80.285647575121715, 8.549955751978869 ], [ 80.28590494721908, 8.549194344388349 ], [ 80.286400464796358, 8.54857291297118 ], [ 80.286557153364242, 8.548210245537318 ], [ 80.286609885557866, 8.547691935271327 ], [ 80.286454377252525, 8.547121525396161 ], [ 80.286142507457612, 8.546654595098946 ], [ 80.285909016155571, 8.545980411639903 ], [ 80.285571472137121, 8.545228342128629 ], [ 80.285247177242596, 8.544294856205992 ], [ 80.284909470613044, 8.543672379175939 ], [ 80.284806140904735, 8.543024278033231 ], [ 80.284599085975586, 8.542039102050005 ], [ 80.284365797147345, 8.541209404613914 ], [ 80.284314379191258, 8.540690963608313 ], [ 80.284329084679669, 8.540586537884929 ], [ 80.284380065718821, 8.540224506758706 ], [ 80.284589321973201, 8.53947312276933 ], [ 80.285007042764022, 8.538592406261401 ], [ 80.285398362480876, 8.537996763664518 ], [ 80.285841888340244, 8.537297510341629 ], [ 80.286129219524938, 8.536572142359162 ], [ 80.286182473804715, 8.535639129699888 ], [ 80.286223363096724, 8.534187723934776 ], [ 80.286198832117833, 8.53299542542128 ], [ 80.286278122110645, 8.532062445123934 ], [ 80.286357281620809, 8.531233140294049 ], [ 80.28660548522052, 8.530559559443594 ], [ 80.286683890684188, 8.530326387538436 ], [ 80.286840277338285, 8.53019698878297 ], [ 80.287100877068966, 8.530015882255118 ], [ 80.287413518265595, 8.529860759875607 ], [ 80.287700448738534, 8.529446414905705 ], [ 80.28770087282075, 8.529109470628269 ], [ 80.287310839631104, 8.528694281939593 ], [ 80.286998623131637, 8.528512460042577 ], [ 80.286948779498218, 8.528490332177046 ], [ 80.286721950665807, 8.528218681465221 ], [ 80.28597838573512, 8.527175640487444 ], [ 80.28593297093974, 8.527033751772858 ], [ 80.285725723838638, 8.526204087445292 ], [ 80.285778845292384, 8.525374749890506 ], [ 80.286092300912159, 8.524571657350201 ], [ 80.286717836034143, 8.524054061324767 ], [ 80.287342978909408, 8.523847490092342 ], [ 80.288332634879495, 8.523641372628273 ], [ 80.288983942694387, 8.523331156345218 ], [ 80.289348943477108, 8.522942826096401 ], [ 80.289610088955428, 8.52232109643842 ], [ 80.28976721772699, 8.521595562579133 ], [ 80.28994999269807, 8.5211810869581 ], [ 80.290236783871592, 8.520870415984179 ], [ 80.29070563573093, 8.520715483088875 ], [ 80.291304507870464, 8.520690305676133 ], [ 80.291630352674588, 8.520379680976399 ], [ 80.291917528638109, 8.51975798246124 ], [ 80.292126757005391, 8.519006592176348 ], [ 80.292127564072644, 8.518358620383079 ], [ 80.291962071537185, 8.518202506244199 ], [ 80.291171466533683, 8.517767791195197 ], [ 80.289467366535078, 8.517292096810591 ], [ 80.283504103131463, 8.514798341679448 ], [ 80.281007657237069, 8.513926963587053 ], [ 80.27573750232601, 8.512025947580684 ], [ 80.271716263591941, 8.51004753963846 ], [ 80.267239175461029, 8.508068500465518 ], [ 80.260127521084229, 8.504862540237117 ], [ 80.258027624677112, 8.503991541878822 ], [ 80.251726931059494, 8.502167782297045 ], [ 80.246059230414048, 8.501331403923116 ], [ 80.244553874124207, 8.501089535072675 ], [ 80.244479802461967, 8.501234749898208 ], [ 80.243037607710505, 8.50146246502484 ], [ 80.241826113820522, 8.501690487883616 ], [ 80.239402328360754, 8.502720698257519 ], [ 80.236688799917459, 8.504726591754354 ], [ 80.233973482038849, 8.507995647408524 ], [ 80.232722501812148, 8.510758065725636 ], [ 80.23244032671505, 8.511381157589168 ], [ 80.232087898191082, 8.512553294087498 ], [ 80.230650901733597, 8.512412186119608 ], [ 80.225719381351524, 8.512520127922523 ], [ 80.224276692613202, 8.512460647620621 ], [ 80.223391730417973, 8.51171650350001 ], [ 80.221308930424414, 8.510509503501659 ], [ 80.220198030427781, 8.510631303501796 ], [ 80.217815483137443, 8.51193986126845 ], [ 80.215050531182314, 8.511586321763966 ], [ 80.211476094957064, 8.51054767736376 ], [ 80.209746979410056, 8.509741340500458 ], [ 80.209651691766254, 8.50984745802227 ], [ 80.208508452805177, 8.508706038390018 ], [ 80.206463987864865, 8.506636052150187 ], [ 80.203876451435519, 8.504160197805474 ], [ 80.202736645689797, 8.504055364051425 ], [ 80.196761117173921, 8.502013045333827 ], [ 80.194519319968208, 8.501910531073346 ], [ 80.192426615163114, 8.50205621767347 ], [ 80.191703912095605, 8.502253534965359 ], [ 80.190010596514441, 8.501854221524768 ], [ 80.187122484473974, 8.500857927001842 ], [ 80.1853289358165, 8.500855229812473 ], [ 80.183983774938127, 8.500853201499297 ], [ 80.181343578395143, 8.500650813860668 ], [ 80.179550793689813, 8.500152107811493 ], [ 80.178605193014363, 8.499505890402341 ], [ 80.176067024664434, 8.497766075304886 ], [ 80.173777058826886, 8.496621806513525 ], [ 80.172532017493495, 8.496322303173571 ], [ 80.171188998197024, 8.496259456365225 ], [ 80.171153602355702, 8.496420354275639 ], [ 80.166477800493283, 8.499111711149027 ], [ 80.164636624375831, 8.499983016568407 ], [ 80.163938243140635, 8.500313510125672 ], [ 80.161489267192906, 8.498931675627142 ], [ 80.159529080401455, 8.498469264509021 ], [ 80.15901074450862, 8.498009114861073 ], [ 80.158607757156673, 8.497549145289945 ], [ 80.158377609028747, 8.497204282761857 ], [ 80.15734012228134, 8.496800729946695 ], [ 80.155264788183118, 8.496223283449721 ], [ 80.153865136012186, 8.495644097325082 ], [ 80.153479023595452, 8.494899867710334 ], [ 80.153422545533999, 8.494153359807884 ], [ 80.153597771192892, 8.492775635368075 ], [ 80.154870703251333, 8.490193896573576 ], [ 80.15504491210568, 8.489447754441695 ], [ 80.155103500752077, 8.488873678464032 ], [ 80.155161722731989, 8.488529269521747 ], [ 80.154989255741384, 8.488184496632002 ], [ 80.154009101781014, 8.488010694084915 ], [ 80.152856115445061, 8.487721782429443 ], [ 80.152453421722399, 8.487089557991826 ], [ 80.152396393717297, 8.486687549878644 ], [ 80.152570789130081, 8.485826575000775 ], [ 80.153840398257572, 8.485311837462621 ], [ 80.154995210389416, 8.484452412963533 ], [ 80.155575678959806, 8.482099240817917 ], [ 80.155922713373101, 8.481468203928292 ], [ 80.157019563473511, 8.480780930860037 ], [ 80.157943305596646, 8.480150799840979 ], [ 80.158841483628962, 8.477453618592332 ], [ 80.159881736899138, 8.476077245178569 ], [ 80.160632088419391, 8.475676501932945 ], [ 80.162478720287041, 8.474932967435928 ], [ 80.164267224841993, 8.474476418287862 ], [ 80.165478932752904, 8.474076382516069 ], [ 80.1674990971417, 8.472988591218124 ], [ 80.168941836258426, 8.472359233939995 ], [ 80.169461224440283, 8.472130366680805 ], [ 80.169617157038431, 8.472187092623289 ], [ 80.169578617933411, 8.470809956609129 ], [ 80.169178144339853, 8.468742326770078 ], [ 80.168815797605703, 8.460703387038953 ], [ 80.168706442729771, 8.456856277192019 ], [ 80.168625215808248, 8.453700246761342 ], [ 80.168894630588767, 8.453257003569615 ], [ 80.16926013058773, 8.452159903570605 ], [ 80.17055953058383, 8.451354003571094 ], [ 80.170836030583217, 8.448140103574168 ], [ 80.170303130584884, 8.447647003574781 ], [ 80.169817930586404, 8.447069803575456 ], [ 80.169492530587448, 8.446583603576004 ], [ 80.169362730587878, 8.44614700357646 ], [ 80.169189130588492, 8.444996603577627 ], [ 80.168865930589604, 8.443392703579269 ], [ 80.168893930589576, 8.442726003579921 ], [ 80.169068330589141, 8.441616303580963 ], [ 80.169552630587717, 8.440624303581824 ], [ 80.170054830586238, 8.439914403582396 ], [ 80.171120630583019, 8.439214303582842 ], [ 80.172129230579969, 8.438685803583121 ], [ 80.170741230584497, 8.435092603586959 ], [ 80.167382330594791, 8.434930303587896 ], [ 80.16754773059445, 8.432813103589929 ], [ 80.166544630597514, 8.432761803590211 ], [ 80.165579830600507, 8.432377603590808 ], [ 80.163261930607803, 8.429750903593911 ], [ 80.162989930608703, 8.429010703594702 ], [ 80.163336430607671, 8.42846650359516 ], [ 80.163191630608239, 8.426914103596706 ], [ 80.163846830606232, 8.426655403596806 ], [ 80.163617730607072, 8.424927003598553 ], [ 80.163208830608397, 8.424089303599473 ], [ 80.163149730608623, 8.423450303600113 ], [ 80.16307623060888, 8.42309780360047 ], [ 80.162905330609405, 8.423043603600561 ], [ 80.162651730610165, 8.423184403600482 ], [ 80.162220030611479, 8.423343503600426 ], [ 80.161875130612543, 8.42343470360041 ], [ 80.160339730617224, 8.423604103600606 ], [ 80.160354930617359, 8.421180003602974 ], [ 80.161158730615057, 8.419018103604909 ], [ 80.162489230611143, 8.417033703606542 ], [ 80.163516330608061, 8.416231603607088 ], [ 80.164731930604404, 8.415332303607681 ], [ 80.165016390979602, 8.415033773915551 ], [ 80.165484991588642, 8.414764593962094 ], [ 80.165889960674789, 8.413903961141603 ], [ 80.166295462715667, 8.41269882553534 ], [ 80.166527265515114, 8.411952759169461 ], [ 80.166532338137472, 8.411803338400709 ], [ 80.167128030597453, 8.410428903611932 ], [ 80.166963930597973, 8.409869603612515 ], [ 80.167437730596632, 8.408377903613866 ], [ 80.167806830595609, 8.407180103614955 ], [ 80.167894430595496, 8.405102003616967 ], [ 80.16797163059536, 8.403868903618159 ], [ 80.16806633059511, 8.403531003618466 ], [ 80.168060430595133, 8.403218503618774 ], [ 80.167924030595557, 8.403018303618996 ], [ 80.167906233739131, 8.403009308154127 ], [ 80.167954976527696, 8.402251452180032 ], [ 80.167957284677186, 8.400758609178144 ], [ 80.168015920354591, 8.400127109441708 ], [ 80.168363296081665, 8.399208966650201 ], [ 80.170385613372517, 8.396456032595021 ], [ 80.171253760133609, 8.394332918506924 ], [ 80.171313536246132, 8.392954995811429 ], [ 80.172037876343936, 8.390601991160144 ], [ 80.172385848785126, 8.389281923101404 ], [ 80.172905560486612, 8.388765957285658 ], [ 80.173430919169249, 8.38862413219281 ], [ 80.173540059099594, 8.388594667773454 ], [ 80.174634505124246, 8.389285334115613 ], [ 80.177342854652011, 8.390322936809531 ], [ 80.177919434911786, 8.390323805510038 ], [ 80.179188260445315, 8.390096045343457 ], [ 80.179823106846172, 8.389695077319267 ], [ 80.180688584152918, 8.389294453892527 ], [ 80.18120767882094, 8.389180397045074 ], [ 80.184377313058789, 8.390218643087968 ], [ 80.186452575942525, 8.390508816104592 ], [ 80.187086128682964, 8.390969095226472 ], [ 80.188816047653333, 8.3908568209858 ], [ 80.19294073830352, 8.389427460699784 ], [ 80.200441073862621, 8.386165597399797 ], [ 80.201421505331993, 8.385994763600133 ], [ 80.205112344874721, 8.385483322588465 ], [ 80.20762243890313, 8.384108896518516 ], [ 80.209525629545055, 8.383767107454331 ], [ 80.212179020471197, 8.38296703113954 ], [ 80.213967134098141, 8.382452803219042 ], [ 80.214479955017978, 8.382364178613495 ], [ 80.213681622121229, 8.380389500961233 ], [ 80.212992606880306, 8.378378907625747 ], [ 80.211900905349211, 8.375736147634795 ], [ 80.210289081890849, 8.373953911796027 ], [ 80.209598774892044, 8.372861994728964 ], [ 80.209772483010767, 8.372345481933982 ], [ 80.212340130803682, 8.370971100286333 ], [ 80.215398239445932, 8.369310303180386 ], [ 80.216956802129275, 8.367991885154218 ], [ 80.216957289560469, 8.36764737905888 ], [ 80.217016569007697, 8.366499106552158 ], [ 80.217710294295927, 8.365179471195331 ], [ 80.218056790402414, 8.364778031896508 ], [ 80.218864442025009, 8.364434654810994 ], [ 80.220537475516394, 8.363690558164986 ], [ 80.223076364944717, 8.362201224640369 ], [ 80.226049158089211, 8.359621532118682 ], [ 80.226165504298919, 8.358875260802952 ], [ 80.226051393040478, 8.358013835316724 ], [ 80.225477651492227, 8.356003417923739 ], [ 80.224097170792461, 8.353704796245367 ], [ 80.222543506910597, 8.351578183671117 ], [ 80.222429806088542, 8.350429669299498 ], [ 80.222315223585539, 8.349912749781966 ], [ 80.222084935065439, 8.34968275846647 ], [ 80.217099290561876, 8.348757125300079 ], [ 80.2135837218825, 8.347890921843284 ], [ 80.213452016233859, 8.347950321387472 ], [ 80.21294913928439, 8.3481771167519 ], [ 80.210296236678133, 8.348804961801369 ], [ 80.209489104643467, 8.348803817311559 ], [ 80.205971903764578, 8.349085899715153 ], [ 80.203261582957296, 8.3495413617984 ], [ 80.200983149415407, 8.35034193352576 ], [ 80.200656580143004, 8.350374815707154 ], [ 80.198734370907431, 8.35056835737967 ], [ 80.195448689375965, 8.350219085389849 ], [ 80.187494038156572, 8.349288753706833 ], [ 80.183286037229038, 8.348880603755799 ], [ 80.179683998371999, 8.348071394169258 ], [ 80.176628711314549, 8.347894564669712 ], [ 80.175533066313434, 8.348065170551649 ], [ 80.17509667874053, 8.348297531207066 ], [ 80.172204054345599, 8.338356607491507 ], [ 80.171687565035384, 8.336805557016669 ], [ 80.171610160699856, 8.335734882456526 ], [ 80.171721030589282, 8.335690003684025 ], [ 80.172386130587228, 8.3354565036841 ], [ 80.172600730586552, 8.335732503683779 ], [ 80.173008430585284, 8.336178303683244 ], [ 80.17335173058423, 8.336157103683187 ], [ 80.173437630584004, 8.335774903683539 ], [ 80.17323093058468, 8.335013103684332 ], [ 80.172962430585542, 8.334663003684742 ], [ 80.172622230586626, 8.334246303685228 ], [ 80.17238613058737, 8.33365180368587 ], [ 80.172150130588136, 8.333375803686193 ], [ 80.171427446974135, 8.333207532297674 ], [ 80.171405268046655, 8.33290074569158 ], [ 80.17184655879494, 8.327044834924402 ], [ 80.17358142272127, 8.323487568385348 ], [ 80.174837392347598, 8.321915173951163 ], [ 80.172149904578077, 8.321018431013053 ], [ 80.17221623058893, 8.320812003698478 ], [ 80.172284830588765, 8.320512203698758 ], [ 80.172311330588684, 8.320444203698818 ], [ 80.172354630588558, 8.320401103698849 ], [ 80.172629330587739, 8.320203203698975 ], [ 80.1727693305873, 8.320115303699032 ], [ 80.17289023058693, 8.320041903699076 ], [ 80.172971530586707, 8.319978803699117 ], [ 80.173018030586562, 8.319910603699176 ], [ 80.173051930586482, 8.319818003699256 ], [ 80.173098530586344, 8.319663803699399 ], [ 80.173183030586088, 8.319448203699586 ], [ 80.172729530587503, 8.319288003699848 ], [ 80.172353330588649, 8.319218403700008 ], [ 80.172252730588951, 8.319222403700023 ], [ 80.171978530589811, 8.319146103700167 ], [ 80.171738430590537, 8.319125503700244 ], [ 80.171588230590999, 8.319089003700313 ], [ 80.171210730592165, 8.319079703700416 ], [ 80.171071230592602, 8.319029303700493 ], [ 80.170990730592862, 8.318978903700559 ], [ 80.170803730593434, 8.318787103700791 ], [ 80.17061663059404, 8.318416903701202 ], [ 80.170364530594853, 8.317829703701836 ], [ 80.170064730595797, 8.317486603702243 ], [ 80.169830030596543, 8.31730420370247 ], [ 80.169581930597303, 8.317196003702634 ], [ 80.168692130600036, 8.317237803702803 ], [ 80.168467530600736, 8.317170803702924 ], [ 80.167602430603438, 8.316580303703702 ], [ 80.167418730603998, 8.316421703703904 ], [ 80.167276630604448, 8.316120503704234 ], [ 80.167134430604904, 8.315879603704502 ], [ 80.166925930605544, 8.315745603704684 ], [ 80.166815230605906, 8.315630203704819 ], [ 80.166652330606411, 8.315514703704974 ], [ 80.166133930608027, 8.315371403705237 ], [ 80.165473430610064, 8.315090703705664 ], [ 80.165239430610782, 8.315064903705744 ], [ 80.164755330612252, 8.315104703705819 ], [ 80.164341630613521, 8.315190303705835 ], [ 80.163970730614636, 8.315238703705871 ], [ 80.163506030616048, 8.31538470370584 ], [ 80.163127930617222, 8.315463003705847 ], [ 80.162830130618119, 8.315466903705918 ], [ 80.161961130620796, 8.315541903706047 ], [ 80.161656730621715, 8.315616903706047 ], [ 80.161306630622775, 8.315755603705989 ], [ 80.160593830624933, 8.31589620370602 ], [ 80.160541481820346, 8.315911551829672 ], [ 80.159354908303783, 8.315370056385358 ], [ 80.157133598414617, 8.314365050633693 ], [ 80.15711843063572, 8.314343603708361 ], [ 80.15705739930057, 8.314214596401145 ], [ 80.158491226475675, 8.310487936883247 ], [ 80.158997025879771, 8.307377407483759 ], [ 80.159059787004665, 8.304911937630999 ], [ 80.157748655933574, 8.295282469672891 ], [ 80.157401696065946, 8.290996545130429 ], [ 80.157613705059134, 8.287298520221348 ], [ 80.157852172570244, 8.285537767536502 ], [ 80.157889145806919, 8.28543798701638 ], [ 80.158917437586879, 8.282662907312051 ], [ 80.160157310494114, 8.281197207676986 ], [ 80.160865145846017, 8.28078736276775 ], [ 80.161986055392944, 8.280025923033358 ], [ 80.164285086612409, 8.279618497545131 ], [ 80.16658545747174, 8.278330498105387 ], [ 80.167390588889745, 8.278131293011842 ], [ 80.167094579199102, 8.277598641749126 ], [ 80.16562751557521, 8.275041616536347 ], [ 80.165101835459055, 8.273500423009985 ], [ 80.164068423572218, 8.271019192060153 ], [ 80.163502906436946, 8.270868049635661 ], [ 80.162145171246053, 8.270828411166381 ], [ 80.160184899627112, 8.270186717955349 ], [ 80.159092284581675, 8.269433633164507 ], [ 80.158716050297755, 8.268831926773487 ], [ 80.158717036829216, 8.268193228471539 ], [ 80.158831171509803, 8.267554703533721 ], [ 80.159284633977663, 8.266991838959679 ], [ 80.1597754069047, 8.266692025007842 ], [ 80.160567964474254, 8.266355100679263 ], [ 80.161888834170981, 8.265831127797741 ], [ 80.163096436873786, 8.265382118864714 ], [ 80.163134556206714, 8.265119182503724 ], [ 80.163097473531664, 8.264705849136483 ], [ 80.162740382532675, 8.263916322807287 ], [ 80.161686013895391, 8.262825168800752 ], [ 80.159727113174952, 8.261319353637171 ], [ 80.159768635938093, 8.261162637811752 ], [ 80.158449988535494, 8.261000396372879 ], [ 80.154797485037932, 8.260231631716399 ], [ 80.153324867044674, 8.259818431628565 ], [ 80.150733312694385, 8.258933860533977 ], [ 80.14776195276437, 8.255994042223747 ], [ 80.145350279145049, 8.253172488774256 ], [ 80.143646709994442, 8.249764992861907 ], [ 80.143388511093207, 8.249616060182051 ], [ 80.142115959330567, 8.248882032528206 ], [ 80.140940740103929, 8.246766843168455 ], [ 80.139295788014707, 8.243594241205995 ], [ 80.139013106572804, 8.243170377339698 ], [ 80.139622686759253, 8.241833638068734 ], [ 80.140671507454016, 8.239797325024924 ], [ 80.140073148855492, 8.238900121315503 ], [ 80.138488632735346, 8.237712328523559 ], [ 80.138043008898663, 8.23736591391334 ], [ 80.137398615698586, 8.237315508320235 ], [ 80.135514931225671, 8.23721375258792 ], [ 80.134771468240984, 8.237113799777989 ], [ 80.132243632798989, 8.236813456837455 ], [ 80.131054475408718, 8.236416463010883 ], [ 80.129718587336555, 8.234784548373945 ], [ 80.129273514225034, 8.23381979912681 ], [ 80.127615173092508, 8.233361192019382 ], [ 80.120612853767156, 8.227303414368228 ], [ 80.116817199242178, 8.224244653265778 ], [ 80.11464124396403, 8.221658140292307 ], [ 80.112762356065062, 8.21760451101423 ], [ 80.112468416784324, 8.2171931037057 ], [ 80.112115360801241, 8.216899006690879 ], [ 80.109778730547404, 8.217274030395565 ], [ 80.109580973521034, 8.217305769911704 ], [ 80.107989649727102, 8.217537962651237 ], [ 80.104982104058479, 8.21900058017491 ], [ 80.102917514649988, 8.220347335262844 ], [ 80.101648681727497, 8.221519295469074 ], [ 80.101116788010486, 8.22245766560409 ], [ 80.100763046056031, 8.222574482610417 ], [ 80.09970330171204, 8.222044381255861 ], [ 80.099232799688409, 8.221515263041344 ], [ 80.098997202878749, 8.221456165502378 ], [ 80.098289719670063, 8.221689795511791 ], [ 80.098052934005437, 8.22233513752346 ], [ 80.09816939510911, 8.223157181700723 ], [ 80.098345276137096, 8.223685807843385 ], [ 80.098403507034305, 8.224096829906044 ], [ 80.098225941460896, 8.22456616051897 ], [ 80.098107498087884, 8.224918183081765 ], [ 80.09545231641377, 8.227027050942326 ], [ 80.093801826355033, 8.22737649104182 ], [ 80.092210557816259, 8.227549913994695 ], [ 80.091797984569084, 8.227607919620626 ], [ 80.090913512261963, 8.227958642703799 ], [ 80.090617685337747, 8.228662582259526 ], [ 80.090556253643598, 8.230130063997402 ], [ 80.090319349388409, 8.230834102983094 ], [ 80.089316013362449, 8.231771653958832 ], [ 80.087960025237507, 8.232180271567252 ], [ 80.08580894609112, 8.232352714000328 ], [ 80.087274603594153, 8.232720404007049 ], [ 80.08722623085734, 8.232730803805008 ], [ 80.087146430857558, 8.232850203804915 ], [ 80.087006630857999, 8.23291020380489 ], [ 80.086727030858867, 8.232900403804969 ], [ 80.086657230859075, 8.232860603805021 ], [ 80.0865282308595, 8.232642403805265 ], [ 80.086458730859704, 8.23258300380534 ], [ 80.086219530860447, 8.232583003805397 ], [ 80.086079830860882, 8.23263230380538 ], [ 80.086039830860997, 8.232662003805363 ], [ 80.086009230861094, 8.232751203805281 ], [ 80.085969030861207, 8.232791003805257 ], [ 80.085788530861763, 8.232880503805207 ], [ 80.085548530862482, 8.232910303805239 ], [ 80.085418930862886, 8.232959503805221 ], [ 80.085091630863886, 8.232938403805322 ], [ 80.084944830864359, 8.232779303805513 ], [ 80.084877330864586, 8.232650403805657 ], [ 80.084820330864758, 8.232482303805829 ], [ 80.084812230864813, 8.23235410380596 ], [ 80.084849830864741, 8.231862903806435 ], [ 80.084943930864455, 8.231530803806738 ], [ 80.085016430864272, 8.231136303807109 ], [ 80.084957430864478, 8.230958303807297 ], [ 80.084829230864884, 8.230761003807519 ], [ 80.084721130865248, 8.230525203807783 ], [ 80.084632430865526, 8.23043690380789 ], [ 80.084503830865913, 8.23038800380797 ], [ 80.084336230866441, 8.230270503808121 ], [ 80.084247930866738, 8.230163003808249 ], [ 80.084002630867502, 8.230036203808433 ], [ 80.08344873086925, 8.229658103808939 ], [ 80.083343130869565, 8.229503503809116 ], [ 80.082855730871088, 8.229138403809587 ], [ 80.082568030872025, 8.228812003809978 ], [ 80.082339630872752, 8.22867400381017 ], [ 80.082250430873017, 8.228595203810272 ], [ 80.082211030873154, 8.228536103810335 ], [ 80.082192030873216, 8.228408203810465 ], [ 80.082093530873536, 8.228280403810613 ], [ 80.082014430873798, 8.228241103810676 ], [ 80.081926130874066, 8.228123403810812 ], [ 80.081857330874286, 8.228064603810886 ], [ 80.081769642192967, 8.228031135132667 ], [ 80.081797562563381, 8.227063691969105 ], [ 80.081699374154638, 8.22423968947629 ], [ 80.081115022745578, 8.222302030941085 ], [ 80.083338782626001, 8.215272077193882 ], [ 80.086341645350757, 8.211610049464698 ], [ 80.089198026966642, 8.210291719481338 ], [ 80.094398106318295, 8.210071997815179 ], [ 80.095862917403366, 8.209339592268931 ], [ 80.096796734470288, 8.2079297115933 ], [ 80.097071386548905, 8.20686772355211 ], [ 80.09967142622618, 8.198298578667949 ], [ 80.100367211492056, 8.195295715930857 ], [ 80.100367211492326, 8.193830904839759 ], [ 80.100477072323869, 8.192915397907768 ], [ 80.100660173709628, 8.192073131530295 ], [ 80.101246098143818, 8.191084384043521 ], [ 80.102198225349085, 8.190681560993021 ], [ 80.103296833663009, 8.189692813505998 ], [ 80.103589795880168, 8.188594205187533 ], [ 80.103260213386235, 8.187642077978477 ], [ 80.103260213386392, 8.186616710214707 ], [ 80.103113732278089, 8.185664583005563 ], [ 80.103003871446816, 8.185005418014622 ], [ 80.102820770061399, 8.183943429973667 ], [ 80.102820770061513, 8.183320885259944 ], [ 80.102564428121752, 8.182588479714523 ], [ 80.102454567290508, 8.181892694446296 ], [ 80.102601048399151, 8.181087048346125 ], [ 80.102601048399251, 8.180537744186958 ], [ 80.102601048399421, 8.179512376423194 ], [ 80.102381326736833, 8.178743350600474 ], [ 80.101026376483787, 8.175594006755256 ], [ 80.100074249278961, 8.173323549564518 ], [ 80.09875591930313, 8.169808002946512 ], [ 80.098536197640612, 8.168416432410076 ], [ 80.098169994869522, 8.167684026864702 ], [ 80.097794637029125, 8.166997396665936 ], [ 80.097035924060947, 8.166688795819596 ], [ 80.097056125838989, 8.166602232005975 ], [ 80.097036049340176, 8.166587893128984 ], [ 80.097195119001142, 8.166613191115362 ], [ 80.098173509876816, 8.167136104966298 ], [ 80.098298671571087, 8.167177905717764 ], [ 80.098360261907459, 8.167235910723802 ], [ 80.099780370385957, 8.167737973079761 ], [ 80.099780659273875, 8.167565210778962 ], [ 80.099819268332709, 8.167450440870445 ], [ 80.100050406739214, 8.167068043861031 ], [ 80.100339266065177, 8.1666283245016 ], [ 80.100512715046975, 8.16628411006668 ], [ 80.100532307058771, 8.16605447359513 ], [ 80.100532818432228, 8.165748250069008 ], [ 80.100437096774954, 8.165556701015845 ], [ 80.100360712401141, 8.165288627692815 ], [ 80.100399416013474, 8.165116439924068 ], [ 80.100515335781537, 8.164714712096609 ], [ 80.100630744078913, 8.164619208667489 ], [ 80.1010632941355, 8.164399826466161 ], [ 80.101121270466408, 8.164189392795635 ], [ 80.101467558143014, 8.163864602376433 ], [ 80.101525469449044, 8.163692447135508 ], [ 80.101429716709092, 8.163520036655129 ], [ 80.101468355826313, 8.163386127236409 ], [ 80.101583860120627, 8.163233206607146 ], [ 80.101622626743449, 8.163022741029977 ], [ 80.101603673613312, 8.162869596974978 ], [ 80.101527575000659, 8.162429273185641 ], [ 80.101028932957348, 8.161969110593695 ], [ 80.100779644300147, 8.161719889388321 ], [ 80.100741515204746, 8.16154757514238 ], [ 80.100761106633485, 8.161317939481345 ], [ 80.100780793820093, 8.16103088603948 ], [ 80.100858040815879, 8.160782206543397 ], [ 80.10095433539415, 8.160629253315898 ], [ 80.101281285002585, 8.160380987098637 ], [ 80.101511780548293, 8.160381368500129 ], [ 80.101684651534313, 8.160381654464066 ], [ 80.102049698224008, 8.160324841037243 ], [ 80.102261239526726, 8.160172077942988 ], [ 80.102415221655534, 8.159980941901146 ], [ 80.102376997311353, 8.159866044646169 ], [ 80.102261940338195, 8.159751019530336 ], [ 80.102291213985367, 8.159473551853887 ], [ 80.102368459693025, 8.159224871950938 ], [ 80.102483930501762, 8.159091089272238 ], [ 80.102675913604386, 8.159148823394275 ], [ 80.102829480491579, 8.159206494008767 ], [ 80.102925520277921, 8.159206652552674 ], [ 80.103079309921867, 8.159130350000423 ], [ 80.103175604157641, 8.158977397037839 ], [ 80.103214210343054, 8.158862625706355 ], [ 80.103233704703158, 8.158690406677685 ], [ 80.103195607431644, 8.158498953306426 ], [ 80.103061661473902, 8.158192507648845 ], [ 80.103061884141894, 8.158058534565624 ], [ 80.103081282170038, 8.15794373154124 ], [ 80.103216023123181, 8.157771702650578 ], [ 80.103446898739179, 8.157542415181123 ], [ 80.103447375567299, 8.157255329711486 ], [ 80.10339019739348, 8.156987288487533 ], [ 80.103428835068328, 8.156853378735397 ], [ 80.103563575479129, 8.156681349678459 ], [ 80.103775083380114, 8.156547724841159 ], [ 80.103794577311021, 8.156375504833328 ], [ 80.103814070310349, 8.156203285724432 ], [ 80.10379521265412, 8.15599272475974 ], [ 80.103853058057624, 8.155858846594244 ], [ 80.104122474189211, 8.155553065692368 ], [ 80.104180573377121, 8.15526607505384 ], [ 80.104257721704926, 8.155074811509101 ], [ 80.104411699891415, 8.154883674425077 ], [ 80.104834744792043, 8.154597284240644 ], [ 80.104969515510717, 8.154406115306623 ], [ 80.104988913647162, 8.154291313017932 ], [ 80.104941132106418, 8.154147691691534 ], [ 80.104941354036995, 8.154013718530036 ], [ 80.104999357238313, 8.153784144629105 ], [ 80.105153208689046, 8.153669563411007 ], [ 80.105307249255944, 8.153440147329144 ], [ 80.1053075660963, 8.153248757206345 ], [ 80.105173524829411, 8.152999729125124 ], [ 80.105020403568872, 8.152674113201371 ], [ 80.105020688820659, 8.15250186236578 ], [ 80.105117740177178, 8.151889571313516 ], [ 80.105214190131633, 8.1516409220905 ], [ 80.105464267771652, 8.151411663689618 ], [ 80.105656374481057, 8.151392840822002 ], [ 80.105829242660178, 8.15139312470802 ], [ 80.10602125443188, 8.151431717721454 ], [ 80.106386070320255, 8.151508872875709 ], [ 80.106885371602758, 8.151567108871085 ], [ 80.107250314179964, 8.151567707003707 ], [ 80.107864923819577, 8.151587852939585 ], [ 80.107846441804682, 8.151147623128624 ], [ 80.107904316630908, 8.150994605797052 ], [ 80.108212014805019, 8.150765439848573 ], [ 80.108692801130942, 8.150402583888363 ], [ 80.108943002132563, 8.150096766808472 ], [ 80.109039638235018, 8.149733282429057 ], [ 80.109039892569612, 8.149578713151039 ], [ 80.109040173595787, 8.149407918821934 ], [ 80.109037415357946, 8.149385631034201 ], [ 80.109002262991766, 8.149101630850563 ], [ 80.108906351480712, 8.149024918542214 ], [ 80.108791170241403, 8.148986451620363 ], [ 80.108579794017132, 8.149043523280719 ], [ 80.108406643974646, 8.149215492537627 ], [ 80.108252763625856, 8.149349214525353 ], [ 80.1081758707125, 8.149387366546238 ], [ 80.108176249092111, 8.149157698580144 ], [ 80.108186088958135, 8.149014170904371 ], [ 80.108162553007901, 8.148727046669272 ], [ 80.108176271765444, 8.14768638101866 ], [ 80.108176837260771, 8.147343062643555 ], [ 80.108177563347084, 8.146902225786294 ], [ 80.108178100859561, 8.146575863948799 ], [ 80.108178438959925, 8.146370572405877 ], [ 80.108420499280712, 8.145174774334754 ], [ 80.109086706860509, 8.141551397713329 ], [ 80.109546568352712, 8.139303302143306 ], [ 80.109885790264528, 8.137413869082032 ], [ 80.109851447154526, 8.136397047656189 ], [ 80.109521295351314, 8.132760080208675 ], [ 80.109397792027238, 8.131487524497015 ], [ 80.109379640630451, 8.131300492043692 ], [ 80.109475870140642, 8.131181029330323 ], [ 80.10976483111493, 8.130655174888272 ], [ 80.109783670434979, 8.130605394545542 ], [ 80.110059353440775, 8.12987696470859 ], [ 80.110110310729567, 8.129789583570721 ], [ 80.110324187298971, 8.129422841068246 ], [ 80.110420806979576, 8.129064139647431 ], [ 80.110445364144837, 8.128729245450549 ], [ 80.110590234812747, 8.128227078431982 ], [ 80.110855301770115, 8.127629411565266 ], [ 80.111072430918739, 8.126983819484924 ], [ 80.111145627593331, 8.126266221032068 ], [ 80.111255131285589, 8.125369253929254 ], [ 80.111858727833763, 8.123288853369548 ], [ 80.112219480697902, 8.122284023939985 ], [ 80.112365192685402, 8.121878162629821 ], [ 80.112786471556291, 8.121062802601005 ], [ 80.112846866455214, 8.120945910184433 ], [ 80.112535391771445, 8.12056262342127 ], [ 80.112101766010468, 8.120181115135995 ], [ 80.111936061762037, 8.120035326808743 ], [ 80.111946347357403, 8.119959398968069 ], [ 80.11198466275566, 8.119676546733814 ], [ 80.113224771315757, 8.117393820369651 ], [ 80.113370374316474, 8.116437099394082 ], [ 80.113515975544217, 8.115480377361028 ], [ 80.113626596966583, 8.113889614869006 ], [ 80.113366177327265, 8.111640345374322 ], [ 80.113214004168299, 8.109259669102924 ], [ 80.113809113541677, 8.104990207888086 ], [ 80.11390750992328, 8.10353100602741 ], [ 80.114035609370035, 8.102465874091328 ], [ 80.114081270263497, 8.102086208388933 ], [ 80.11435770732426, 8.099787636127303 ], [ 80.114480687682857, 8.097969613706287 ], [ 80.114818480774289, 8.096917502825066 ], [ 80.115059744140851, 8.09617624848444 ], [ 80.115913917100642, 8.094969462209438 ], [ 80.117524795373384, 8.093440913308866 ], [ 80.120409588416919, 8.090909581537685 ], [ 80.121762041217437, 8.089167502628607 ], [ 80.122273892046607, 8.088508188350579 ], [ 80.124199160257618, 8.08549681985818 ], [ 80.124981647231309, 8.084050656336215 ], [ 80.125677916864959, 8.081813778527266 ], [ 80.126079505241634, 8.080523597886391 ], [ 80.12670561773804, 8.079280536581056 ], [ 80.12846087761713, 8.077465074262678 ], [ 80.129181484443265, 8.077179117761643 ], [ 80.130261827899602, 8.077109040888311 ], [ 80.133730923130628, 8.076887185879462 ], [ 80.136372083219911, 8.076508510457218 ], [ 80.138989681860707, 8.075842691829646 ], [ 80.142436243928458, 8.074663763344999 ], [ 80.145679979144063, 8.072683036122893 ], [ 80.148203025923465, 8.071036121351341 ], [ 80.150185270707553, 8.069830966390148 ], [ 80.150501731030488, 8.069618771828495 ], [ 80.151146447257418, 8.06918647158192 ], [ 80.151675061381908, 8.068852334499544 ], [ 80.152276418010914, 8.068039823395688 ], [ 80.152782117174496, 8.066987925004389 ], [ 80.152830963447229, 8.066437743103153 ], [ 80.152831793615135, 8.065891844265423 ], [ 80.15283227318146, 8.065576475344658 ], [ 80.152702194968199, 8.064296336110196 ], [ 80.152631272373739, 8.063578504749831 ], [ 80.152225382167416, 8.062142442102079 ], [ 80.151555702252722, 8.060538510851318 ], [ 80.149173882481506, 8.056216591798389 ], [ 80.148551608956481, 8.055019439697377 ], [ 80.148049393702451, 8.053798544653679 ], [ 80.147643343979638, 8.052482099295073 ], [ 80.147547449752864, 8.051928806218767 ], [ 80.147482472121268, 8.051553894550871 ], [ 80.147417304833226, 8.0511778893868 ], [ 80.146834842713318, 8.047504645387969 ], [ 80.146229998073338, 8.042778704740172 ], [ 80.145922321315226, 8.039931261745384 ], [ 80.145937530515056, 8.037837920897639 ], [ 80.14584382906483, 8.036330556504149 ], [ 80.145942294919351, 8.034727787416255 ], [ 80.146040174349253, 8.033507803705398 ], [ 80.146245349680783, 8.032754504674189 ], [ 80.147513575287874, 8.027457225868028 ], [ 80.148130648060359, 8.02416858613566 ], [ 80.148485109182019, 8.019946503637083 ], [ 80.148465897726226, 8.017581810039244 ], [ 80.148465604288162, 8.017545736655547 ], [ 80.148464894545782, 8.017458357217356 ], [ 80.148158524471256, 8.016098303676223 ], [ 80.147928483349617, 8.015077087980963 ], [ 80.147139496607693, 8.013066261676448 ], [ 80.144877456260545, 8.009079452646052 ], [ 80.144267057065008, 8.007949720779015 ], [ 80.143920121194398, 8.007307606917418 ], [ 80.143537387287793, 8.006469677562002 ], [ 80.143563037094964, 8.005393128613425 ], [ 80.143587404123735, 8.005153923712252 ], [ 80.143900624784592, 8.004364901826413 ], [ 80.145499770548781, 8.002345736864456 ], [ 80.147278923577673, 8.000314873696956 ], [ 80.148360806639644, 7.999096372921082 ], [ 80.149009476761719, 7.998666715399743 ], [ 80.149167425113788, 7.998604013393001 ], [ 80.149600148623009, 7.99843223044244 ], [ 80.149660352096575, 7.998443865292161 ], [ 80.150638446022285, 7.999644125900781 ], [ 80.151039850632259, 8.000136704135675 ], [ 80.151478082405859, 8.001139296240396 ], [ 80.152483977268247, 8.000639838442563 ], [ 80.153239245372788, 7.999701657095679 ], [ 80.154433784950314, 7.999077234608973 ], [ 80.155187917900776, 7.998890498949079 ], [ 80.156005339892815, 7.998390750431848 ], [ 80.156571289338288, 7.998015867718702 ], [ 80.157011128414226, 7.997953901453529 ], [ 80.157287634298896, 7.997728956268728 ], [ 80.157530238332441, 7.997620565332141 ], [ 80.159020737597046, 7.998395233928001 ], [ 80.161972384978952, 7.999025811718065 ], [ 80.163479252389791, 7.999591621976548 ], [ 80.165677249829415, 8.000095821607871 ], [ 80.167561238391443, 8.000536928667005 ], [ 80.170889756279976, 8.001230617080935 ], [ 80.172397012184646, 8.001545913105932 ], [ 80.174029366529382, 8.002237110971357 ], [ 80.175034329236468, 8.002363806839792 ], [ 80.17603974736015, 8.002177395034376 ], [ 80.176856336758505, 8.002241193497738 ], [ 80.17748391824054, 8.002680445592853 ], [ 80.177734933085517, 8.002868670403213 ], [ 80.179242654240426, 8.002870836798701 ], [ 80.180248614165009, 8.002308688088213 ], [ 80.180625905185764, 8.002058743442321 ], [ 80.180689268088898, 8.001683107620831 ], [ 80.180564707552321, 8.000931474454761 ], [ 80.180565790099948, 8.000180022021517 ], [ 80.180566511740906, 7.99967905311459 ], [ 80.180818247708075, 7.999366307109967 ], [ 80.181069621899411, 7.999304045403341 ], [ 80.18157255198237, 7.999054280166193 ], [ 80.182075841330416, 7.998554028827784 ], [ 80.182452857134123, 7.998491945551616 ], [ 80.18389738362464, 7.998744488780902 ], [ 80.184714059059104, 7.998745650144834 ], [ 80.185342538493472, 7.998558678888157 ], [ 80.187038620249851, 7.99862370434591 ], [ 80.187792830134356, 7.998374285884681 ], [ 80.188421575790187, 7.997999446176569 ], [ 80.188987142783759, 7.997875001673644 ], [ 80.190054214327063, 7.998502718988888 ], [ 80.190933533283143, 7.998629198942853 ], [ 80.191561568733079, 7.998755324211315 ], [ 80.192185076268444, 7.999234812493339 ], [ 80.192377360471596, 7.999382682005874 ], [ 80.193067246891516, 8.00019772699744 ], [ 80.193693962425058, 8.001263167197621 ], [ 80.194258652489538, 8.001764928326757 ], [ 80.195742136064283, 8.002463341673515 ], [ 80.1960286914465, 8.002225984530028 ], [ 80.197125139911918, 8.001299605569253 ], [ 80.197509357549848, 8.000645146925569 ], [ 80.198113289541269, 7.999499748357209 ], [ 80.198553709023571, 7.997808294172799 ], [ 80.198774031945277, 7.996880693085325 ], [ 80.198938835543601, 7.996498842493519 ], [ 80.19992506430161, 7.996063545544088 ], [ 80.200417950105077, 7.996009645335048 ], [ 80.200855775519159, 7.996173998162187 ], [ 80.202223254626162, 7.997212958204782 ], [ 80.204356809962121, 7.998635047327527 ], [ 80.206271727173927, 7.999783911583915 ], [ 80.207694364311891, 8.000550016890234 ], [ 80.209555740347881, 8.000825469563701 ], [ 80.211143779220663, 8.000773045310767 ], [ 80.211527006198608, 8.000828148294326 ], [ 80.212128593381223, 8.001374792663075 ], [ 80.213004118196878, 8.00181264106352 ], [ 80.21333258976216, 8.001867668358035 ], [ 80.213989829096747, 8.001759390658862 ], [ 80.214428111760625, 8.001596233456036 ], [ 80.2146480306195, 8.000941535249947 ], [ 80.214649883008221, 7.999576965697459 ], [ 80.214815562265088, 7.998540114021405 ], [ 80.214871430177908, 7.997721445269184 ], [ 80.214599052930865, 7.99668400288858 ], [ 80.215201155860186, 7.996848563328512 ], [ 80.217062153937263, 7.997396895110871 ], [ 80.2173906218691, 7.997451918983017 ], [ 80.218486056379845, 7.997235055200765 ], [ 80.219636100181646, 7.997127427495579 ], [ 80.222045408441062, 7.997130639938123 ], [ 80.224564158287848, 7.997188566369477 ], [ 80.225549494433551, 7.997408202497974 ], [ 80.22660445288237, 7.997327448064715 ], [ 80.226772433744358, 8.000532522569632 ], [ 80.226650935232684, 8.002777001067972 ], [ 80.226768981651091, 8.00313157353796 ], [ 80.227065197009523, 8.003191034319178 ], [ 80.228547055630358, 8.002897638867912 ], [ 80.229554452293712, 8.002898962986121 ], [ 80.230324503537645, 8.003136251376816 ], [ 80.231567770091857, 8.004023922574355 ], [ 80.232219228451726, 8.004320122374319 ], [ 80.234647839261129, 8.005091192471451 ], [ 80.236069130207696, 8.005801873639143 ], [ 80.236365039894196, 8.006097605644255 ], [ 80.236423447400924, 8.006034698811265 ], [ 80.236424376644607, 8.006038612635997 ], [ 80.236955551732493, 8.007693248854521 ], [ 80.237487270514578, 8.008934397216571 ], [ 80.23802037674885, 8.009112296236216 ], [ 80.238152058089355, 8.009172164988835 ], [ 80.238671848288803, 8.009408486619655 ], [ 80.239205185964835, 8.009409175407825 ], [ 80.2397386003517, 8.009350793609375 ], [ 80.240568618786583, 8.009056515790219 ], [ 80.241279734703056, 8.009057430711 ], [ 80.242345951020511, 8.009413217617402 ], [ 80.242819952619428, 8.009472894707685 ], [ 80.243116251770687, 8.009473274476923 ], [ 80.24370915357153, 8.009237755442859 ], [ 80.244183687406846, 8.00888394499929 ], [ 80.244361922802284, 8.00852975533426 ], [ 80.244658979867424, 8.007939438995267 ], [ 80.24471892321553, 8.007407888756564 ], [ 80.244661030036781, 8.006344562079088 ], [ 80.244543346752209, 8.005694645739196 ], [ 80.244543726419764, 8.005399298680715 ], [ 80.245314171899793, 8.005341211959225 ], [ 80.246558765316664, 8.005224658176347 ], [ 80.247151660066521, 8.004989133621335 ], [ 80.247270707064885, 8.004575797966263 ], [ 80.247390886392012, 8.003276417879926 ], [ 80.247628827512671, 8.002567884386115 ], [ 80.248103425554135, 8.002154999508567 ], [ 80.248518311561696, 8.002096455332477 ], [ 80.248814304508784, 8.002333108874421 ], [ 80.24928784808435, 8.002747196324691 ], [ 80.249642799664571, 8.003220202534871 ], [ 80.250412640385647, 8.003634662490315 ], [ 80.25100500512481, 8.00381261952452 ], [ 80.25206031913018, 8.003861767114659 ], [ 80.252367513934487, 8.004168753935202 ], [ 80.252544767279986, 8.004582465080928 ], [ 80.252603279194304, 8.005173235414148 ], [ 80.25236504543345, 8.006118050441934 ], [ 80.252601559352755, 8.006531835246948 ], [ 80.25265954706876, 8.007536093008014 ], [ 80.252243009128719, 8.008894171498291 ], [ 80.252538484418267, 8.009544310164936 ], [ 80.252715591226249, 8.010076159520148 ], [ 80.252952182307169, 8.010430875098335 ], [ 80.253425664488788, 8.010904027625726 ], [ 80.254195150418937, 8.011613830778066 ], [ 80.254844999825877, 8.013209526435306 ], [ 80.255139961529281, 8.01427315106298 ], [ 80.25506064915345, 8.014509330360653 ], [ 80.256326213035308, 8.013447659190714 ], [ 80.257393568454162, 8.012917365134994 ], [ 80.25816424997997, 8.012682046847736 ], [ 80.258994190570903, 8.012446800743904 ], [ 80.259468420853892, 8.012329250655833 ], [ 80.259647309497055, 8.011443426602943 ], [ 80.260063310314465, 8.010498827302916 ], [ 80.260598345440982, 8.009140886334016 ], [ 80.261311081790197, 8.007842234412317 ], [ 80.261608703493565, 8.00677934699392 ], [ 80.261669358558095, 8.005657096228548 ], [ 80.261375855194842, 8.003412081855169 ], [ 80.261436215926807, 8.002526110533985 ], [ 80.262327006859238, 8.000991395562565 ], [ 80.26243405418866, 8.000745473688331 ], [ 80.262445799171829, 8.000770030989502 ], [ 80.263335045581172, 8.000475777272678 ], [ 80.264372710486995, 7.999960192747192 ], [ 80.266078122775824, 7.998559375809775 ], [ 80.267264108074116, 7.99789629019114 ], [ 80.267634744101201, 7.997675230408809 ], [ 80.267686646444417, 7.99788848603429 ], [ 80.267708635734678, 7.997822995360893 ], [ 80.26770972356357, 7.996936948781809 ], [ 80.267340993117969, 7.995607427409633 ], [ 80.266899444019089, 7.993258862093487 ], [ 80.266781872755459, 7.992490811087553 ], [ 80.266308757461658, 7.99172232464903 ], [ 80.265836080264975, 7.990599419289935 ], [ 80.2658366620783, 7.990126861332244 ], [ 80.265896355978754, 7.989772515344322 ], [ 80.266192859092698, 7.989595667949154 ], [ 80.266844760118474, 7.989537394956489 ], [ 80.268326861457069, 7.989599507240483 ], [ 80.267493236403183, 7.987096339809105 ], [ 80.266477950884124, 7.983756243449921 ], [ 80.266417622642294, 7.983562968301235 ], [ 80.267478868943883, 7.983719865084221 ], [ 80.269073047401463, 7.984142601232597 ], [ 80.269404305436439, 7.984230441599249 ], [ 80.270876968930722, 7.98440163859956 ], [ 80.271499968995627, 7.984515333506688 ], [ 80.2735393975981, 7.984461323189859 ], [ 80.27399258847386, 7.984461868549911 ], [ 80.274558804230026, 7.984688431978447 ], [ 80.276030928000864, 7.985311374900873 ], [ 80.276314240690027, 7.985255243519398 ], [ 80.276767704548888, 7.98502990339821 ], [ 80.276937855644462, 7.984860694777463 ], [ 80.277051765174505, 7.98435259549415 ], [ 80.276995863509356, 7.983731351757135 ], [ 80.276544305034633, 7.982375516478474 ], [ 80.276035352260507, 7.98164078897919 ], [ 80.27586635941924, 7.980849998469957 ], [ 80.275980677104442, 7.980003075612014 ], [ 80.276491531154548, 7.979156627113868 ], [ 80.277455567371078, 7.978310719879389 ], [ 80.277966349342023, 7.977520739834429 ], [ 80.278336378805932, 7.976751825656629 ], [ 80.278246150838967, 7.976661664828029 ], [ 80.278246756336884, 7.976156607286081 ], [ 80.278753936426128, 7.975708270980534 ], [ 80.279542380489829, 7.975428621636161 ], [ 80.279655504223513, 7.974979815729879 ], [ 80.27926272547532, 7.973913115045838 ], [ 80.279207707865538, 7.972846816541267 ], [ 80.279377794639913, 7.971836902676118 ], [ 80.279041446742738, 7.970658035365165 ], [ 80.278985489012584, 7.97037738101626 ], [ 80.278760654214977, 7.970096525863036 ], [ 80.277241222662582, 7.969701893082108 ], [ 80.275271520406662, 7.969250598756342 ], [ 80.273920702246528, 7.969080626527279 ], [ 80.273189238710415, 7.968799159963092 ], [ 80.272120089838367, 7.968461168235057 ], [ 80.270882884327563, 7.96744956061597 ], [ 80.270208470031704, 7.966550865788639 ], [ 80.270204200158176, 7.966541471899542 ], [ 80.269645069675846, 7.966943006748812 ], [ 80.268744120449895, 7.967166384373349 ], [ 80.267899668100483, 7.967221477260749 ], [ 80.266886545293914, 7.967108009951119 ], [ 80.265648048188993, 7.967162617431343 ], [ 80.263789783579824, 7.96766540281211 ], [ 80.263057499278943, 7.968057326504199 ], [ 80.262212489929496, 7.968561346247972 ], [ 80.262105633721603, 7.968374393721194 ], [ 80.262294525934465, 7.968045800244126 ], [ 80.261338856717799, 7.966971345838075 ], [ 80.258825939032377, 7.964878487506405 ], [ 80.256871523232917, 7.963204260450617 ], [ 80.256103945459017, 7.962367403901085 ], [ 80.255616478622471, 7.961043284929291 ], [ 80.255129626237206, 7.959231555704478 ], [ 80.254434029365328, 7.956722980498414 ], [ 80.253388548111161, 7.954631919486774 ], [ 80.251924277436885, 7.952192038902474 ], [ 80.251017598918111, 7.950867390837956 ], [ 80.250599856980003, 7.949682671378821 ], [ 80.249345236185093, 7.947243046963376 ], [ 80.248021375447081, 7.944315721846678 ], [ 80.24634764543076, 7.941805903016239 ], [ 80.245580570399028, 7.940620738136545 ], [ 80.244815008282586, 7.938251378652235 ], [ 80.243910247419507, 7.935463890178077 ], [ 80.243075544501977, 7.932537172261432 ], [ 80.242727799538812, 7.931282877377548 ], [ 80.242620908433139, 7.931324421542042 ], [ 80.242606784271047, 7.931005667886156 ], [ 80.242146284813671, 7.929448885680372 ], [ 80.242147758941726, 7.92829614969589 ], [ 80.242109365708046, 7.928180826835471 ], [ 80.241514273979845, 7.926393325763925 ], [ 80.241111445535822, 7.92495189008469 ], [ 80.240362054394453, 7.923279465322255 ], [ 80.239745068420504, 7.922207902666756 ], [ 80.23980841019555, 7.922140712699678 ], [ 80.240550913841204, 7.922018305799507 ], [ 80.241293022479056, 7.92220428111326 ], [ 80.241849623481514, 7.922328342262756 ], [ 80.242530423119007, 7.922082499029583 ], [ 80.243087260433583, 7.922021529071999 ], [ 80.244199837513733, 7.922763061817976 ], [ 80.244818381312612, 7.922825520267308 ], [ 80.245189555450878, 7.92282598917877 ], [ 80.245375612052214, 7.92245616263488 ], [ 80.245438101036697, 7.921962825605448 ], [ 80.245377021850061, 7.921345978161441 ], [ 80.245377804982112, 7.920729209687205 ], [ 80.245378353137227, 7.920297471653917 ], [ 80.245255490397497, 7.919618869877328 ], [ 80.245132315577365, 7.919186974750015 ], [ 80.244824260616539, 7.918199754748856 ], [ 80.244824965895376, 7.917644662455734 ], [ 80.245196761825483, 7.917151715844024 ], [ 80.245512543050381, 7.916951922071972 ], [ 80.245877784818347, 7.916720835890748 ], [ 80.246373144588915, 7.916351397349659 ], [ 80.246869439938919, 7.91524183597838 ], [ 80.247675036841954, 7.914132662251725 ], [ 80.248543268926852, 7.912406794228481 ], [ 80.249782423406373, 7.910866418573059 ], [ 80.249791552765927, 7.910688838200441 ], [ 80.250588468175977, 7.909387175609541 ], [ 80.251209005049645, 7.907846023083475 ], [ 80.251582482775362, 7.905996175110893 ], [ 80.251523480549849, 7.903714049725671 ], [ 80.251093478218451, 7.901308107578217 ], [ 80.251220440850616, 7.898717827566065 ], [ 80.251232926035243, 7.898221046148691 ], [ 80.251221058613865, 7.898224411429278 ], [ 80.250788047215153, 7.898223872266287 ], [ 80.250602857969895, 7.897915255772814 ], [ 80.250108375888985, 7.897606253576165 ], [ 80.24936630551224, 7.897420296341908 ], [ 80.249119103926446, 7.897234956464868 ], [ 80.248995852583505, 7.896864739414121 ], [ 80.248811285709962, 7.896062707140153 ], [ 80.248503390532207, 7.894952133958495 ], [ 80.247823883236293, 7.894211158491298 ], [ 80.247143911683821, 7.893840244451223 ], [ 80.246649125686545, 7.893777946535473 ], [ 80.246092325824648, 7.893838924755287 ], [ 80.245411420160337, 7.894208130810786 ], [ 80.245101583221384, 7.894639481097693 ], [ 80.245286844989792, 7.89488642251696 ], [ 80.245162582605502, 7.8953180053701 ], [ 80.244481986471598, 7.895440501836847 ], [ 80.24429578545049, 7.895933683566372 ], [ 80.244480344347593, 7.896735718167284 ], [ 80.244479796911548, 7.897167456624802 ], [ 80.244170034901074, 7.897537128775836 ], [ 80.243551058595884, 7.897844732083986 ], [ 80.242313259548595, 7.898336583254006 ], [ 80.241879777013622, 7.898706096857204 ], [ 80.241693572169524, 7.899199277051798 ], [ 80.241136371984453, 7.899568632024815 ], [ 80.240826526457454, 7.899999977572843 ], [ 80.240516837927387, 7.900307969481687 ], [ 80.2403928840845, 7.900492842758931 ], [ 80.240021335687899, 7.900800755624602 ], [ 80.238721507589034, 7.901415869865271 ], [ 80.238530235730906, 7.901480367618891 ], [ 80.238330601807988, 7.900141721397334 ], [ 80.237759421697021, 7.898855912006304 ], [ 80.236902199066236, 7.89728416240894 ], [ 80.236545100840189, 7.89656977226935 ], [ 80.235901683824324, 7.895783621994588 ], [ 80.234542240064286, 7.894996552092299 ], [ 80.233182801648994, 7.894209477184415 ], [ 80.231680533356425, 7.893136641048495 ], [ 80.230893926270596, 7.892350299101127 ], [ 80.229821284459319, 7.891278011945521 ], [ 80.229249211147277, 7.890706124529733 ], [ 80.228677977786248, 7.889491697986779 ], [ 80.2286788160946, 7.888849159530449 ], [ 80.229181796763996, 7.887493339169003 ], [ 80.23011419561135, 7.886280858943234 ], [ 80.229785227526975, 7.885141702978947 ], [ 80.228613639942481, 7.88392293668459 ], [ 80.229115683814243, 7.883281047476366 ], [ 80.229475174431144, 7.882139219680743 ], [ 80.229548633055273, 7.880711448560416 ], [ 80.229836520608174, 7.87956952746632 ], [ 80.230196005394191, 7.878427698499256 ], [ 80.2311627179173, 7.876912008223827 ], [ 80.230342543947756, 7.875857726539119 ], [ 80.229771324700636, 7.874643301797551 ], [ 80.22941453440896, 7.873714727578176 ], [ 80.229344792073093, 7.872286769805805 ], [ 80.229319117315413, 7.8722213565523 ], [ 80.226837430116959, 7.873354420862467 ], [ 80.224616452814757, 7.874422429675312 ], [ 80.223111271044843, 7.875634149228226 ], [ 80.221534481112414, 7.876845768763104 ], [ 80.22088914099227, 7.877558853714105 ], [ 80.220172954623266, 7.877700699321799 ], [ 80.219528651266188, 7.877628458105273 ], [ 80.218455128535311, 7.877270076410463 ], [ 80.217382462185512, 7.876269154467983 ], [ 80.216523743969418, 7.875911052968473 ], [ 80.215736244874222, 7.875838615637987 ], [ 80.214519818348776, 7.87526585660352 ], [ 80.213804398761667, 7.874836546222355 ], [ 80.213231318192172, 7.875049962638133 ], [ 80.213016616452833, 7.874978283625278 ], [ 80.212516379121809, 7.874263685590733 ], [ 80.212230365388379, 7.87397773109786 ], [ 80.211801059335627, 7.873762979126674 ], [ 80.211442968052737, 7.873833894006391 ], [ 80.210869983929257, 7.873975914319606 ], [ 80.21015408999979, 7.873903563459359 ], [ 80.208938159407253, 7.872973823826669 ], [ 80.208803929640439, 7.872960257427343 ], [ 80.209368906790104, 7.872117683507292 ], [ 80.210444520377479, 7.870905440552624 ], [ 80.211878215329477, 7.869622279120169 ], [ 80.21309691555436, 7.86848161217002 ], [ 80.214171650547698, 7.867911895575219 ], [ 80.215676730613083, 7.8667716004981 ], [ 80.216752027429081, 7.865773517812012 ], [ 80.216779244551276, 7.865679005866288 ], [ 80.216895317480493, 7.865702314055688 ], [ 80.218255674273195, 7.865704109417676 ], [ 80.219258419439882, 7.865419856475392 ], [ 80.220118157907592, 7.864992627783321 ], [ 80.221551520762006, 7.863923608644282 ], [ 80.222125051987788, 7.86335321313967 ], [ 80.223057506149914, 7.862069352742989 ], [ 80.223918544870415, 7.860642609349177 ], [ 80.224493376457758, 7.859072705515533 ], [ 80.224351399152127, 7.858144406735371 ], [ 80.224138574413644, 7.856644868803683 ], [ 80.223995756414268, 7.856359109779841 ], [ 80.223737755562937, 7.855946278071209 ], [ 80.223638524108068, 7.855787497374344 ], [ 80.222134724895625, 7.85599971379665 ], [ 80.221633459140349, 7.856070451385833 ], [ 80.219342761941519, 7.855781874921419 ], [ 80.216908307674231, 7.855921455447275 ], [ 80.215333291342432, 7.855847980712859 ], [ 80.214760713779029, 7.855704436252477 ], [ 80.214045229873733, 7.855346521213001 ], [ 80.213616798996895, 7.854489234312747 ], [ 80.213332322499326, 7.853060991435894 ], [ 80.213333752403983, 7.851990094612807 ], [ 80.213478087160141, 7.851133567715145 ], [ 80.213837395402493, 7.850134538645014 ], [ 80.214053417214203, 7.849206712357542 ], [ 80.215272713938688, 7.847566282117931 ], [ 80.215931034059011, 7.846951234259405 ], [ 80.21620357656434, 7.847030893024217 ], [ 80.216904466956066, 7.847119197712674 ], [ 80.218569588337729, 7.846946630228878 ], [ 80.218895282601466, 7.84698527308554 ], [ 80.221361099567886, 7.844989218293005 ], [ 80.222485780778825, 7.843956680302149 ], [ 80.224131616473173, 7.840856802373802 ], [ 80.225863049390057, 7.838360198838257 ], [ 80.227851782796577, 7.837328762698696 ], [ 80.22949565580501, 7.835693701349314 ], [ 80.230621515426179, 7.833713298689006 ], [ 80.230837943935086, 7.83325917575905 ], [ 80.230190368675395, 7.833023406515173 ], [ 80.229413037831875, 7.832763904937285 ], [ 80.227339712613215, 7.832416563785455 ], [ 80.225612132393849, 7.83198349290491 ], [ 80.22431546488248, 7.83241264812724 ], [ 80.222587662966518, 7.832151899210753 ], [ 80.221983266043935, 7.831806442777459 ], [ 80.221465955761659, 7.830944095059383 ], [ 80.22008741500261, 7.827926440000586 ], [ 80.21870798360257, 7.825598118622059 ], [ 80.217844724675246, 7.824993815716319 ], [ 80.217240342035737, 7.824648353360841 ], [ 80.216722365189085, 7.824303002932678 ], [ 80.216031579865785, 7.823957425341161 ], [ 80.215168898683785, 7.822922281976695 ], [ 80.214391711737136, 7.822576588000885 ], [ 80.21309632614792, 7.822057872125427 ], [ 80.212654936114888, 7.821986844959929 ], [ 80.213183992173256, 7.82111014927291 ], [ 80.214481547652809, 7.819991690396395 ], [ 80.215605602680199, 7.819390001596211 ], [ 80.217160992853167, 7.819305879323001 ], [ 80.218543120448459, 7.819566194109691 ], [ 80.219924570746016, 7.820343506969993 ], [ 80.221392318515186, 7.821207095820453 ], [ 80.221910633555026, 7.82129393790128 ], [ 80.222688502302006, 7.821122615632348 ], [ 80.223466819614899, 7.820606623368398 ], [ 80.224247493791751, 7.818281117185847 ], [ 80.225026252427099, 7.817420452824608 ], [ 80.226237362678972, 7.816301841913188 ], [ 80.227380130555019, 7.81562006083632 ], [ 80.227534423191855, 7.815528008058925 ], [ 80.22822654419852, 7.814839560030136 ], [ 80.228833260894987, 7.813375493226187 ], [ 80.228229441227825, 7.812599210339193 ], [ 80.227625400708632, 7.811995261164425 ], [ 80.227107988320441, 7.811219088114027 ], [ 80.226849673189179, 7.810529415445425 ], [ 80.227023929260142, 7.809409463756077 ], [ 80.227405961953991, 7.808271383482937 ], [ 80.227891295577493, 7.806825556789105 ], [ 80.227719271995099, 7.806222163381603 ], [ 80.226683344374123, 7.805531489904523 ], [ 80.224523866335815, 7.805097864911443 ], [ 80.223486824475785, 7.805268857875877 ], [ 80.22210372605133, 7.805784067144294 ], [ 80.218992704833937, 7.806210850471371 ], [ 80.215881907489575, 7.806465276314549 ], [ 80.214758686354529, 7.806463798812569 ], [ 80.21432724917122, 7.806032394023815 ], [ 80.214328390708602, 7.805170722547881 ], [ 80.214849193659589, 7.803361895425993 ], [ 80.214071699537527, 7.80327470384961 ], [ 80.212689285233367, 7.803272879787975 ], [ 80.211478755216675, 7.803960617119339 ], [ 80.210353817326293, 7.805251634793778 ], [ 80.210322090024022, 7.805140327946535 ], [ 80.209920775386479, 7.806026564698393 ], [ 80.208796173873083, 7.807059075109448 ], [ 80.206634976686459, 7.807917864971022 ], [ 80.205250459836705, 7.809467020802955 ], [ 80.204558661987988, 7.809896929126271 ], [ 80.20369347645871, 7.810757438918094 ], [ 80.202135784046575, 7.812564851624455 ], [ 80.201818489082058, 7.812731826205347 ], [ 80.200593471718008, 7.809996631264442 ], [ 80.198619517290112, 7.805352967259916 ], [ 80.19786752995023, 7.804861159849545 ], [ 80.197156051057107, 7.80528557781737 ], [ 80.195521730458935, 7.805446321879569 ], [ 80.194377191583712, 7.805933662882659 ], [ 80.192581028642266, 7.804953405837598 ], [ 80.19176532880455, 7.80397448585659 ], [ 80.191111467410678, 7.804136556798135 ], [ 80.190294196579188, 7.804298401259261 ], [ 80.188824416851944, 7.803644511152818 ], [ 80.188010762459015, 7.8011988862363 ], [ 80.187032352122671, 7.799730833776604 ], [ 80.186216675201848, 7.798751905463502 ], [ 80.185952093816525, 7.798795507020076 ], [ 80.186007401224401, 7.798305272899385 ], [ 80.186195575011297, 7.797497167720633 ], [ 80.186255046370533, 7.797432106133073 ], [ 80.186820021989718, 7.796814028241011 ], [ 80.188567274899555, 7.795759343906683 ], [ 80.189316242360846, 7.795200735700107 ], [ 80.189754061980864, 7.794206424832741 ], [ 80.190725618575428, 7.790476835923573 ], [ 80.191038561709505, 7.789606715868397 ], [ 80.19341087807399, 7.787371403688581 ], [ 80.193661890510938, 7.786190286464961 ], [ 80.193351002971951, 7.785568041530111 ], [ 80.191984387434005, 7.781897432413825 ], [ 80.191549066833289, 7.781088469667464 ], [ 80.190926021248117, 7.780776707332021 ], [ 80.190615311581382, 7.78003009687653 ], [ 80.190615568373445, 7.779843550502521 ], [ 80.190990763252699, 7.779035697271217 ], [ 80.191303353708022, 7.778414303833046 ], [ 80.191615515146751, 7.77810382048385 ], [ 80.191927250124806, 7.77810424638735 ], [ 80.192425428213639, 7.778540200894732 ], [ 80.19304779005428, 7.779349416926288 ], [ 80.193483623144729, 7.779785286247035 ], [ 80.194416704253513, 7.781341109326916 ], [ 80.194603491867426, 7.781527910260594 ], [ 80.194977491559712, 7.781590600471072 ], [ 80.195414347844419, 7.781280283817433 ], [ 80.195975983976794, 7.78090795338775 ], [ 80.196537702973785, 7.780473439644706 ], [ 80.197099252453668, 7.780163290060012 ], [ 80.198096976915622, 7.780040275498892 ], [ 80.198969923000547, 7.779979271896542 ], [ 80.199303261026571, 7.779939833892028 ], [ 80.199551084348272, 7.778997577725576 ], [ 80.199552499996912, 7.777952918840525 ], [ 80.198955251128623, 7.777006944163985 ], [ 80.198507231776986, 7.776359644776879 ], [ 80.198459388810477, 7.776318885857052 ], [ 80.198507366808727, 7.77626015346258 ], [ 80.199106637095042, 7.775713758791852 ], [ 80.199506599018846, 7.775017857347571 ], [ 80.199506935947454, 7.774769129001633 ], [ 80.199507475010066, 7.774371163642038 ], [ 80.199109671445285, 7.773475204707675 ], [ 80.198861028157012, 7.772927666079676 ], [ 80.198612385471918, 7.772380127339045 ], [ 80.198264327227776, 7.771583725513341 ], [ 80.198165046197673, 7.771235371191441 ], [ 80.198365767991845, 7.770340218442045 ], [ 80.198616095591163, 7.769644115462651 ], [ 80.198817489550478, 7.768251505527379 ], [ 80.198925210416689, 7.76747149552738 ], [ 80.198271658386957, 7.767302320185983 ], [ 80.197792267193421, 7.767086380373994 ], [ 80.197312745636751, 7.766966125459432 ], [ 80.196905014901745, 7.766965574301099 ], [ 80.196401445255503, 7.766893129101935 ], [ 80.195874118583788, 7.766653200730358 ], [ 80.195341017832973, 7.766480831285608 ], [ 80.194094707915042, 7.766043864930467 ], [ 80.193534112101915, 7.76567000989859 ], [ 80.191726957046555, 7.765045726947801 ], [ 80.191041504253349, 7.764796062809919 ], [ 80.190231789966305, 7.764235316596368 ], [ 80.188986349417917, 7.763176516055391 ], [ 80.188364103044478, 7.76230511334449 ], [ 80.187742202415762, 7.761184981891957 ], [ 80.18736925242996, 7.760376102736683 ], [ 80.187059678106124, 7.758821125061999 ], [ 80.18724739742116, 7.758323926012567 ], [ 80.187298856185393, 7.758204620221536 ], [ 80.187403343323084, 7.758261957600926 ], [ 80.18840110243346, 7.758076780517146 ], [ 80.190085413960119, 7.757332900114376 ], [ 80.190460415923056, 7.756649408274228 ], [ 80.190868293476427, 7.754722318459228 ], [ 80.191185805422037, 7.75049436354745 ], [ 80.191312875487128, 7.748753436397124 ], [ 80.191750123872922, 7.748132209885291 ], [ 80.192249033805084, 7.748008524283467 ], [ 80.192560831600588, 7.747946765545096 ], [ 80.193121913403644, 7.747947527807377 ], [ 80.194056881603686, 7.748073160815103 ], [ 80.195178539355609, 7.748447773388376 ], [ 80.196923877782382, 7.748636678731359 ], [ 80.197796842910378, 7.748513491032229 ], [ 80.198171571676028, 7.748016537532092 ], [ 80.198611080025486, 7.745716384407015 ], [ 80.198675438404308, 7.744224097178061 ], [ 80.198864564370012, 7.742669793809119 ], [ 80.199117288326903, 7.740182841568959 ], [ 80.199181474892612, 7.738814918063684 ], [ 80.198995710342984, 7.737881933746281 ], [ 80.199434360687249, 7.736203600487883 ], [ 80.199685315703903, 7.735022472524299 ], [ 80.199686990938801, 7.733778829295164 ], [ 80.199563566526379, 7.732845928612964 ], [ 80.19943997496442, 7.73203739322054 ], [ 80.199382769455823, 7.731458932090505 ], [ 80.195623884113758, 7.730481477867571 ], [ 80.19469757916734, 7.730451352152826 ], [ 80.194025420841555, 7.72937056652742 ], [ 80.193736806011572, 7.72830931804716 ], [ 80.194176214966134, 7.725127337835398 ], [ 80.19456688137025, 7.722234615462678 ], [ 80.195438477147817, 7.721174932677607 ], [ 80.195632890032883, 7.720403661055292 ], [ 80.195537903986079, 7.719149790884358 ], [ 80.195056054344491, 7.717991840957052 ], [ 80.194478831919682, 7.715869344885554 ], [ 80.194577475855894, 7.714422852298934 ], [ 80.19496512031165, 7.713748282908067 ], [ 80.195449706705077, 7.712880960128181 ], [ 80.19709642643474, 7.710568571780249 ], [ 80.198743127824656, 7.708256175531585 ], [ 80.199228217972191, 7.707003080626859 ], [ 80.19907106061892, 7.706134236742753 ], [ 80.198844345985862, 7.704880847264638 ], [ 80.198460088109712, 7.70304793859883 ], [ 80.19856701120375, 7.702676518116148 ], [ 80.198702306918861, 7.702662495227135 ], [ 80.201311632810757, 7.703437511305343 ], [ 80.204114843511036, 7.703827001374698 ], [ 80.205177941994407, 7.704117734142586 ], [ 80.206144745493091, 7.704119011422923 ], [ 80.206724444253624, 7.704409102111415 ], [ 80.207109377746377, 7.705759796994599 ], [ 80.206720864971359, 7.707109472017039 ], [ 80.206718946967172, 7.70855609861151 ], [ 80.207777846126163, 7.712029404542118 ], [ 80.208646328164392, 7.71328429326454 ], [ 80.210192866524253, 7.713575651161272 ], [ 80.213770122788176, 7.713580330035229 ], [ 80.213925219603425, 7.713560923709562 ], [ 80.213674072079826, 7.71309799465411 ], [ 80.213000583799968, 7.710589623317931 ], [ 80.213098530354131, 7.709625330797418 ], [ 80.213679252310783, 7.709143877833443 ], [ 80.212700784258033, 7.707199450255947 ], [ 80.212494994320792, 7.706027227489098 ], [ 80.212496712640998, 7.704717399276253 ], [ 80.212428507899745, 7.704027926150464 ], [ 80.212334569149007, 7.702391180400263 ], [ 80.21349473010136, 7.702392693160002 ], [ 80.215621818217784, 7.702299016451439 ], [ 80.218231931245683, 7.702495279657622 ], [ 80.219197483597938, 7.703460947231567 ], [ 80.219969928628274, 7.704233479916333 ], [ 80.220743248948935, 7.704330917248844 ], [ 80.220774919869413, 7.704489945833085 ], [ 80.221164431048223, 7.704266448921718 ], [ 80.222029468451666, 7.703214554154679 ], [ 80.223567604387313, 7.701110511113354 ], [ 80.224721317986749, 7.699436747974762 ], [ 80.225106275792015, 7.698575687698485 ], [ 80.22582575610798, 7.698768060190811 ], [ 80.226640649284619, 7.699391328116531 ], [ 80.227216001839395, 7.699727106607061 ], [ 80.227935607287804, 7.699823747947258 ], [ 80.228847383210876, 7.699729175552993 ], [ 80.229807444220498, 7.699395342709033 ], [ 80.230671419862759, 7.699157114366428 ], [ 80.230973799636146, 7.69912518171643 ], [ 80.2313401869324, 7.696087781639696 ], [ 80.230737619221031, 7.694103761473158 ], [ 80.231172764978368, 7.691776134260742 ], [ 80.231779694267104, 7.690311010754205 ], [ 80.231855932587422, 7.689833255750347 ], [ 80.231996336330596, 7.689880139364597 ], [ 80.23234252771536, 7.689535659589266 ], [ 80.232949231916322, 7.688242989644523 ], [ 80.233037191839472, 7.687035897945587 ], [ 80.231051945419125, 7.684791455360434 ], [ 80.229957421202812, 7.683696818633371 ], [ 80.229929673103371, 7.683669067576818 ], [ 80.228805983186277, 7.683667648889548 ], [ 80.228511483698213, 7.683480169936383 ], [ 80.227855937092698, 7.683062845580118 ], [ 80.227337970264202, 7.68254481784726 ], [ 80.226476234472386, 7.68047423665225 ], [ 80.2264787625586, 7.678490979230028 ], [ 80.226464466630944, 7.678404732173068 ], [ 80.225268761156471, 7.67840321383388 ], [ 80.223888095208764, 7.676590654291433 ], [ 80.222506775907945, 7.675295462526737 ], [ 80.222073046686631, 7.676502109875512 ], [ 80.221639092167194, 7.677881213074383 ], [ 80.22016945121608, 7.678051786813572 ], [ 80.219390744140043, 7.678654387878397 ], [ 80.218610250761699, 7.680636641463388 ], [ 80.217225583411874, 7.681928286091027 ], [ 80.215009363550806, 7.682662057611785 ], [ 80.21489076977025, 7.682701322648341 ], [ 80.213767760382439, 7.682182495116258 ], [ 80.212298780203724, 7.681835671054751 ], [ 80.20745842130934, 7.68174311319532 ], [ 80.207204931501195, 7.681603596398229 ], [ 80.20702600856238, 7.681915002398601 ], [ 80.206334626727994, 7.681827864571718 ], [ 80.204605887826091, 7.681825586349209 ], [ 80.20192381474088, 7.68371906174928 ], [ 80.201443206787602, 7.683900977852026 ], [ 80.20010770963134, 7.684406475380792 ], [ 80.198897585907687, 7.684404863280207 ], [ 80.198293102948412, 7.683972915134113 ], [ 80.197689315911106, 7.683023597089509 ], [ 80.197690109758938, 7.682432318973421 ], [ 80.196825408613222, 7.682677528870968 ], [ 80.195614941914158, 7.682934592813837 ], [ 80.195182641233387, 7.683020240443817 ], [ 80.194836426805935, 7.683364689492961 ], [ 80.194489514125578, 7.684226505229608 ], [ 80.194316174151766, 7.684571185111456 ], [ 80.193452033758533, 7.684397566644666 ], [ 80.19293317702963, 7.684569323746556 ], [ 80.192673280363394, 7.685000114622069 ], [ 80.192326361876724, 7.685861929027025 ], [ 80.19206646465031, 7.686292718502294 ], [ 80.190077343117878, 7.687066082452333 ], [ 80.189471808092108, 7.687410174302217 ], [ 80.189211789497875, 7.68792719082824 ], [ 80.189210848976003, 7.68861701453408 ], [ 80.189269185774052, 7.688815877335294 ], [ 80.189062588247168, 7.688801855243287 ], [ 80.187577446344889, 7.688367551495951 ], [ 80.186401411387479, 7.688242438721431 ], [ 80.185596470477009, 7.688364851554673 ], [ 80.184111589284043, 7.687745270530562 ], [ 80.183616516281475, 7.687621081729793 ], [ 80.182067604313517, 7.688545284324917 ], [ 80.180828982988714, 7.688914112177933 ], [ 80.179962135497902, 7.689036428107288 ], [ 80.179217559139289, 7.689191727657359 ], [ 80.17864268209658, 7.688088838802989 ], [ 80.178131117922064, 7.687107409195606 ], [ 80.178035781743418, 7.686142861769799 ], [ 80.178617308786329, 7.685082807975399 ], [ 80.179490996392843, 7.682480090400294 ], [ 80.179879298234852, 7.681323326102106 ], [ 80.181330884147101, 7.680264464880082 ], [ 80.182298028282432, 7.67997646743169 ], [ 80.18157521379969, 7.679383376840901 ], [ 80.180210139455028, 7.678555483275677 ], [ 80.179465846425586, 7.677893644999389 ], [ 80.178762670082122, 7.677438366081269 ], [ 80.178059323374171, 7.677106989222233 ], [ 80.177397378323434, 7.676775667616641 ], [ 80.176521271060025, 7.676527693450558 ], [ 80.175397490208681, 7.676612364520141 ], [ 80.173928569751837, 7.676265412964351 ], [ 80.171335751842022, 7.67608934504373 ], [ 80.170126264914231, 7.675656514911107 ], [ 80.169261670236153, 7.675827759747171 ], [ 80.168563569709164, 7.676000826920152 ], [ 80.168038657216101, 7.674341207066353 ], [ 80.168017068540962, 7.674272947525948 ], [ 80.167216741995588, 7.671252280859933 ], [ 80.166834362, 7.670716634741237 ], [ 80.166758815706061, 7.669952087124706 ], [ 80.166836413410323, 7.669264198998127 ], [ 80.166836953189303, 7.668881978573442 ], [ 80.166301323192314, 7.668346116722226 ], [ 80.165995682253865, 7.667734133771059 ], [ 80.166073821698532, 7.666664026271525 ], [ 80.166151095377685, 7.666205469556529 ], [ 80.166611176820538, 7.665976784620683 ], [ 80.167224617120809, 7.665671869337697 ], [ 80.1678380565982, 7.665366954012454 ], [ 80.167838379766337, 7.665137621674397 ], [ 80.167992601153173, 7.66444984043333 ], [ 80.16806987312593, 7.663991284041177 ], [ 80.168606791315383, 7.66360981491873 ], [ 80.168990134564027, 7.663457463917199 ], [ 80.169007603471385, 7.663454807298512 ], [ 80.168827963717902, 7.662989016140748 ], [ 80.168638953366525, 7.661173202450584 ], [ 80.16854438136474, 7.660313072699656 ], [ 80.168162466449772, 7.659452540539059 ], [ 80.167684502664244, 7.658782984218751 ], [ 80.166726826496273, 7.65868608545522 ], [ 80.164715831010426, 7.658396592533863 ], [ 80.163278846089568, 7.658585675796044 ], [ 80.162893823650023, 7.659922904010413 ], [ 80.162509340665579, 7.660877912253457 ], [ 80.161838734709292, 7.660972518691968 ], [ 80.161168672785792, 7.66068490389635 ], [ 80.160211949771934, 7.659919106155117 ], [ 80.158871696106957, 7.659439426844017 ], [ 80.158201502161205, 7.659247362755806 ], [ 80.1579140220243, 7.659342508537441 ], [ 80.155135686276793, 7.659816317626873 ], [ 80.153889155902618, 7.660770081341781 ], [ 80.153763608839526, 7.660722907248065 ], [ 80.153123320194382, 7.660482318021113 ], [ 80.152453541918007, 7.660003580411876 ], [ 80.151880097759133, 7.659142761945258 ], [ 80.151785284481207, 7.65847374089465 ], [ 80.151883687759764, 7.656658337585319 ], [ 80.151643604960654, 7.656324661237383 ], [ 80.152172270912388, 7.655798758384086 ], [ 80.153322045368924, 7.655513743872434 ], [ 80.153514707089812, 7.654749580077674 ], [ 80.153899064420557, 7.65389013568181 ], [ 80.154570072149212, 7.653508876867193 ], [ 80.154378788373705, 7.653317492768938 ], [ 80.15466681352784, 7.652840130125121 ], [ 80.15533685845223, 7.653127753816059 ], [ 80.155815619008649, 7.653223992118597 ], [ 80.156581719140732, 7.653320640783674 ], [ 80.157252313509886, 7.653226041636997 ], [ 80.157540336458339, 7.652748676813816 ], [ 80.157828221181106, 7.652366866755187 ], [ 80.158020736581634, 7.651698255110737 ], [ 80.157925913429935, 7.651029234547692 ], [ 80.157447701454686, 7.650550777751959 ], [ 80.156490732179634, 7.649976083722427 ], [ 80.156204902578082, 7.648924570642732 ], [ 80.156111041233686, 7.647586665715882 ], [ 80.15611254755504, 7.646535561488377 ], [ 80.156401387730753, 7.645484867789714 ], [ 80.156497848948391, 7.645007230074029 ], [ 80.156499627396585, 7.643765016482214 ], [ 80.156500174552335, 7.643382796344594 ], [ 80.156775400221932, 7.643017769092269 ], [ 80.15525616468841, 7.64261658126165 ], [ 80.154299216465802, 7.642041883806285 ], [ 80.153341857638594, 7.641753849376392 ], [ 80.152288999471125, 7.641274564727175 ], [ 80.152098134054739, 7.640796516030866 ], [ 80.151334125761139, 7.639266538673804 ], [ 80.150664104888307, 7.638978911435048 ], [ 80.149898170418737, 7.638786699420057 ], [ 80.149228151408266, 7.638499070085264 ], [ 80.14884560055097, 7.638116298269486 ], [ 80.148559379397355, 7.637351445536204 ], [ 80.148560452254202, 7.636610896040287 ], [ 80.149422469133839, 7.636588249182412 ], [ 80.153061950724179, 7.636593474645018 ], [ 80.156126505100318, 7.636788961379785 ], [ 80.156700750853759, 7.637076444799143 ], [ 80.157466686350503, 7.637268643864657 ], [ 80.158807551711064, 7.637270547810559 ], [ 80.159574304724899, 7.636889414342665 ], [ 80.160629334016718, 7.635839800701294 ], [ 80.161589531785651, 7.634121162687531 ], [ 80.16216553794743, 7.633166423367667 ], [ 80.16245313466618, 7.632975717990943 ], [ 80.163411291604163, 7.632690400953155 ], [ 80.164274077649878, 7.632118282382035 ], [ 80.166380860753478, 7.632312347777282 ], [ 80.167242433841338, 7.632600218581752 ], [ 80.169348686787643, 7.633176491039824 ], [ 80.169860672465248, 7.633228291787185 ], [ 80.16970669865259, 7.632765280435814 ], [ 80.170113175712274, 7.630552332868251 ], [ 80.170013314253382, 7.629847894378115 ], [ 80.169913313317437, 7.629244069512638 ], [ 80.169167578071125, 7.628836888566172 ], [ 80.167696417803015, 7.628033608513317 ], [ 80.166587268099192, 7.627931444751184 ], [ 80.16467292227685, 7.626721392431509 ], [ 80.164461005266318, 7.626668218806367 ], [ 80.163866451658535, 7.626519032783183 ], [ 80.161734552851769, 7.626601108931729 ], [ 80.16134520432297, 7.626616097424332 ], [ 80.159681489680565, 7.626462826454332 ], [ 80.156859434104945, 7.625352071394898 ], [ 80.155952415095982, 7.624948325588862 ], [ 80.155045109890693, 7.624745805685375 ], [ 80.154036673119677, 7.624744367679821 ], [ 80.153938394333238, 7.624786225612395 ], [ 80.154313368371916, 7.621681442396699 ], [ 80.154445225208107, 7.619875944154994 ], [ 80.154194709221713, 7.618743543190734 ], [ 80.154188346567651, 7.618714780271422 ], [ 80.153413280796315, 7.618326741455527 ], [ 80.152640438212174, 7.616390974886965 ], [ 80.149024806849127, 7.6136772662764 ], [ 80.148380514107842, 7.612257588139483 ], [ 80.148036897726968, 7.610414424831745 ], [ 80.148787093955008, 7.610116270430757 ], [ 80.153464316473119, 7.611809043973421 ], [ 80.158791350520858, 7.613632388651112 ], [ 80.16165042406034, 7.614155216769971 ], [ 80.162561096268433, 7.613637703200753 ], [ 80.164125191323265, 7.610656828222655 ], [ 80.165299295922708, 7.607675400467295 ], [ 80.16809767801135, 7.608067173952909 ], [ 80.167380036172091, 7.60702981057416 ], [ 80.167385842529953, 7.602879456412203 ], [ 80.167260026606556, 7.599896208574194 ], [ 80.168824033301121, 7.596915308298001 ], [ 80.168798551619972, 7.596851486879394 ], [ 80.167524532205846, 7.596654104949715 ], [ 80.166224851384655, 7.596522596396101 ], [ 80.164534667024242, 7.596779634673029 ], [ 80.162324718020216, 7.596906238575942 ], [ 80.160764883761956, 7.596904047374262 ], [ 80.159160172771735, 7.596301033349329 ], [ 80.15868620768515, 7.596122926783266 ], [ 80.156868249363697, 7.594823371446727 ], [ 80.155570427057484, 7.59339484761229 ], [ 80.154790701228691, 7.593264042788485 ], [ 80.153229769805804, 7.59404001516509 ], [ 80.151018906572617, 7.594815054348937 ], [ 80.150238994820512, 7.59481393945361 ], [ 80.149459455430716, 7.59455342592599 ], [ 80.149071553264491, 7.593126187525021 ], [ 80.149203030813197, 7.592088788390226 ], [ 80.14842555263742, 7.59040159457559 ], [ 80.148687387305756, 7.589104984590898 ], [ 80.1497293053569, 7.587679793123164 ], [ 80.150120930445738, 7.586513066656547 ], [ 80.149861709858627, 7.585993902152361 ], [ 80.149472507394748, 7.585474551616898 ], [ 80.149374542577632, 7.585343826834783 ], [ 80.149505506889909, 7.585278721860048 ], [ 80.14985962472241, 7.585102682959849 ], [ 80.152085319612752, 7.583099122916943 ], [ 80.153356554450752, 7.582361607555496 ], [ 80.154426614163015, 7.581666049772008 ], [ 80.154596573024037, 7.581243820350139 ], [ 80.15476677209918, 7.580652602433362 ], [ 80.155275201317522, 7.580399840110569 ], [ 80.156414396284617, 7.580535206130548 ], [ 80.15671449079251, 7.58057086393155 ], [ 80.158831806216696, 7.580320367527406 ], [ 80.159932861019513, 7.580152928432004 ], [ 80.160610763847544, 7.57981590372325 ], [ 80.161119189185968, 7.579563134212569 ], [ 80.161627020226362, 7.579732834255847 ], [ 80.162304208467589, 7.579902771765421 ], [ 80.162727599037922, 7.579903364285697 ], [ 80.162981989767644, 7.579650237059802 ], [ 80.163406091630392, 7.579143863770488 ], [ 80.163829600945917, 7.579059961266617 ], [ 80.164507143472676, 7.578976412717863 ], [ 80.164556391058881, 7.579082099443528 ], [ 80.16510071747571, 7.578385779807775 ], [ 80.167134638068561, 7.577205687592419 ], [ 80.167389966806425, 7.576276603034716 ], [ 80.167750321750532, 7.574846752934082 ], [ 80.167815708324241, 7.574587306375996 ], [ 80.168157121129653, 7.57264440784691 ], [ 80.169281834157971, 7.57166514946918 ], [ 80.168074795558582, 7.570954405322454 ], [ 80.166722444371274, 7.569178147747385 ], [ 80.165201815257106, 7.566641202782772 ], [ 80.164526418034058, 7.565203858254612 ], [ 80.163257590281816, 7.564272652054831 ], [ 80.162665812085763, 7.563595870635774 ], [ 80.162413683137387, 7.562243609315571 ], [ 80.161568478189523, 7.561144001334473 ], [ 80.160551670466361, 7.561649544671787 ], [ 80.158434806050778, 7.56164657449565 ], [ 80.15801203036095, 7.561223508063849 ], [ 80.157335111837483, 7.560884578482317 ], [ 80.156742032323706, 7.56113722604508 ], [ 80.156316625949245, 7.562573029022458 ], [ 80.156143803500655, 7.565023118486936 ], [ 80.154364423701864, 7.565865545841053 ], [ 80.15326328334595, 7.566117468395943 ], [ 80.151231084710531, 7.566534012934034 ], [ 80.150806973977225, 7.56662094320535 ], [ 80.150891528317075, 7.566705557505336 ], [ 80.14979086861301, 7.566619495164024 ], [ 80.148859560684016, 7.566533672009206 ], [ 80.147758537968144, 7.566701085667118 ], [ 80.146826987410137, 7.566784246437287 ], [ 80.146404462712098, 7.566192182031819 ], [ 80.145644821350643, 7.564501210015026 ], [ 80.144629209930315, 7.564161774867583 ], [ 80.142682056776465, 7.563905488945494 ], [ 80.142005025656886, 7.563651029857061 ], [ 80.141159137275025, 7.563058349752682 ], [ 80.141216915116217, 7.562285783903402 ], [ 80.141329712881131, 7.562213655804999 ], [ 80.141838617049274, 7.56162293248408 ], [ 80.143535279232211, 7.55942853192734 ], [ 80.14489213266485, 7.557994082787333 ], [ 80.145532192269556, 7.55691674389445 ], [ 80.145655656033838, 7.55698124939098 ], [ 80.147945597461884, 7.554365207850117 ], [ 80.149556921989671, 7.552593127165441 ], [ 80.150320666008099, 7.551411295222263 ], [ 80.151506080322861, 7.551412979560942 ], [ 80.152776768124667, 7.550992310600084 ], [ 80.15370912545022, 7.550317675505183 ], [ 80.154387582290227, 7.549558186456712 ], [ 80.154509381336993, 7.548966898461718 ], [ 80.154557765725968, 7.548966966787864 ], [ 80.154710133502618, 7.54890205761802 ], [ 80.155150829096314, 7.548714320814701 ], [ 80.155490713205964, 7.547869856936384 ], [ 80.156085566921448, 7.546349797455785 ], [ 80.15651011819044, 7.545505451604584 ], [ 80.156596103173555, 7.544576134983733 ], [ 80.156681609437101, 7.543984793948783 ], [ 80.15642878968896, 7.543139495687932 ], [ 80.156488022984746, 7.54230911955793 ], [ 80.156429983224456, 7.5422945537906 ], [ 80.156176328984031, 7.542040713769605 ], [ 80.156092733149393, 7.541280146651739 ], [ 80.155764962507902, 7.540820855354457 ], [ 80.155924466438975, 7.540519460354772 ], [ 80.155756798285466, 7.539336303511527 ], [ 80.155842901069107, 7.538322492882536 ], [ 80.156437618593714, 7.536886925051493 ], [ 80.156100013734246, 7.536126000727849 ], [ 80.155593070760986, 7.535364838847709 ], [ 80.155848153199514, 7.534604748062668 ], [ 80.156442983838502, 7.533084685614882 ], [ 80.156529320947328, 7.531901885507063 ], [ 80.156191003764491, 7.531647926939803 ], [ 80.154752353008817, 7.531138936548436 ], [ 80.154075842064699, 7.530546522754905 ], [ 80.153821024505874, 7.530240492878693 ], [ 80.153907342282267, 7.529954824692636 ], [ 80.154417862562951, 7.528181162603564 ], [ 80.155519143324042, 7.527760240053577 ], [ 80.155859126312691, 7.52683127973471 ], [ 80.155436622951498, 7.526239225140612 ], [ 80.154843830156082, 7.526322885433405 ], [ 80.154251872854701, 7.525815086365956 ], [ 80.154252589856654, 7.525308120858245 ], [ 80.154338691596422, 7.524294309035544 ], [ 80.154342513711228, 7.521590494133302 ], [ 80.15451133641389, 7.520887283351383 ], [ 80.154768352687725, 7.519816710868392 ], [ 80.154875904794764, 7.519389933440793 ], [ 80.154951990482587, 7.51945085337491 ], [ 80.157506248420404, 7.520667099519717 ], [ 80.159871210727033, 7.522423304723681 ], [ 80.160125143243093, 7.519494118539384 ], [ 80.160992345120178, 7.518523230408271 ], [ 80.162944851686859, 7.515393632014276 ], [ 80.163705612531075, 7.513126460723831 ], [ 80.163595095483402, 7.513057313906417 ], [ 80.162840533344436, 7.512585208125773 ], [ 80.161651372542622, 7.511611461051595 ], [ 80.160244855277085, 7.511285473158029 ], [ 80.160138136703054, 7.510205217271183 ], [ 80.160464027993228, 7.509341585329891 ], [ 80.160248629237373, 7.508585210025838 ], [ 80.160033683117092, 7.507504803414399 ], [ 80.161116259345746, 7.507290288103119 ], [ 80.162090155783829, 7.507399651272009 ], [ 80.162631744202557, 7.507076369387864 ], [ 80.163343253617768, 7.506166014012388 ], [ 80.163914291397148, 7.505097189589927 ], [ 80.164280680850027, 7.504477536730961 ], [ 80.165013861740917, 7.502946391026709 ], [ 80.165417255763558, 7.501998467767621 ], [ 80.165417861745311, 7.501560709553725 ], [ 80.165126501723051, 7.500794227622788 ], [ 80.164944344428363, 7.500356217306584 ], [ 80.164652884795359, 7.499662695754084 ], [ 80.16448239412631, 7.499302150808457 ], [ 80.163832292356531, 7.499841307168396 ], [ 80.163292214068008, 7.4990844841489 ], [ 80.162860212955394, 7.498435822104375 ], [ 80.16282622506931, 7.498417258863054 ], [ 80.161670636929216, 7.497786109029872 ], [ 80.160913965036741, 7.497136994160318 ], [ 80.16069992392724, 7.495408524734064 ], [ 80.16070127879911, 7.494436429441061 ], [ 80.160809804244892, 7.494220558073782 ], [ 80.16221972138996, 7.49206229551364 ], [ 80.163630073307147, 7.489579995393242 ], [ 80.163526490824921, 7.486231514997074 ], [ 80.163313938827244, 7.483422938443237 ], [ 80.161366851673989, 7.482772181163335 ], [ 80.159636664380827, 7.481797684693663 ], [ 80.158613363507627, 7.481238759455914 ], [ 80.159044596411093, 7.479868201340333 ], [ 80.159475296333184, 7.479332401020543 ], [ 80.160335648896719, 7.47901175503549 ], [ 80.161626696521083, 7.478155303606193 ], [ 80.161735822131035, 7.476975375656331 ], [ 80.161844501223442, 7.476117287497075 ], [ 80.162167707031543, 7.475581334401157 ], [ 80.163135537303219, 7.475260830615207 ], [ 80.163672675503477, 7.475476131239662 ], [ 80.163886760016936, 7.476120105718596 ], [ 80.16410114173793, 7.476549520392379 ], [ 80.164961040811576, 7.476550703833382 ], [ 80.165391731314088, 7.476014895908189 ], [ 80.166252220674437, 7.475586957999626 ], [ 80.167004779733944, 7.475480710325444 ], [ 80.16807965201663, 7.47548218208229 ], [ 80.168570966506579, 7.475523722226054 ], [ 80.168080830581218, 7.474623943357565 ], [ 80.167222261479282, 7.473657248184813 ], [ 80.167223883869212, 7.472477171036797 ], [ 80.167117430132322, 7.471726064640055 ], [ 80.167118609974352, 7.470867826826521 ], [ 80.167659281881484, 7.468508405786935 ], [ 80.168523871343595, 7.465076626380473 ], [ 80.169469972011001, 7.464906268392345 ], [ 80.169437858795305, 7.464809672821198 ], [ 80.169761926515505, 7.463630033141915 ], [ 80.170194062289013, 7.462021419985451 ], [ 80.170087751074973, 7.461163035043585 ], [ 80.169551065145299, 7.460625903527968 ], [ 80.16836859855357, 7.460731571162443 ], [ 80.167831327014355, 7.460623557838362 ], [ 80.166972488771407, 7.459871423816617 ], [ 80.166792150059351, 7.45847653579441 ], [ 80.166653427326182, 7.457403545724464 ], [ 80.166762236277947, 7.456438173967546 ], [ 80.166764003364932, 7.455150815524873 ], [ 80.166014132814581, 7.453326028146777 ], [ 80.165586270572391, 7.451823522015107 ], [ 80.165909629866178, 7.451428995381423 ], [ 80.165156935375663, 7.45139381301932 ], [ 80.164621448244233, 7.449998438497973 ], [ 80.164837886501061, 7.448925934894462 ], [ 80.165161951155213, 7.447746297794004 ], [ 80.165162836030717, 7.447102618520693 ], [ 80.164625729532801, 7.446887323068084 ], [ 80.162529875830131, 7.446503994703461 ], [ 80.162261758164135, 7.446454955732694 ], [ 80.161402065752426, 7.446346492279224 ], [ 80.160435191424099, 7.446023318994025 ], [ 80.159898684765622, 7.445378898360474 ], [ 80.160222461718888, 7.444413825436835 ], [ 80.160653716104903, 7.443448900351779 ], [ 80.161084523344655, 7.442805814113022 ], [ 80.16162236418954, 7.44248471480608 ], [ 80.162912113421555, 7.442486488516805 ], [ 80.163772094437022, 7.442380389332132 ], [ 80.164418001076811, 7.441630313680365 ], [ 80.16527709624593, 7.442167890854241 ], [ 80.166244996531674, 7.441740094049621 ], [ 80.167211720140855, 7.442170533946676 ], [ 80.168179472266559, 7.441850012430929 ], [ 80.168287977237611, 7.441099199292672 ], [ 80.167966713894415, 7.440240520168926 ], [ 80.167752637361659, 7.439596547550803 ], [ 80.16721524454077, 7.439595815112894 ], [ 80.166678292627637, 7.43927324218036 ], [ 80.166248673410976, 7.439058095083978 ], [ 80.165818466028099, 7.439272067935669 ], [ 80.163669489025409, 7.438840005770078 ], [ 80.163024915252223, 7.438624560859262 ], [ 80.163025506522644, 7.438195441641478 ], [ 80.163670817965695, 7.437874486733421 ], [ 80.16560630552074, 7.43723345570477 ], [ 80.166036136923992, 7.436931482881732 ], [ 80.163512480934003, 7.435782307190728 ], [ 80.159966912727512, 7.434919191569524 ], [ 80.158677483902025, 7.434702851167974 ], [ 80.156957998605336, 7.434593191956011 ], [ 80.156942127730744, 7.434486567560561 ], [ 80.156638552783264, 7.432447149221177 ], [ 80.156102813702347, 7.431266326231021 ], [ 80.155997278597283, 7.429871540348044 ], [ 80.155460796534697, 7.429227116011213 ], [ 80.154815942130327, 7.42922622037148 ], [ 80.152666127429384, 7.429437787871548 ], [ 80.152021573667952, 7.429222328442873 ], [ 80.151485549751101, 7.428256060740138 ], [ 80.151164778747514, 7.427075533296176 ], [ 80.151488407176501, 7.426217746730377 ], [ 80.150844310246484, 7.425680446913711 ], [ 80.149877037271523, 7.425679093686917 ], [ 80.149505322599353, 7.42545576089675 ], [ 80.149340115801238, 7.425356501988677 ], [ 80.149878846100847, 7.424391737546718 ], [ 80.150525047859205, 7.42342712250079 ], [ 80.150526553206362, 7.422354325782702 ], [ 80.151494269893206, 7.422033837818021 ], [ 80.152246136725879, 7.422356726478848 ], [ 80.15256735845486, 7.423215413218786 ], [ 80.153320427052719, 7.422680062817034 ], [ 80.153429399925173, 7.421607415041185 ], [ 80.154075889060792, 7.420428233861962 ], [ 80.155043898256778, 7.419893177662688 ], [ 80.155474538180869, 7.419357375403871 ], [ 80.155904282114449, 7.419465250701831 ], [ 80.156695198697676, 7.419162856347057 ], [ 80.156388881540323, 7.418768601653073 ], [ 80.15649724844512, 7.418125071332792 ], [ 80.156283494288303, 7.417266534779975 ], [ 80.155746279805442, 7.417158511134003 ], [ 80.155101442946005, 7.417157617354768 ], [ 80.154671999376816, 7.416835181537135 ], [ 80.154615563535373, 7.416570491058719 ], [ 80.154868533758901, 7.41643626585382 ], [ 80.155269637572175, 7.415903961705059 ], [ 80.155537564077392, 7.415171650519692 ], [ 80.155872495112206, 7.414239608838209 ], [ 80.156139956906529, 7.413840333910989 ], [ 80.156807594215323, 7.413574826572463 ], [ 80.156850915443854, 7.413510155982117 ], [ 80.157208785302359, 7.412975913541965 ], [ 80.157476429676876, 7.41244342248859 ], [ 80.157677439938212, 7.411844231556535 ], [ 80.157812553059799, 7.410645482026873 ], [ 80.157482057539681, 7.408380367613358 ], [ 80.157684817075051, 7.406515634960934 ], [ 80.15795627915864, 7.403218933623671 ], [ 80.158023809812178, 7.401527048633711 ], [ 80.158025398438298, 7.401487230498121 ], [ 80.157692879573403, 7.400687481390013 ], [ 80.157426994445572, 7.399954431688719 ], [ 80.157227833875126, 7.39922147297186 ], [ 80.157229216132166, 7.398222360669812 ], [ 80.157430126583918, 7.397689777484223 ], [ 80.157631127674193, 7.397090585633102 ], [ 80.157898577268085, 7.396691308364562 ], [ 80.157899313436445, 7.396158448287677 ], [ 80.157833049345484, 7.395825318310163 ], [ 80.156876500690402, 7.395773740494528 ], [ 80.156565384314405, 7.395756964414145 ], [ 80.154497495952413, 7.395354460527966 ], [ 80.153563546374059, 7.395219952328496 ], [ 80.153030033317805, 7.395019389361419 ], [ 80.152496335165637, 7.394952040912567 ], [ 80.151895448755909, 7.395217636859257 ], [ 80.151628088919082, 7.39555030263528 ], [ 80.151359797782234, 7.396549042715848 ], [ 80.151158974853104, 7.397015016002882 ], [ 80.15075835089371, 7.39721428115805 ], [ 80.150291561315342, 7.397013807769346 ], [ 80.149424893381976, 7.396479738633691 ], [ 80.1488251248106, 7.39594604090429 ], [ 80.148425715601732, 7.395279408207162 ], [ 80.148161062685546, 7.393680457656195 ], [ 80.147896599037509, 7.391948292880111 ], [ 80.147563729821513, 7.391414967105489 ], [ 80.147297117862777, 7.391214771139047 ], [ 80.146563069296391, 7.391280350836742 ], [ 80.145695666806773, 7.391279134598364 ], [ 80.144495119490941, 7.390944411355556 ], [ 80.144216721140964, 7.39062282571786 ], [ 80.142884026334613, 7.389083385039077 ], [ 80.143904737211216, 7.388097195598312 ], [ 80.145250713826968, 7.38633879130539 ], [ 80.146259510992252, 7.385501970018042 ], [ 80.147772935681232, 7.384079085382037 ], [ 80.148530407701628, 7.382822787909853 ], [ 80.148699281481299, 7.382152433620207 ], [ 80.149456629226947, 7.380979958354776 ], [ 80.152482717945574, 7.378637097738896 ], [ 80.15273578351983, 7.377799211321936 ], [ 80.153240864155379, 7.376877848794595 ], [ 80.155089871113603, 7.375623046174582 ], [ 80.156135300676496, 7.375251936771045 ], [ 80.154503615069885, 7.374532528622715 ], [ 80.152726580083794, 7.372996126240087 ], [ 80.152658571396699, 7.372937326571461 ], [ 80.151066371072929, 7.370671878242192 ], [ 80.148385335838043, 7.366476965601666 ], [ 80.147346549043988, 7.364812529643222 ], [ 80.146120526072622, 7.364881155949239 ], [ 80.144104913183881, 7.365213629484035 ], [ 80.143432726361752, 7.365547981085191 ], [ 80.143600064894557, 7.365967333917924 ], [ 80.143515274317423, 7.366553981047211 ], [ 80.143346636950128, 7.367056685922792 ], [ 80.143765752689177, 7.367560215721242 ], [ 80.14418545810527, 7.367644628899835 ], [ 80.144184632581826, 7.368231392976249 ], [ 80.144183335194228, 7.369153450779358 ], [ 80.14544175134084, 7.369909627292598 ], [ 80.145860518137496, 7.370664625859472 ], [ 80.145942953915608, 7.371754449140451 ], [ 80.146529771915212, 7.372425858696582 ], [ 80.146660746424885, 7.372655420988775 ], [ 80.14686481279783, 7.373013093187309 ], [ 80.146863872673038, 7.373683680886057 ], [ 80.145519946942954, 7.374017095474397 ], [ 80.143839919525092, 7.374517682098509 ], [ 80.142831972113029, 7.374767736306456 ], [ 80.142160362519419, 7.374682967652438 ], [ 80.141656684270302, 7.374598434669165 ], [ 80.139387461865027, 7.376104055360383 ], [ 80.134514064423087, 7.378444192339542 ], [ 80.13444853143298, 7.378610677812602 ], [ 80.132703931227312, 7.377839336351787 ], [ 80.131170401314549, 7.377104460813055 ], [ 80.130170451217424, 7.376503560499092 ], [ 80.128512887965172, 7.375089848766982 ], [ 80.128371202454019, 7.374969006241609 ], [ 80.126905760129503, 7.373301713152627 ], [ 80.125840021244215, 7.372067940266983 ], [ 80.125307034170532, 7.371534311910708 ], [ 80.124574854159178, 7.370334321712739 ], [ 80.123576187112874, 7.368867516872776 ], [ 80.123443232739163, 7.368534287273308 ], [ 80.123244139086751, 7.36780131921663 ], [ 80.123178484814176, 7.367068543566699 ], [ 80.123313278974067, 7.366136236981502 ], [ 80.123714174174452, 7.365737173913163 ], [ 80.125516361539198, 7.365206920355121 ], [ 80.126647036582199, 7.364768299345419 ], [ 80.128253379342553, 7.364145145640666 ], [ 80.129321361704058, 7.363813641664933 ], [ 80.129855591845811, 7.363481371170279 ], [ 80.130590072764335, 7.363082779189887 ], [ 80.131659865850978, 7.361485731579476 ], [ 80.13273012757692, 7.359555644495228 ], [ 80.133065719052212, 7.358157367091202 ], [ 80.133467074384413, 7.357425257550539 ], [ 80.134402836616971, 7.35622765467731 ], [ 80.134875818011253, 7.35565988692698 ], [ 80.135538984124992, 7.354863816135305 ], [ 80.136408396372801, 7.353399684337989 ], [ 80.136410782625404, 7.35339612227975 ], [ 80.136675834393017, 7.353000418384519 ], [ 80.137010272188135, 7.352401424192652 ], [ 80.137077935246154, 7.351735444623271 ], [ 80.136945351833191, 7.351135790195633 ], [ 80.136545333375906, 7.350935401055821 ], [ 80.135945732162966, 7.350335083978156 ], [ 80.135279226875525, 7.349867886525137 ], [ 80.135179799456466, 7.349501873380573 ], [ 80.135080119001429, 7.34913492216048 ], [ 80.135081162020683, 7.348402241764224 ], [ 80.135216680864943, 7.346937069257159 ], [ 80.135418440209008, 7.34580502764374 ], [ 80.135552820073329, 7.345139142790542 ], [ 80.135620672618529, 7.344339949236624 ], [ 80.134421870026543, 7.34287288428878 ], [ 80.133755851631904, 7.342072649038371 ], [ 80.133490127931992, 7.341272981982548 ], [ 80.133223931027004, 7.340806351285567 ], [ 80.133291358994839, 7.340306890514606 ], [ 80.133359214071277, 7.339507697415936 ], [ 80.133493403485687, 7.338975028056566 ], [ 80.133627783236562, 7.338309143648186 ], [ 80.133494922225552, 7.337909310134892 ], [ 80.133362536961926, 7.337176440077871 ], [ 80.133096626226447, 7.33650998699078 ], [ 80.132497237765449, 7.335776452933146 ], [ 80.130964038074239, 7.334908372876715 ], [ 80.129430748259992, 7.334106894608987 ], [ 80.128297367477444, 7.333572414294427 ], [ 80.127564180197709, 7.333105112415402 ], [ 80.126764663560238, 7.332371285031247 ], [ 80.12597607153198, 7.331433599374239 ], [ 80.125699060812636, 7.33110421484996 ], [ 80.125566527526487, 7.330952550876775 ], [ 80.125522022765736, 7.330901621384891 ], [ 80.125045125283066, 7.330237219768974 ], [ 80.125141749001571, 7.329923121136662 ], [ 80.124438693987898, 7.330052063432783 ], [ 80.124113757486597, 7.330051595721896 ], [ 80.123729913457396, 7.329933072530294 ], [ 80.123713577033172, 7.329913989340613 ], [ 80.12369532595072, 7.329921247637226 ], [ 80.123577391709389, 7.329878535751614 ], [ 80.122725697178353, 7.328960133175302 ], [ 80.121743374729917, 7.327626629215797 ], [ 80.121113458442522, 7.326995891408917 ], [ 80.12058582609906, 7.326467569004694 ], [ 80.119362001186389, 7.325766998180026 ], [ 80.119077601163141, 7.32562941123107 ], [ 80.118516296333382, 7.325357861070845 ], [ 80.11834968732704, 7.325207476881966 ], [ 80.117805612448578, 7.324992339529577 ], [ 80.117080708898015, 7.324727962090975 ], [ 80.116342619655555, 7.324463564358628 ], [ 80.115393384959077, 7.324304187504285 ], [ 80.11442088683107, 7.324132556611799 ], [ 80.114114572086976, 7.324078496700272 ], [ 80.11369551588173, 7.323947416615094 ], [ 80.113160013634314, 7.323779911132583 ], [ 80.113099635511873, 7.323761024507164 ], [ 80.112374776926941, 7.323470308421126 ], [ 80.112015337575386, 7.323213175995853 ], [ 80.111967529311102, 7.323178975316448 ], [ 80.111947849930473, 7.323171574190743 ], [ 80.111239116619799, 7.322905034162271 ], [ 80.110616476594132, 7.322640947027547 ], [ 80.109930604816242, 7.322197719935036 ], [ 80.109828073412658, 7.322158618104791 ], [ 80.109812410479236, 7.32215264426471 ], [ 80.109696470926977, 7.322108429101752 ], [ 80.108971116675946, 7.321753980776575 ], [ 80.107904291819281, 7.321081583292123 ], [ 80.107509116259024, 7.320775189753648 ], [ 80.107495837183848, 7.320764894368181 ], [ 80.107161271468527, 7.320505493863156 ], [ 80.106761497707268, 7.32007513955208 ], [ 80.106682118495058, 7.319989688186227 ], [ 80.106492572452638, 7.319600268900863 ], [ 80.106436690439637, 7.319542614222251 ], [ 80.106311213354417, 7.319294355683534 ], [ 80.105832151419847, 7.318718654274638 ], [ 80.104759900001255, 7.317668903357443 ], [ 80.10406529067744, 7.316817363518835 ], [ 80.103682108800612, 7.316313675894121 ], [ 80.103562416086021, 7.31612183370733 ], [ 80.103491052720585, 7.315702462083816 ], [ 80.103443952945469, 7.315103441081055 ], [ 80.103312921849039, 7.314468358362165 ], [ 80.103049809814806, 7.313904953311172 ], [ 80.10252130560086, 7.313232305363182 ], [ 80.102411755013136, 7.312939301595771 ], [ 80.102076999886549, 7.312460309155905 ], [ 80.101406527497574, 7.312148291083475 ], [ 80.101230314109515, 7.312074334359419 ], [ 80.100790949442555, 7.312086775094222 ], [ 80.100011226983142, 7.312001760325332 ], [ 80.099411486712029, 7.311905035065315 ], [ 80.098967932409963, 7.311664792288388 ], [ 80.098308814872539, 7.311160690038488 ], [ 80.098038993345313, 7.310913638319865 ], [ 80.097894621618821, 7.31086882006758 ], [ 80.097186224751752, 7.310245900644735 ], [ 80.096216456731455, 7.309473317866826 ], [ 80.095445522724063, 7.308546806077251 ], [ 80.095005487546985, 7.307686885990925 ], [ 80.094741254599171, 7.307311940802515 ], [ 80.094476393062635, 7.307147246561894 ], [ 80.094487593857522, 7.307140124402072 ], [ 80.0944785314244, 7.307139929951136 ], [ 80.094098560048678, 7.306945646889369 ], [ 80.094096790043466, 7.306942297640123 ], [ 80.094089848912319, 7.306944313616612 ], [ 80.093270969837533, 7.306625613576919 ], [ 80.09324861786267, 7.306619568583269 ], [ 80.092384520953402, 7.306385891587544 ], [ 80.091617426288437, 7.306163375573052 ], [ 80.091174280023182, 7.305992430174772 ], [ 80.090390544523686, 7.305497443484839 ], [ 80.089491504635276, 7.304783880471211 ], [ 80.089487769772816, 7.30478091525158 ], [ 80.088593589083786, 7.304021829609886 ], [ 80.088031482933957, 7.303578257856398 ], [ 80.087792909702017, 7.303458703326878 ], [ 80.087554284833075, 7.303373203134089 ], [ 80.087162123423653, 7.303321525446314 ], [ 80.086633298798503, 7.30342288946647 ], [ 80.086240644718856, 7.303694735869694 ], [ 80.086035634884979, 7.303932812457293 ], [ 80.085857582245453, 7.304099921870585 ], [ 80.085699645332568, 7.304157747510901 ], [ 80.085052173755415, 7.304491709029558 ], [ 80.084620684159077, 7.304610675812372 ], [ 80.084453014332524, 7.304603140504445 ], [ 80.083835007569206, 7.304372184407417 ], [ 80.083255956584054, 7.303860470470221 ], [ 80.082490593190869, 7.302514115076164 ], [ 80.08223676812527, 7.301219623213929 ], [ 80.082426341046187, 7.299925807333979 ], [ 80.082351306376978, 7.298810378768139 ], [ 80.082198918245922, 7.298094983574312 ], [ 80.081607827285524, 7.297587537815892 ], [ 80.081364386315755, 7.297378545570182 ], [ 80.080887250454268, 7.297139428421445 ], [ 80.080758208014743, 7.297028646440251 ], [ 80.080648813352767, 7.296934731385071 ], [ 80.080510348706099, 7.296871359478277 ], [ 80.080449015510467, 7.296768938502113 ], [ 80.079285651469092, 7.296200453410068 ], [ 80.076406779051922, 7.294135683538178 ], [ 80.074107037789162, 7.292531538926295 ], [ 80.072406232467415, 7.291492980071227 ], [ 80.071794464575049, 7.29111941488387 ], [ 80.071577001181495, 7.290986623882953 ], [ 80.069532775434908, 7.289587186354244 ], [ 80.067496756631058, 7.288400598740425 ], [ 80.066802315031666, 7.287899967673176 ], [ 80.06578691083287, 7.287167945704636 ], [ 80.065078453459137, 7.286319454728463 ], [ 80.064902979912404, 7.286184691039682 ], [ 80.064056494322543, 7.2855345865511 ], [ 80.063357958331778, 7.28512483005292 ], [ 80.062488491397588, 7.284970219372916 ], [ 80.061840796519064, 7.284764872101415 ], [ 80.06162754921192, 7.284739845604149 ], [ 80.060477516818622, 7.284149736617715 ], [ 80.059369956737669, 7.283586082804484 ], [ 80.058978006151833, 7.283415190342518 ], [ 80.058227728274645, 7.283379952988548 ], [ 80.056368599500345, 7.283598376677795 ], [ 80.054833450794618, 7.283834334361512 ], [ 80.054312941747042, 7.284080410447593 ], [ 80.053920315913231, 7.284335202083598 ], [ 80.053305159636722, 7.285117495111895 ], [ 80.053166836653006, 7.286309208074867 ], [ 80.053361530401872, 7.28761114862589 ], [ 80.053338374569492, 7.287806630491099 ], [ 80.053469833429887, 7.288795718164266 ], [ 80.053380941768395, 7.289840731678545 ], [ 80.053365561020641, 7.290021540223394 ], [ 80.052937791981918, 7.290923322608337 ], [ 80.052847242551891, 7.291011075486256 ], [ 80.051230532232296, 7.29212956480456 ], [ 80.048755289971169, 7.293692150336201 ], [ 80.048362708140615, 7.293912880830725 ], [ 80.047782209583843, 7.294337640976185 ], [ 80.047525943537963, 7.294626699298695 ], [ 80.047341171470734, 7.295107575416462 ], [ 80.047195971244122, 7.29524552003878 ], [ 80.047084922264943, 7.295422297328195 ], [ 80.046926609245915, 7.296158219666727 ], [ 80.046960195622972, 7.296481797520993 ], [ 80.047129388067631, 7.297316419309944 ], [ 80.047247940845949, 7.297827436780343 ], [ 80.047298553601053, 7.298168069504778 ], [ 80.047298170128641, 7.298406454977265 ], [ 80.047280541343525, 7.298764005829994 ], [ 80.047229106730498, 7.298934199103032 ], [ 80.047178833934566, 7.299004235257813 ], [ 80.047058187507801, 7.29917231098108 ], [ 80.046790804796771, 7.299302425739723 ], [ 80.046017399530442, 7.299494162863924 ], [ 80.045147392509662, 7.299663039771679 ], [ 80.044090016652845, 7.299695392577862 ], [ 80.043356465057329, 7.299847458194751 ], [ 80.042810419777425, 7.300050907929787 ], [ 80.042127559929469, 7.300492521738023 ], [ 80.041632370480741, 7.300883355181568 ], [ 80.040650032360674, 7.301963014870421 ], [ 80.040502920633074, 7.302127722606393 ], [ 80.040479619310716, 7.302140397432505 ], [ 80.040444945952572, 7.302235123534214 ], [ 80.039949753159988, 7.302625953862789 ], [ 80.039505831391423, 7.302948757444127 ], [ 80.039147455550378, 7.3031014239181 ], [ 80.03872089155827, 7.303236951822003 ], [ 80.038260330968228, 7.303304313896468 ], [ 80.038106079797501, 7.303304063239066 ], [ 80.037972575375804, 7.303358867693492 ], [ 80.036675505126226, 7.303265329082008 ], [ 80.035357050064974, 7.302856560403306 ], [ 80.034516522763255, 7.302536963445388 ], [ 80.033733506032448, 7.302239558388177 ], [ 80.032654222071429, 7.301751616515244 ], [ 80.032154289610276, 7.301587265534182 ], [ 80.031968461640233, 7.30153392361757 ], [ 80.031764839992917, 7.301533589962885 ], [ 80.031534644909158, 7.301542052387007 ], [ 80.03143517911964, 7.301582397825901 ], [ 80.031371321684887, 7.301570697303746 ], [ 80.031233435521116, 7.301665312038226 ], [ 80.030781213726172, 7.302097709740869 ], [ 80.030426098807553, 7.302698217611892 ], [ 80.030212633033202, 7.303298957796611 ], [ 80.02999842350286, 7.304350514609834 ], [ 80.029885988852229, 7.305424336902755 ], [ 80.0298136177218, 7.306361211877862 ], [ 80.029727740893321, 7.307435078520204 ], [ 80.02953191977322, 7.308071204965709 ], [ 80.029283313226884, 7.308503934306387 ], [ 80.029047979898593, 7.30894110517116 ], [ 80.028675252789583, 7.309479705460182 ], [ 80.028293962739951, 7.309841498571249 ], [ 80.027593823085169, 7.310282322805254 ], [ 80.026889438468842, 7.31061264319924 ], [ 80.026065365483518, 7.311044419444801 ], [ 80.025449452755197, 7.311410242506385 ], [ 80.025103631161997, 7.311736733209501 ], [ 80.024899403052629, 7.312098817008209 ], [ 80.024810194487017, 7.312505288910374 ], [ 80.024809636260784, 7.312841190835095 ], [ 80.024915215224041, 7.313239145694366 ], [ 80.025242009773919, 7.313708183739506 ], [ 80.026121971583237, 7.314279790987284 ], [ 80.026696588931898, 7.314793435735823 ], [ 80.027156158328211, 7.315280370660653 ], [ 80.027323683467202, 7.315696106955624 ], [ 80.027349819342589, 7.315952497455568 ], [ 80.027236189399517, 7.316427771050543 ], [ 80.02706547503027, 7.316767259309281 ], [ 80.026972696410766, 7.316951762579844 ], [ 80.026534626675598, 7.31716954912586 ], [ 80.025746246963124, 7.317474159653242 ], [ 80.024520667413711, 7.31747212881145 ], [ 80.023295379501533, 7.317295286591002 ], [ 80.022201112983637, 7.317293467590669 ], [ 80.020844223107261, 7.317291208340525 ], [ 80.020056497655204, 7.317202490684227 ], [ 80.018919120796866, 7.316807272999259 ], [ 80.017607251159518, 7.316062143116757 ], [ 80.016959171558327, 7.315412903687763 ], [ 80.016296635267622, 7.314574076760077 ], [ 80.015958754743323, 7.314404691658276 ], [ 80.015946766957285, 7.314398681975906 ], [ 80.015661788077779, 7.314246316069909 ], [ 80.015667605106628, 7.314237634423215 ], [ 80.015672435957711, 7.314224609941497 ], [ 80.015317896753103, 7.314170903708983 ], [ 80.014962941861256, 7.314263530718216 ], [ 80.014794723404577, 7.314356470152923 ], [ 80.014504481159719, 7.314831417324986 ], [ 80.013848390076092, 7.316321871631907 ], [ 80.01330603574948, 7.316805715295049 ], [ 80.012801626528656, 7.316935377129401 ], [ 80.011700006429152, 7.316858942693968 ], [ 80.010374366055402, 7.316744837884744 ], [ 80.009729919623666, 7.316864937927547 ], [ 80.009187655615619, 7.31729284284074 ], [ 80.009018642546437, 7.317851890005907 ], [ 80.008986497891897, 7.319025891075572 ], [ 80.008978825677957, 7.31930608857005 ], [ 80.0089957255191, 7.320350206868597 ], [ 80.008733437131326, 7.320853162323721 ], [ 80.008303622401613, 7.321038878273752 ], [ 80.007631269741054, 7.321093671379201 ], [ 80.007603702525884, 7.321089495020989 ], [ 80.006884507834442, 7.320980536958968 ], [ 80.006250138186843, 7.320662503964596 ], [ 80.005653404638764, 7.320176734087978 ], [ 80.005187833231972, 7.319430165030274 ], [ 80.004918162376853, 7.318786473318744 ], [ 80.004845250635, 7.317742261335634 ], [ 80.004828678237971, 7.316511700071269 ], [ 80.004680848703828, 7.315597871406846 ], [ 80.00444827306876, 7.31510339867939 ], [ 80.004187766278989, 7.314562266574788 ], [ 80.003609556544049, 7.314169749016303 ], [ 80.002937405804033, 7.314112669777008 ], [ 80.000808146443987, 7.314388698872608 ], [ 79.999855766024297, 7.314405714012071 ], [ 79.998885417087052, 7.314012518238035 ], [ 79.998079304882836, 7.313406713620061 ], [ 79.998061526793933, 7.313411752170798 ], [ 79.997868388086445, 7.313229202114213 ], [ 79.997052485905996, 7.312458030642562 ], [ 79.996006264433476, 7.310952088365886 ], [ 79.995302079911198, 7.310151205794862 ], [ 79.99490224859413, 7.309788761386796 ], [ 79.994235481935959, 7.309406817369529 ], [ 79.992767873934156, 7.30898540987303 ], [ 79.991261916043499, 7.308687690238994 ], [ 79.990213736833709, 7.308324119941249 ], [ 79.989585048955703, 7.307980315008646 ], [ 79.98899466599832, 7.307541376861606 ], [ 79.988614078650329, 7.307083762106233 ], [ 79.988309900042026, 7.30655012102984 ], [ 79.988196248459687, 7.306112008655853 ], [ 79.988196679566769, 7.305864493034149 ], [ 79.988197143819889, 7.305597937328828 ], [ 79.988311955786941, 7.305369659512055 ], [ 79.988456086639232, 7.305190414082773 ], [ 79.988453819193708, 7.30518301001891 ], [ 79.988823579817833, 7.304928364352863 ], [ 79.990048360221394, 7.304772729108845 ], [ 79.990858217474084, 7.304714971573129 ], [ 79.99133211698296, 7.304774950727533 ], [ 79.992102063340738, 7.304953758963935 ], [ 79.993286422357443, 7.305330479589392 ], [ 79.994155428278361, 7.305331977732113 ], [ 79.994530783788676, 7.305273464800766 ], [ 79.994886830459905, 7.304958560983764 ], [ 79.994966342195113, 7.30466290112565 ], [ 79.994986704522319, 7.304307980828757 ], [ 79.994719807250448, 7.303789470977967 ], [ 79.994567547030357, 7.303754112442048 ], [ 79.994226749173905, 7.30351857295006 ], [ 79.994302329701725, 7.303461444279126 ], [ 79.994346998532748, 7.303366299573989 ], [ 79.994262595329303, 7.303255294089805 ], [ 79.994022050286944, 7.303056805765894 ], [ 79.993469718322203, 7.302886075695583 ], [ 79.9927612253192, 7.302884853722419 ], [ 79.991910776466398, 7.303031941527458 ], [ 79.990946833683509, 7.303256645811579 ], [ 79.99004010918685, 7.303170187569211 ], [ 79.989317790640797, 7.302970861543554 ], [ 79.989221926639658, 7.302927510775362 ], [ 79.988906754391522, 7.302784984754509 ], [ 79.988454106846888, 7.30258029006431 ], [ 79.986529181530628, 7.301331911140398 ], [ 79.986189366032846, 7.301182764181817 ], [ 79.985311185250438, 7.300983161970839 ], [ 79.984645033327638, 7.301081038542708 ], [ 79.983468421408062, 7.301376096768203 ], [ 79.983302387853044, 7.301359497499729 ], [ 79.982604213569857, 7.301289698349046 ], [ 79.981683861194412, 7.300899015800473 ], [ 79.980919514628042, 7.300430789604111 ], [ 79.980396017206317, 7.299984207252113 ], [ 79.979618349998333, 7.299034920288931 ], [ 79.979180832372364, 7.298043785250597 ], [ 79.978814774814893, 7.296706146379507 ], [ 79.97851942989611, 7.295446446625938 ], [ 79.978026410737428, 7.293790252161474 ], [ 79.97756053726043, 7.292813214738066 ], [ 79.977121881577688, 7.292472889554742 ], [ 79.976583891104553, 7.292217277201742 ], [ 79.975535549830042, 7.292102247669273 ], [ 79.97459718614671, 7.292217686527758 ], [ 79.97397637105972, 7.292403682873667 ], [ 79.972558822737653, 7.292740733102362 ], [ 79.972048822068629, 7.292683239022475 ], [ 79.971765784313774, 7.292484665210046 ], [ 79.971398081639563, 7.292087867447175 ], [ 79.970977960693105, 7.291392937122855 ], [ 79.970555093393614, 7.291075093094753 ], [ 79.970220807829577, 7.290757301773415 ], [ 79.969655646144801, 7.290220022008312 ], [ 79.96962222248446, 7.29018824826511 ], [ 79.969053563917157, 7.289601663855691 ], [ 79.967980879778139, 7.289276242209557 ], [ 79.967159233887159, 7.289176310408532 ], [ 79.966776925207142, 7.289211979570444 ], [ 79.965778339173852, 7.289305145511198 ], [ 79.964922998656291, 7.289664679653636 ], [ 79.963474649491673, 7.29074526887339 ], [ 79.96293468166607, 7.291211522548573 ], [ 79.962292351940476, 7.291766163570749 ], [ 79.962071445438937, 7.292040866954988 ], [ 79.961615557792328, 7.292398911018423 ], [ 79.961207762127259, 7.292661344218639 ], [ 79.959683087405978, 7.293259118618103 ], [ 79.958604599250393, 7.293428060730355 ], [ 79.957223632487867, 7.2935896916953 ], [ 79.956954444318001, 7.293529453442855 ], [ 79.95663215348641, 7.293457331964519 ], [ 79.956014556331311, 7.293007144294353 ], [ 79.955948962808364, 7.29262313254561 ], [ 79.956273341090935, 7.291913983231852 ], [ 79.956504164297741, 7.291520518133071 ], [ 79.956603911116744, 7.29089705250495 ], [ 79.956637376973831, 7.290568878175325 ], [ 79.95657275895546, 7.28994511619807 ], [ 79.956244624056183, 7.289616289948425 ], [ 79.95611641316664, 7.289579463440776 ], [ 79.956014119961779, 7.289494033389172 ], [ 79.955861272505629, 7.289447947546177 ], [ 79.955850566026342, 7.289385815152069 ], [ 79.955357712489544, 7.289253632285738 ], [ 79.95460140007485, 7.289383559878716 ], [ 79.952825495437622, 7.28980705163936 ], [ 79.951937195401499, 7.290170391111773 ], [ 79.951666507571417, 7.290115823923616 ], [ 79.951214070941916, 7.290165188767697 ], [ 79.950820075289528, 7.289901886151681 ], [ 79.950328419208688, 7.289113231730627 ], [ 79.950067350905783, 7.288062409262054 ], [ 79.950164488471358, 7.287360677089048 ], [ 79.950148068511623, 7.287210636776137 ], [ 79.95015309310547, 7.287174571480221 ], [ 79.950431879376339, 7.286454724000593 ], [ 79.950794791095191, 7.285733267463965 ], [ 79.951091538895696, 7.285241455233355 ], [ 79.951618512227881, 7.284684412424414 ], [ 79.953427983849906, 7.283867101797734 ], [ 79.954908191416763, 7.283344600827637 ], [ 79.955171705047562, 7.28304966548132 ], [ 79.955534012668167, 7.28265643750352 ], [ 79.955535199831331, 7.281999970262987 ], [ 79.955273350456636, 7.281375852557583 ], [ 79.954890681546289, 7.281008347598042 ], [ 79.954485162558143, 7.280452686013854 ], [ 79.954486680199125, 7.280445722698415 ], [ 79.954472416351663, 7.280432449333349 ], [ 79.954360627218477, 7.280272371898314 ], [ 79.954223596516172, 7.280200906923328 ], [ 79.954223177045094, 7.280200516450363 ], [ 79.953858887290565, 7.280005489075982 ], [ 79.953859404932643, 7.280002675197177 ], [ 79.953833966707066, 7.279998817994768 ], [ 79.953647215562512, 7.279886474027229 ], [ 79.952967232151764, 7.27984752040765 ], [ 79.952711820537488, 7.279992642135377 ], [ 79.950738839224783, 7.280350126534401 ], [ 79.949522332332208, 7.280479213433719 ], [ 79.948635265261913, 7.280215014256453 ], [ 79.948496988448269, 7.280115393666693 ], [ 79.948285940520776, 7.280090689351364 ], [ 79.947998646092017, 7.279970546896127 ], [ 79.947472193345817, 7.279610729202249 ], [ 79.947066063698017, 7.278964043077915 ], [ 79.946825511846072, 7.278562058414156 ], [ 79.946765275196682, 7.278176561278795 ], [ 79.946701210476988, 7.277257389971654 ], [ 79.946572241832911, 7.275878572209071 ], [ 79.946410281578167, 7.274565341866801 ], [ 79.946091839694901, 7.274071956792617 ], [ 79.946094030658728, 7.274006785248497 ], [ 79.945820332438799, 7.273612388688165 ], [ 79.945360370795157, 7.273480257001057 ], [ 79.944693904867123, 7.273669082013473 ], [ 79.944439486098304, 7.273741164300108 ], [ 79.943057195597646, 7.274657692840758 ], [ 79.942291838294082, 7.275298865947375 ], [ 79.941739028592806, 7.275713697157469 ], [ 79.941622930459218, 7.275803922647901 ], [ 79.941622607275548, 7.275805348899206 ], [ 79.941217667881688, 7.276194316764514 ], [ 79.940641811298278, 7.276647816069469 ], [ 79.940065733328197, 7.277220932894516 ], [ 79.939657412183223, 7.27777043343301 ], [ 79.939368930620631, 7.278296229254099 ], [ 79.939156962222867, 7.278880782649403 ], [ 79.939152194710175, 7.278893929226943 ], [ 79.938827552573144, 7.27953927770099 ], [ 79.938614245383761, 7.279723799725025 ], [ 79.938275604145119, 7.280016740727638 ], [ 79.937772059697593, 7.280231129300826 ], [ 79.937340835017991, 7.280206410420634 ], [ 79.937320393912216, 7.28019615790532 ], [ 79.937227698748472, 7.280149665365368 ], [ 79.937005712831436, 7.280038326056026 ], [ 79.936815448088893, 7.27991693427524 ], [ 79.936742469748282, 7.27987037311245 ], [ 79.936667615127931, 7.279775337464154 ], [ 79.936502116745501, 7.279565219645428 ], [ 79.936383920223875, 7.27941515796824 ], [ 79.936161922378943, 7.279089891551727 ], [ 79.936073290218403, 7.278960030131215 ], [ 79.935947431451154, 7.278820611234813 ], [ 79.935618994023685, 7.278456789843454 ], [ 79.935308188157151, 7.278097357304129 ], [ 79.934901279453058, 7.277881291059309 ], [ 79.934242534074315, 7.277808302004119 ], [ 79.933667468402362, 7.277831161910176 ], [ 79.93314014281394, 7.277949805422599 ], [ 79.932588902584698, 7.278044479546457 ], [ 79.932280198651696, 7.2781702723726 ], [ 79.932193509227304, 7.278205597332456 ], [ 79.932121342190641, 7.27823500493302 ], [ 79.931905225426561, 7.27832444995645 ], [ 79.931545874667336, 7.278473175778283 ], [ 79.931210044768875, 7.278687868001651 ], [ 79.930850031985074, 7.279022133551395 ], [ 79.930489929523432, 7.279404247430328 ], [ 79.930322823531, 7.279645985147775 ], [ 79.930225664108605, 7.27978653814918 ], [ 79.929913300923317, 7.280264434205029 ], [ 79.92974806048619, 7.280541685123518 ], [ 79.929528746674592, 7.280909663885608 ], [ 79.929396618267319, 7.28115920529668 ], [ 79.929288304570889, 7.281363769591787 ], [ 79.929098403406471, 7.281636576217793 ], [ 79.92903755139551, 7.281704330014986 ], [ 79.928778953782256, 7.281928592827887 ], [ 79.928604121385874, 7.282080211978443 ], [ 79.928253294006851, 7.282338123599075 ], [ 79.927879605527366, 7.282582459021032 ], [ 79.927628962805372, 7.282722620247281 ], [ 79.92728478683496, 7.282915086979219 ], [ 79.926988864676062, 7.283098995642487 ], [ 79.926745294561414, 7.28325036901256 ], [ 79.926517187466061, 7.283392131364373 ], [ 79.926117656442756, 7.283611260932138 ], [ 79.925821645226534, 7.283773613183699 ], [ 79.925626400248376, 7.283852614008325 ], [ 79.92517424555102, 7.284035564629573 ], [ 79.924771888707554, 7.284189223070341 ], [ 79.924550849297788, 7.284273636516838 ], [ 79.924247135976103, 7.284320937429061 ], [ 79.924095483110136, 7.284344556088374 ], [ 79.923616338447601, 7.284319734018752 ], [ 79.923521920042234, 7.28430069443014 ], [ 79.923346876917194, 7.284265397073449 ], [ 79.923119507088572, 7.284120323212481 ], [ 79.92302069536143, 7.284057276647775 ], [ 79.922863841053953, 7.283868612054378 ], [ 79.922719161806185, 7.28362426125606 ], [ 79.922708065340231, 7.28356831442819 ], [ 79.922670605586916, 7.28337944786478 ], [ 79.922624224732118, 7.28314560656486 ], [ 79.922600894929317, 7.282810629722616 ], [ 79.922607089761158, 7.282752909632411 ], [ 79.922649669158289, 7.282356168073367 ], [ 79.922770186229016, 7.281973613164233 ], [ 79.922903487216331, 7.281680852597677 ], [ 79.922998745350114, 7.281471641587308 ], [ 79.923181454848176, 7.281108470794222 ], [ 79.923321490828044, 7.280830122132417 ], [ 79.923455681195051, 7.280563392347251 ], [ 79.923637825900627, 7.280220862328449 ], [ 79.923900500809339, 7.279726891963497 ], [ 79.924049727006434, 7.27948479802771 ], [ 79.924240391202687, 7.279175478806717 ], [ 79.924357118503266, 7.278986107836181 ], [ 79.924505343204927, 7.278803080882524 ], [ 79.92470533553491, 7.278556130179163 ], [ 79.924934696457015, 7.278270949275474 ], [ 79.925197294280778, 7.277950953295591 ], [ 79.925354497732215, 7.27776499323801 ], [ 79.925354552186732, 7.2777649282369 ], [ 79.925533810936045, 7.277552877747757 ], [ 79.92564508624956, 7.27741888601219 ], [ 79.925798771408594, 7.277233827005959 ], [ 79.925798844016157, 7.277233739433524 ], [ 79.926001867195907, 7.276990376107403 ], [ 79.926291891710505, 7.276668319183528 ], [ 79.926292036898147, 7.276668158505704 ], [ 79.926660306989248, 7.276260004074751 ], [ 79.926722340840598, 7.276191437148408 ], [ 79.926873746442467, 7.276016726585365 ], [ 79.92708356222218, 7.275774614967556 ], [ 79.927322615553521, 7.275498764792505 ], [ 79.9274481900555, 7.2753144076839 ], [ 79.927608700940922, 7.275078760277017 ], [ 79.927827141221925, 7.274758065181797 ], [ 79.927933188984881, 7.274494762279691 ], [ 79.928010020695012, 7.274303997395135 ], [ 79.928067848443746, 7.27416041661081 ], [ 79.928099587862263, 7.273839179280403 ], [ 79.928100829268175, 7.273826614921422 ], [ 79.928102164826257, 7.273813093182387 ], [ 79.928141109865535, 7.27341891330187 ], [ 79.928068580258952, 7.273038491398464 ], [ 79.928022476298423, 7.27279667214246 ], [ 79.927711769808198, 7.272389387683183 ], [ 79.927411076095552, 7.27213105455358 ], [ 79.927376881863111, 7.27210167827991 ], [ 79.927321689325325, 7.272056728613371 ], [ 79.927213132488916, 7.271968319185847 ], [ 79.926994121119861, 7.27178995505721 ], [ 79.926759945445227, 7.271605522474341 ], [ 79.926659188462224, 7.271526167735138 ], [ 79.926576089534407, 7.271463692174537 ], [ 79.926307848533014, 7.271174441724182 ], [ 79.926288754978998, 7.27116255829671 ], [ 79.926192612481799, 7.271102722147019 ], [ 79.926056568035392, 7.271018052562749 ], [ 79.925845930761056, 7.270806936049985 ], [ 79.925534734974889, 7.270662811630576 ], [ 79.925199088171013, 7.270781804351118 ], [ 79.924983189598379, 7.270924944866639 ], [ 79.92476702285083, 7.271211626627038 ], [ 79.92472957268717, 7.271252268554049 ], [ 79.924644844534029, 7.271344219039749 ], [ 79.92450293793793, 7.271498219603459 ], [ 79.924502303607156, 7.271498947208304 ], [ 79.92440154466216, 7.271614598571733 ], [ 79.924190799294351, 7.271856493916282 ], [ 79.923998590092083, 7.272143219984135 ], [ 79.92390190241494, 7.272597592640644 ], [ 79.923867645307084, 7.27288373241525 ], [ 79.923865982045726, 7.272897619718756 ], [ 79.923864583711463, 7.272909303967428 ], [ 79.923853221396797, 7.273004206273382 ], [ 79.923923558390641, 7.273448501085957 ], [ 79.923929779950797, 7.273487797768368 ], [ 79.923931564435904, 7.273499072940221 ], [ 79.923947935404257, 7.273602479643708 ], [ 79.923979827780343, 7.273626457362227 ], [ 79.92407384191398, 7.27395736741142 ], [ 79.924264346895356, 7.2745797434091 ], [ 79.924478901630891, 7.275154317364639 ], [ 79.92462157889257, 7.275728755980404 ], [ 79.924644451961683, 7.276228067051259 ], [ 79.924644595501874, 7.27623119948991 ], [ 79.924596049883348, 7.276566042058682 ], [ 79.924503737640478, 7.276806648676821 ], [ 79.924403433731527, 7.277068083169193 ], [ 79.924139254964786, 7.277402522236915 ], [ 79.924113853819264, 7.277415889507246 ], [ 79.923877335672088, 7.27754035388129 ], [ 79.923731545708023, 7.277617073203347 ], [ 79.923300011205328, 7.277759808696375 ], [ 79.922700986927978, 7.277782609740904 ], [ 79.922269902041961, 7.277686106706392 ], [ 79.921954962680601, 7.277626531029525 ], [ 79.921886690862664, 7.277613615669469 ], [ 79.921455921678671, 7.277349645507898 ], [ 79.921072936282613, 7.277157536023543 ], [ 79.920839298048094, 7.277013365652288 ], [ 79.920761828406711, 7.276965561278881 ], [ 79.920402757331075, 7.276797419678092 ], [ 79.920179389226647, 7.276747415054791 ], [ 79.919971674106492, 7.276700914617826 ], [ 79.919468668886211, 7.27662819732473 ], [ 79.918845868480219, 7.276555253072537 ], [ 79.91882926192541, 7.276554687423126 ], [ 79.918103182577738, 7.27652993081162 ], [ 79.917456151654818, 7.276600482406852 ], [ 79.916957977423891, 7.276599542719841 ], [ 79.916929052745971, 7.276599488143497 ], [ 79.916876668490445, 7.27661364769718 ], [ 79.916401681186713, 7.276742036088006 ], [ 79.915730601486061, 7.276860387514956 ], [ 79.915729633008709, 7.27686062710745 ], [ 79.915442956304418, 7.276931615090531 ], [ 79.915212243684238, 7.2769023755106 ], [ 79.915059702144319, 7.276883042723949 ], [ 79.914748461309884, 7.276762835093966 ], [ 79.914631868533263, 7.276632985135036 ], [ 79.914533283363994, 7.276523190108423 ], [ 79.914526576789399, 7.276482230546319 ], [ 79.914318651467326, 7.275996461359912 ], [ 79.914308250504618, 7.275607126763662 ], [ 79.914296281167154, 7.275159086471292 ], [ 79.914489369894255, 7.274647891212758 ], [ 79.914491885434614, 7.274641230180163 ], [ 79.914585241506117, 7.274394072634665 ], [ 79.915281864111549, 7.273438437956048 ], [ 79.915576185840933, 7.273025194919231 ], [ 79.915690253166247, 7.272865038894022 ], [ 79.916171559053964, 7.271741529691643 ], [ 79.91622932765604, 7.27086390302885 ], [ 79.916245563309673, 7.270617251308425 ], [ 79.916000135551585, 7.26976742641104 ], [ 79.915635483983678, 7.269173220138146 ], [ 79.915332076117394, 7.268912539306619 ], [ 79.914996417428597, 7.268624150434548 ], [ 79.913717508590793, 7.26793690388501 ], [ 79.912968711925032, 7.267623695534692 ], [ 79.912860335580518, 7.267595020567553 ], [ 79.911827263631153, 7.26733852446569 ], [ 79.911603896495109, 7.267283065703191 ], [ 79.911536313098395, 7.267264895969645 ], [ 79.9115108927341, 7.267258062618463 ], [ 79.911512867801235, 7.267253235204593 ], [ 79.911666786232757, 7.266877134253032 ], [ 79.911733255323426, 7.266741722866745 ], [ 79.911158954791134, 7.266741262148146 ], [ 79.910503705498741, 7.266485380479436 ], [ 79.90949352093601, 7.265785379668549 ], [ 79.909235062087404, 7.265562035786318 ], [ 79.908814829208964, 7.265273749896131 ], [ 79.908084928559305, 7.264785846648846 ], [ 79.907243367816889, 7.264784244064288 ], [ 79.906135206180622, 7.265224417482716 ], [ 79.905669413676208, 7.265599471495822 ], [ 79.905225554753841, 7.26608513899327 ], [ 79.905133728727463, 7.266798969487221 ], [ 79.905015809412376, 7.267007364407301 ], [ 79.9049428446815, 7.267296447565041 ], [ 79.904870958353314, 7.267581256786412 ], [ 79.904867779817906, 7.267607796273453 ], [ 79.904793506434288, 7.268227966694494 ], [ 79.904773565469824, 7.268394477147291 ], [ 79.904778752455812, 7.268424150311207 ], [ 79.904800988198033, 7.268551333554226 ], [ 79.904872680927326, 7.268961408627533 ], [ 79.904933587707433, 7.269309787466566 ], [ 79.905345544940118, 7.269974536596614 ], [ 79.906236869971536, 7.270928691042201 ], [ 79.906516196040599, 7.271222011207849 ], [ 79.906805427156357, 7.271525732188429 ], [ 79.906832067693813, 7.271553706590727 ], [ 79.906959197207868, 7.271707695159654 ], [ 79.907512085735192, 7.272377390041792 ], [ 79.907962174052543, 7.272983830341515 ], [ 79.908023015782916, 7.273065806451506 ], [ 79.908033112149582, 7.273090132463039 ], [ 79.908237095723052, 7.27358161432801 ], [ 79.908380752762099, 7.273927742779517 ], [ 79.908556795723499, 7.274411698103082 ], [ 79.908833595014798, 7.275172639778273 ], [ 79.909095362319846, 7.276106165029575 ], [ 79.909285252630937, 7.277039552474624 ], [ 79.909259328509179, 7.27806822347268 ], [ 79.90901800067796, 7.278976866268435 ], [ 79.908544108311091, 7.279672521910763 ], [ 79.908513441081439, 7.279717540652724 ], [ 79.9082329666482, 7.279871412014051 ], [ 79.907909212245045, 7.280049026344766 ], [ 79.907892344222518, 7.280053035045388 ], [ 79.907815081270385, 7.280095150053253 ], [ 79.90751258672914, 7.280143275863069 ], [ 79.907198882517307, 7.280217819832531 ], [ 79.906716024698568, 7.280245256146312 ], [ 79.906460695363023, 7.280102977696973 ], [ 79.906452785795153, 7.280071128347615 ], [ 79.906376146980193, 7.279762517951462 ], [ 79.906526434852509, 7.278876417800237 ], [ 79.906791955279957, 7.277848205311646 ], [ 79.906998184548883, 7.276448443924671 ], [ 79.906998309912098, 7.276447289497831 ], [ 79.907000100727259, 7.276439425453316 ], [ 79.907010931557835, 7.276365796149951 ], [ 79.907020650037651, 7.276314579893689 ], [ 79.907043331168524, 7.276192941083965 ], [ 79.90704276880021, 7.276189645097991 ], [ 79.907060706599111, 7.276092190969551 ], [ 79.907149882100512, 7.275607707876824 ], [ 79.907126071390991, 7.275505788691467 ], [ 79.907009082790111, 7.275227907550943 ], [ 79.90692481826207, 7.275027756199665 ], [ 79.906705875128623, 7.274740732429072 ], [ 79.906473125025855, 7.274507434319888 ], [ 79.906436220196525, 7.274470442568032 ], [ 79.906400265583514, 7.274457877838843 ], [ 79.906233264706088, 7.2743995181796 ], [ 79.905885532633761, 7.27427800098349 ], [ 79.904831434423755, 7.274228138091662 ], [ 79.904112668384855, 7.274226762540806 ], [ 79.903369576161822, 7.274416728828348 ], [ 79.902807938443985, 7.274615805323058 ], [ 79.902698267865787, 7.274654679109005 ], [ 79.902673887487566, 7.274684701562596 ], [ 79.902517791262511, 7.274876922867327 ], [ 79.90231241939216, 7.275129822720113 ], [ 79.902194486511931, 7.27527504891459 ], [ 79.902193934640181, 7.27527572781472 ], [ 79.902115577422393, 7.275513029669483 ], [ 79.901815005154134, 7.27642329407713 ], [ 79.901736043583753, 7.276662422941742 ], [ 79.901732829473531, 7.276684235136904 ], [ 79.901669506858553, 7.27711399684189 ], [ 79.901517554466594, 7.278145272401672 ], [ 79.900939169700209, 7.279890589920546 ], [ 79.900666273870087, 7.280162034100355 ], [ 79.900415969143481, 7.280411006052093 ], [ 79.900329792354796, 7.280496722976794 ], [ 79.900315031708018, 7.280511405005815 ], [ 79.900211442763208, 7.280538176119362 ], [ 79.899763693654407, 7.280653886282406 ], [ 79.899736814594647, 7.28064908023227 ], [ 79.899508262492503, 7.280608220452314 ], [ 79.899141079116617, 7.28048522080606 ], [ 79.899137024733392, 7.280481607946649 ], [ 79.898993862087593, 7.280354046872707 ], [ 79.898925817192847, 7.280293416590434 ], [ 79.898875627650156, 7.280197751319063 ], [ 79.89869853123858, 7.279860187586488 ], [ 79.898687104654215, 7.279838406885987 ], [ 79.898616066660708, 7.279609875316941 ], [ 79.898568049280414, 7.279455397808607 ], [ 79.898545199983388, 7.278881185812502 ], [ 79.898714809989883, 7.277900641928438 ], [ 79.898839080476151, 7.277043849751401 ], [ 79.898860505727768, 7.276896128445294 ], [ 79.898818226419721, 7.276355289133554 ], [ 79.89881374435636, 7.276297946065251 ], [ 79.898743895143852, 7.276122601886503 ], [ 79.898686908282272, 7.275979544351268 ], [ 79.898625183139728, 7.27582459196947 ], [ 79.898622997821576, 7.275819105592337 ], [ 79.898517992340174, 7.275676984485834 ], [ 79.898212352990754, 7.275263311503962 ], [ 79.898147691441821, 7.275175794996169 ], [ 79.898145068637902, 7.275172244570829 ], [ 79.898105251574989, 7.275148285165291 ], [ 79.897907896600145, 7.275029528546521 ], [ 79.89790085785026, 7.275023931537103 ], [ 79.8978805628293, 7.275007655677681 ], [ 79.897880385471368, 7.275007590233245 ], [ 79.897880781091686, 7.275007640727217 ], [ 79.897546791108766, 7.274812235438569 ], [ 79.897349576798106, 7.274738867909551 ], [ 79.896900366043297, 7.274571751984977 ], [ 79.895247764060386, 7.274281474277011 ], [ 79.894771005465614, 7.274258234459789 ], [ 79.89403668864486, 7.274222438788781 ], [ 79.893920158797954, 7.274216758949736 ], [ 79.89378588647169, 7.274177743958305 ], [ 79.893546413831956, 7.274108161169522 ], [ 79.893298809074167, 7.274042585281019 ], [ 79.892720329467167, 7.273889377346104 ], [ 79.892611424676346, 7.273849073017669 ], [ 79.892006993909831, 7.273629443891083 ], [ 79.891808361236173, 7.27358267107623 ], [ 79.891753990539883, 7.273560832190278 ], [ 79.891151880681335, 7.273428088246088 ], [ 79.891017895612507, 7.273398549047209 ], [ 79.891000339530706, 7.27339467841685 ], [ 79.890987636806003, 7.273391877842295 ], [ 79.890412767678271, 7.273318989583478 ], [ 79.889957459025496, 7.273365951439207 ], [ 79.889935443241583, 7.273369965742829 ], [ 79.889716741567383, 7.273380834518035 ], [ 79.889231974414642, 7.273487051883529 ], [ 79.888609509040776, 7.273622836222512 ], [ 79.887789419048843, 7.273759109507871 ], [ 79.887449380447507, 7.273815613139138 ], [ 79.887175585082531, 7.273815078818801 ], [ 79.886974941397895, 7.273804636995677 ], [ 79.886778690004334, 7.273794422477442 ], [ 79.8864706708612, 7.273765854980647 ], [ 79.886364376782979, 7.273765647335814 ], [ 79.88629276667514, 7.273759669933614 ], [ 79.885667257656763, 7.273758447402726 ], [ 79.885314703591277, 7.273757757970317 ], [ 79.885287651378178, 7.273763542554093 ], [ 79.885248776321745, 7.273763466513322 ], [ 79.884817331748025, 7.273858317158467 ], [ 79.884646491782604, 7.273928169265825 ], [ 79.884532764649421, 7.273968799159175 ], [ 79.884516381212933, 7.273974652502813 ], [ 79.884495647393038, 7.27398984491662 ], [ 79.884409704463181, 7.274024984635227 ], [ 79.884334954799883, 7.274107591273769 ], [ 79.884271512751283, 7.274154078387419 ], [ 79.884239570325065, 7.274194607942412 ], [ 79.88412723573056, 7.274337144336077 ], [ 79.88408555703873, 7.274383202957902 ], [ 79.884049545120732, 7.274435722311292 ], [ 79.883897369215006, 7.274628809273713 ], [ 79.883759080689131, 7.274847536563063 ], [ 79.883613361684127, 7.275078016443988 ], [ 79.883393749951239, 7.275501648736658 ], [ 79.883054765885376, 7.276001794030861 ], [ 79.882993638927701, 7.276091981655363 ], [ 79.882966822394494, 7.276142206895319 ], [ 79.882657797840253, 7.276720990632331 ], [ 79.882321677370228, 7.277491353496653 ], [ 79.882095866016613, 7.277876145568269 ], [ 79.881598561878533, 7.278723569382038 ], [ 79.880766899833077, 7.279916734802448 ], [ 79.880695144600139, 7.280019680070371 ], [ 79.880608703882857, 7.280109024443344 ], [ 79.88044002810355, 7.280283365894132 ], [ 79.880116309726262, 7.28061795638862 ], [ 79.880037459119777, 7.280699455397032 ], [ 79.880018603923048, 7.28071001814813 ], [ 79.879328853444378, 7.28109642069002 ], [ 79.878975354895843, 7.281220425878293 ], [ 79.878162265564242, 7.281505650603524 ], [ 79.87805388935115, 7.281543667858684 ], [ 79.877325065380887, 7.281769817137403 ], [ 79.877122744963032, 7.281833655895209 ], [ 79.876355580159256, 7.282071374658078 ], [ 79.875636284687474, 7.282333109961494 ], [ 79.875037116831052, 7.282427617976938 ], [ 79.874557935523143, 7.282426668505845 ], [ 79.874007066582919, 7.282329881884907 ], [ 79.87377164215296, 7.282248763542084 ], [ 79.873598601278943, 7.282189139486777 ], [ 79.873169069719381, 7.28204113765916 ], [ 79.872668023914954, 7.281836956928432 ], [ 79.872468093836233, 7.281763913282207 ], [ 79.872438190494435, 7.281743297940243 ], [ 79.87164557755662, 7.281196863837529 ], [ 79.871397465270817, 7.281000263587274 ], [ 79.870854012557231, 7.280569640969542 ], [ 79.870847757613888, 7.280563939339387 ], [ 79.870515276694505, 7.280089487615395 ], [ 79.870310212381867, 7.27966501819995 ], [ 79.870242374908671, 7.279363048965712 ], [ 79.870175345284295, 7.279064685451084 ], [ 79.87015545762479, 7.278932413014366 ], [ 79.870134965483672, 7.278308305230943 ], [ 79.870109185811941, 7.277523216987817 ], [ 79.870111435937829, 7.277465671368561 ], [ 79.870076436937282, 7.277240349056957 ], [ 79.870007326670247, 7.276670286670355 ], [ 79.869778153326578, 7.275912983570959 ], [ 79.869649347951437, 7.275487343962778 ], [ 79.869467583708939, 7.275058206355117 ], [ 79.869278708385039, 7.274545346142913 ], [ 79.86910074567065, 7.274214369821548 ], [ 79.868714027538729, 7.273416576625313 ], [ 79.86848800448999, 7.272942246747414 ], [ 79.868432087631305, 7.272824899438992 ], [ 79.868051086856411, 7.272283649537745 ], [ 79.867970108004741, 7.272168611267982 ], [ 79.867898766481602, 7.272095764670907 ], [ 79.86776747160593, 7.271961700382059 ], [ 79.867260429624395, 7.271431269571626 ], [ 79.867104871523495, 7.271324022103097 ], [ 79.866975962341272, 7.271235148529226 ], [ 79.86691592422838, 7.271193755016427 ], [ 79.866620979491969, 7.270990409170897 ], [ 79.866494811349426, 7.270903424387678 ], [ 79.866207550364564, 7.270783233269279 ], [ 79.866092514689925, 7.270755962709595 ], [ 79.866075980701268, 7.270748356164494 ], [ 79.866066913040186, 7.270746907618334 ], [ 79.866028304191374, 7.270740741658705 ], [ 79.865800448565722, 7.270686725668247 ], [ 79.865393299018336, 7.270614141655343 ], [ 79.864914275487195, 7.270541413544078 ], [ 79.864488139220924, 7.270523538712472 ], [ 79.864310597528203, 7.270502723352177 ], [ 79.864174463508363, 7.270486762234023 ], [ 79.863885418612554, 7.270426184989017 ], [ 79.863393349455819, 7.270323058297024 ], [ 79.862555239709124, 7.270106066895502 ], [ 79.862100148173781, 7.270048336534014 ], [ 79.861597145606481, 7.269984527431203 ], [ 79.861340064757627, 7.269972341837083 ], [ 79.860851502310211, 7.269949183529053 ], [ 79.86058250867913, 7.269925282384791 ], [ 79.860567187411107, 7.269923920627242 ], [ 79.860375458654843, 7.269940425599545 ], [ 79.859896151752707, 7.269957186830418 ], [ 79.859765298969663, 7.269992948449841 ], [ 79.859750359716557, 7.26999703066355 ], [ 79.859689732017884, 7.270013600085056 ], [ 79.859257894220491, 7.270131619709256 ], [ 79.85920097390229, 7.270147175690169 ], [ 79.858949185125667, 7.270244366703209 ], [ 79.858921357812591, 7.270255108529231 ], [ 79.858905982875214, 7.270261043427294 ], [ 79.858769385522436, 7.270313771164776 ], [ 79.858409430126258, 7.270600126793227 ], [ 79.858155916998683, 7.270978185305676 ], [ 79.85808028337145, 7.271090975891179 ], [ 79.858009248015179, 7.271333247180332 ], [ 79.758984354016746, 7.273082177271024 ], [ 79.758945881587806, 7.274468798461187 ], [ 79.758943563770046, 7.27588243789563 ], [ 79.758976783224981, 7.277240315441995 ], [ 79.758973546556703, 7.277308987071458 ], [ 79.758972851076251, 7.277327585154706 ], [ 79.758957814184782, 7.277729811123256 ], [ 79.758921941285905, 7.278689355845193 ], [ 79.758911861922101, 7.27900972787238 ], [ 79.758905665083091, 7.279252364787885 ], [ 79.758761371874925, 7.2800584091395 ], [ 79.758705265652821, 7.280383206151899 ], [ 79.758459549809189, 7.281859115961543 ], [ 79.758380214903681, 7.282365130893928 ], [ 79.758181430773405, 7.283716377834451 ], [ 79.758111677604717, 7.284223798114446 ], [ 79.757938508956613, 7.285578309964174 ], [ 79.757878362506133, 7.286086954710057 ], [ 79.757757333211273, 7.287200663486548 ], [ 79.757654068697988, 7.287897044938501 ], [ 79.757614888534135, 7.288170892567655 ], [ 79.757514139729352, 7.288901665815365 ], [ 79.757477758293376, 7.289175898123068 ], [ 79.757331172645735, 7.290325822845696 ], [ 79.756910451108268, 7.293279515622865 ], [ 79.756885402668132, 7.29345969941606 ], [ 79.756820221053232, 7.293940407742023 ], [ 79.756803269406305, 7.294068657443012 ], [ 79.756536757115526, 7.295643450022371 ], [ 79.756480177713641, 7.295991526472385 ], [ 79.756335347589427, 7.296920670224488 ], [ 79.75628330440577, 7.297269451590909 ], [ 79.7562257545096, 7.297673122228859 ], [ 79.756011350857591, 7.29884518330984 ], [ 79.755922873603438, 7.299356470677435 ], [ 79.755659343621303, 7.300971237434536 ], [ 79.755567378739585, 7.301577890893559 ], [ 79.755536575832735, 7.301797870160583 ], [ 79.755471824729298, 7.301976605440371 ], [ 79.75528293808209, 7.302515671538925 ], [ 79.754794449150239, 7.303958315256797 ], [ 79.754616969123745, 7.304501231961099 ], [ 79.754159104417653, 7.305953501187815 ], [ 79.753993109810082, 7.306500027891348 ], [ 79.753565869660122, 7.307961922802789 ], [ 79.753411434182524, 7.308511817296335 ], [ 79.753118068525879, 7.309600343830625 ], [ 79.752954833794618, 7.310236623578977 ], [ 79.75254017576475, 7.31193838188591 ], [ 79.752392417018228, 7.312578420886599 ], [ 79.7520192535181, 7.314289201889877 ], [ 79.751887057609451, 7.314932624940655 ], [ 79.751555389218794, 7.316652428864913 ], [ 79.751438833881949, 7.317298858774147 ], [ 79.751436370858016, 7.317313535920691 ], [ 79.75139278927638, 7.317573239745429 ], [ 79.751381983854102, 7.317620245424702 ], [ 79.751024049207288, 7.319264880128966 ], [ 79.750896977646747, 7.319883345214221 ], [ 79.750577386223355, 7.321536298674249 ], [ 79.750464764258581, 7.322157548698984 ], [ 79.750407383558539, 7.322496538151428 ], [ 79.750099467941553, 7.324179461927103 ], [ 79.750088994605193, 7.324237055470371 ], [ 79.75006123089311, 7.324390672624687 ], [ 79.750050881751832, 7.324448290272561 ], [ 79.750023450172066, 7.32460196652445 ], [ 79.750013225580631, 7.324659606333969 ], [ 79.750005256838023, 7.32470481308132 ], [ 79.749990252588617, 7.324777135592785 ], [ 79.749885037293936, 7.325311212163672 ], [ 79.749618801430486, 7.326738083158192 ], [ 79.749524339854872, 7.327274159842647 ], [ 79.749491813043221, 7.327470261870181 ], [ 79.74943495659366, 7.327767409100324 ], [ 79.749412316934738, 7.32788718956057 ], [ 79.749352663576758, 7.328206737927633 ], [ 79.749330563217512, 7.328326618742791 ], [ 79.74927234917692, 7.328646428266452 ], [ 79.749250788565163, 7.328766407016084 ], [ 79.749194013845809, 7.329086477697665 ], [ 79.749172993418384, 7.329206551959328 ], [ 79.748669362784128, 7.332122005294608 ], [ 79.748661696526455, 7.332166605955017 ], [ 79.748641352546002, 7.332285557990224 ], [ 79.74863376081835, 7.332330171356223 ], [ 79.748613615640934, 7.332449156941912 ], [ 79.748606098464521, 7.332493782889363 ], [ 79.74858615209034, 7.3326128020256 ], [ 79.748578709486168, 7.332657440430335 ], [ 79.748382057718146, 7.333842995962647 ], [ 79.748203854826826, 7.33492036342946 ], [ 79.74818259907272, 7.335050848913233 ], [ 79.748126807472602, 7.335398691303315 ], [ 79.748106203740022, 7.335529183058374 ], [ 79.748052120199034, 7.335877223199745 ], [ 79.748032156874174, 7.336007789093073 ], [ 79.748002031488596, 7.336208085319643 ], [ 79.747752172200236, 7.337753034052148 ], [ 79.747425549589764, 7.339627920532898 ], [ 79.747339398728897, 7.340152883343904 ], [ 79.747123432629394, 7.34155489829803 ], [ 79.747047608941983, 7.342081446710699 ], [ 79.74685535067475, 7.343516304924491 ], [ 79.746788634758218, 7.344055205153693 ], [ 79.746674917887958, 7.345055933960853 ], [ 79.746571474736314, 7.345561055773786 ], [ 79.746467388057951, 7.346069315037553 ], [ 79.746421777515877, 7.346296993614328 ], [ 79.746307836500961, 7.346878697949998 ], [ 79.745867407029252, 7.348616402843548 ], [ 79.745663487374969, 7.349480130411972 ], [ 79.745137900465608, 7.351881561080306 ], [ 79.744956038377225, 7.352785966509711 ], [ 79.744512279159423, 7.355205247562146 ], [ 79.744361321968199, 7.356115302967837 ], [ 79.744340943895878, 7.356252598406585 ], [ 79.744055122600486, 7.357747062954196 ], [ 79.744047883717855, 7.357784648311435 ], [ 79.744033414903797, 7.357860043535535 ], [ 79.744019004375104, 7.357935449901401 ], [ 79.743694487239182, 7.35964163489496 ], [ 79.743132449169366, 7.362448199211483 ], [ 79.743123536712147, 7.362492667107388 ], [ 79.743110740231458, 7.362556702670074 ], [ 79.743097985858682, 7.36262074661533 ], [ 79.742873748002665, 7.363751093904551 ], [ 79.742808232546466, 7.364092841866932 ], [ 79.742639386044246, 7.36500525080087 ], [ 79.742578266630943, 7.365347809541414 ], [ 79.742421169291347, 7.366262230166186 ], [ 79.74236445601241, 7.366605543327513 ], [ 79.742309592321988, 7.366951464327881 ], [ 79.741979766471928, 7.368579019952888 ], [ 79.741837543345852, 7.369335964543577 ], [ 79.741296940946043, 7.372457041882388 ], [ 79.741289202470441, 7.372501942781954 ], [ 79.741268667268415, 7.372621695729 ], [ 79.741261004342533, 7.372666609539728 ], [ 79.741240670664013, 7.372786396578626 ], [ 79.741233083309538, 7.372831323173807 ], [ 79.741212951154765, 7.372951144304614 ], [ 79.741205439393184, 7.372996083557548 ], [ 79.741014997846406, 7.374141322722251 ], [ 79.740444543804173, 7.377476292754281 ], [ 79.740423154685786, 7.377603147917393 ], [ 79.740366920794756, 7.377941561454134 ], [ 79.740346134495226, 7.378068516443698 ], [ 79.740291509361143, 7.378407188569152 ], [ 79.740271326349756, 7.378534240530294 ], [ 79.740218309977337, 7.378873171245939 ], [ 79.740198730709778, 7.379000317321641 ], [ 79.740026377560284, 7.380137508449174 ], [ 79.74001921854439, 7.380185028195187 ], [ 79.740000240279898, 7.380311764298036 ], [ 79.73999316559744, 7.380359296629163 ], [ 79.739974412281342, 7.380486065894477 ], [ 79.739967421954674, 7.380533610661554 ], [ 79.73994889358724, 7.380660413089407 ], [ 79.739941987638375, 7.380707970143229 ], [ 79.739795922167275, 7.381720144235547 ], [ 79.739696247379655, 7.382102812534192 ], [ 79.739638035297347, 7.382330337333765 ], [ 79.739485442191622, 7.3829377067082 ], [ 79.739429205157663, 7.383165726011919 ], [ 79.739281878761702, 7.383774414044878 ], [ 79.739227621000751, 7.384002910766746 ], [ 79.738969744272978, 7.385110242853095 ], [ 79.73896211018706, 7.385143116482939 ], [ 79.738941807249631, 7.385230792101846 ], [ 79.738934214132499, 7.38526367518622 ], [ 79.7389140204765, 7.385351375881253 ], [ 79.738906468339948, 7.385384268369044 ], [ 79.738886383965436, 7.385471994140233 ], [ 79.738878872821161, 7.385504895980802 ], [ 79.738784252290003, 7.385920564817387 ], [ 79.738784195334063, 7.385920785376291 ], [ 79.7386046560908, 7.386658611545577 ], [ 79.738153557845365, 7.388632450500244 ], [ 79.738013994906169, 7.389285114982322 ], [ 79.737843587553911, 7.38993790372237 ], [ 79.737505561602433, 7.391396666498165 ], [ 79.737284813394041, 7.392485334465226 ], [ 79.737250921842246, 7.392655266804262 ], [ 79.737210032424287, 7.392863761315548 ], [ 79.736992596068205, 7.39370218306461 ], [ 79.736841023017334, 7.394316035641582 ], [ 79.736721058144894, 7.394827454491192 ], [ 79.736636234668993, 7.395090461310112 ], [ 79.736463600751023, 7.395646091099274 ], [ 79.736019209720325, 7.397132527225379 ], [ 79.735858550394198, 7.397691724545432 ], [ 79.735638486361779, 7.398489886012559 ], [ 79.735413443309952, 7.399366592010189 ], [ 79.734934882847568, 7.400812828777517 ], [ 79.734680967649709, 7.401622470763241 ], [ 79.734030083692573, 7.4038177185745 ], [ 79.733798944934435, 7.404645209790706 ], [ 79.733628328647086, 7.405295666683431 ], [ 79.73346501561582, 7.405780958008889 ], [ 79.733310456670978, 7.406254598774852 ], [ 79.732909950134356, 7.40752131152496 ], [ 79.732764129194408, 7.407997705331032 ], [ 79.732387053287525, 7.409271330543747 ], [ 79.732250019617339, 7.409750316763695 ], [ 79.7318963745697, 7.411030854554212 ], [ 79.731768174473004, 7.411512271686022 ], [ 79.731581932825961, 7.41223843620222 ], [ 79.731455278471302, 7.412732267057954 ], [ 79.7313599055406, 7.413104130614561 ], [ 79.731327679039737, 7.41322978261925 ], [ 79.73130623236429, 7.413313621230794 ], [ 79.731298756100728, 7.413342924694938 ], [ 79.731224367091727, 7.413635175648365 ], [ 79.730973983295044, 7.414619069909452 ], [ 79.7309777503839, 7.414620025141501 ], [ 79.730874199735354, 7.415014818616804 ], [ 79.730370912634399, 7.417107252213528 ], [ 79.73032053820873, 7.417272791191577 ], [ 79.729871815426208, 7.41893540485055 ], [ 79.728810298289062, 7.423432191048751 ], [ 79.72846622800229, 7.425131186975474 ], [ 79.728407260567536, 7.425479294785871 ], [ 79.728331666450387, 7.425906180629658 ], [ 79.728321749850522, 7.425962342591792 ], [ 79.728057525273897, 7.427464451542817 ], [ 79.727965262800097, 7.428023141633366 ], [ 79.727874057986156, 7.428613775936297 ], [ 79.727782974140638, 7.429101678361846 ], [ 79.727720318533073, 7.429449895139196 ], [ 79.727559310081574, 7.430379521209924 ], [ 79.727501209358223, 7.430728523988164 ], [ 79.727456982889933, 7.431005337424175 ], [ 79.727368486968686, 7.431296467182706 ], [ 79.727269229389464, 7.431630715710706 ], [ 79.727010312316736, 7.432523632146547 ], [ 79.726915366057327, 7.432859126266548 ], [ 79.726667945402582, 7.43375536416338 ], [ 79.726577326177448, 7.434092048469062 ], [ 79.726479552580813, 7.434464858198683 ], [ 79.726457510105064, 7.434546590258704 ], [ 79.726244625888128, 7.435307835218754 ], [ 79.726190377273056, 7.435504677903239 ], [ 79.726047695083878, 7.436030127626135 ], [ 79.725994932058342, 7.436227372234431 ], [ 79.725856219363948, 7.436753863946453 ], [ 79.725804944923155, 7.436951499307621 ], [ 79.725670201740201, 7.437479033016298 ], [ 79.725620418795103, 7.43767704793723 ], [ 79.72535423816845, 7.438752928981406 ], [ 79.725249580269519, 7.439191579121968 ], [ 79.7249802510226, 7.440363547136768 ], [ 79.724882912001348, 7.440803873013344 ], [ 79.72463317023734, 7.441979984909185 ], [ 79.724543177065556, 7.442421864862417 ], [ 79.724402530355007, 7.443143117939493 ], [ 79.724384218948657, 7.443231175556395 ], [ 79.72431777840518, 7.443438343655102 ], [ 79.724252505700449, 7.443644701440635 ], [ 79.72408064672284, 7.444195673046782 ], [ 79.724017025195835, 7.444402543966642 ], [ 79.723713340508354, 7.445404223314395 ], [ 79.723360667729665, 7.446678746055662 ], [ 79.722503723145394, 7.450098324387199 ], [ 79.722213687853198, 7.451388485553811 ], [ 79.721525516492349, 7.454841571954168 ], [ 79.721298809691248, 7.456144306464127 ], [ 79.72077941647666, 7.459630902723272 ], [ 79.720706323283054, 7.460195843011684 ], [ 79.720615608034066, 7.460687177827271 ], [ 79.720594205327998, 7.460803097542446 ], [ 79.720436818878653, 7.461749042549104 ], [ 79.720370891560023, 7.462193796138867 ], [ 79.720321021922643, 7.462385780835328 ], [ 79.719836432355436, 7.464365741084619 ], [ 79.719665192841617, 7.465110781778417 ], [ 79.71949552992622, 7.465899815192725 ], [ 79.719369801502637, 7.466519659084959 ], [ 79.719110547798579, 7.467879078687493 ], [ 79.719073140883467, 7.468024436594771 ], [ 79.718578519248723, 7.470069441315569 ], [ 79.718404210628648, 7.470839010511658 ], [ 79.718282994307685, 7.471412857752817 ], [ 79.718162942890999, 7.472014853471647 ], [ 79.718105796829647, 7.472319367494118 ], [ 79.71334282268883, 7.473023952071796 ], [ 79.70943022118891, 7.47390086060051 ], [ 79.708820459070637, 7.47408555440219 ], [ 79.706651925870418, 7.474843575294786 ], [ 79.700964887407153, 7.477104788865715 ], [ 79.698868139820163, 7.478042678693057 ], [ 79.698483047987864, 7.4782348137393 ], [ 79.696507519919592, 7.479324950401044 ], [ 79.691369187751803, 7.482444855590578 ], [ 79.68949096537915, 7.4836946486361 ], [ 79.689443919777332, 7.483728849356922 ], [ 79.689160670036799, 7.483921333919509 ], [ 79.688049364716932, 7.484718069322879 ], [ 79.687415305862316, 7.485197221140419 ], [ 79.686285962203826, 7.485983521365433 ], [ 79.684776905786464, 7.487113789918142 ], [ 79.680841460661583, 7.490280038572885 ], [ 79.679407146334952, 7.491518740703306 ], [ 79.67865707154364, 7.492213593877403 ], [ 79.67809680854711, 7.492747626127587 ], [ 79.67662338236029, 7.494192645207928 ], [ 79.676078575701666, 7.494742377311737 ], [ 79.675600385806021, 7.495238830208742 ], [ 79.673832687582276, 7.497265884140306 ], [ 79.669397946918764, 7.50289057657241 ], [ 79.667878752983512, 7.505026970606929 ], [ 79.667154819248324, 7.505993626810239 ], [ 79.66542865101178, 7.508598485525249 ], [ 79.66440826663478, 7.510349410566477 ], [ 79.664259767055299, 7.510731845772519 ], [ 79.66400011800728, 7.511049766503517 ], [ 79.663450621032567, 7.511992662042901 ], [ 79.663476363441092, 7.51200760375017 ], [ 79.662668574278229, 7.513421451468112 ], [ 79.65942879969927, 7.519806739829899 ], [ 79.658332721856397, 7.522261278788378 ], [ 79.658316458503094, 7.522303157956315 ], [ 79.658257504879174, 7.522454970473028 ], [ 79.658194080731931, 7.522618295205227 ], [ 79.657500829844722, 7.524635144444573 ], [ 79.655866394149413, 7.530077484317002 ], [ 79.655853236012234, 7.530128501580228 ], [ 79.654227444706422, 7.533328900609686 ], [ 79.652646727149971, 7.537159301858646 ], [ 79.652525240243989, 7.537431654448944 ], [ 79.64989221003232, 7.543833901841082 ], [ 79.648593507044069, 7.547858606639076 ], [ 79.647279666794404, 7.55336874440099 ], [ 79.646867050899502, 7.555460810008502 ], [ 79.645987733539542, 7.561074121504822 ], [ 79.645740863151971, 7.563192040074721 ], [ 79.645724525225575, 7.563404667032044 ], [ 79.645644937862642, 7.565535384239903 ], [ 79.645656400431093, 7.571216846033961 ], [ 79.645744586643644, 7.573347225450736 ], [ 79.646201320313125, 7.578992817971677 ], [ 79.646877838145059, 7.583200111554421 ], [ 79.649550311277309, 7.594209694664503 ], [ 79.650878163017595, 7.598259586966043 ], [ 79.652318700498824, 7.601709935804006 ], [ 79.65496428995371, 7.610227923641147 ], [ 79.656544626081569, 7.614186563501131 ], [ 79.659052590231042, 7.619267810896548 ], [ 79.661234208334349, 7.622931038809911 ], [ 79.667782037988658, 7.632185464447369 ] ], [ [ 80.080218531001449, 8.222899063114591 ], [ 80.079497725021696, 8.223343067466246 ], [ 80.079115111782585, 8.223491464803804 ], [ 80.078926276311279, 8.223564705065591 ], [ 80.078717960873135, 8.223587401055404 ], [ 80.08027044665387, 8.222835885976762 ], [ 80.080218531001449, 8.222899063114591 ] ], [ [ 80.162011730620605, 8.315865903705719 ], [ 80.162099330620336, 8.315906103705657 ], [ 80.162249330619858, 8.315990303705536 ], [ 80.162443930619247, 8.316090603705398 ], [ 80.162662830618601, 8.316219003705219 ], [ 80.162849330618002, 8.316347303705053 ], [ 80.162999330617524, 8.316451603704914 ], [ 80.163214230616859, 8.316596503704718 ], [ 80.163441230616129, 8.316769003704499 ], [ 80.163566930615758, 8.316961603704282 ], [ 80.163639930615531, 8.317134103704094 ], [ 80.163652130615475, 8.317202303704022 ], [ 80.163664230615424, 8.317270503703956 ], [ 80.163648530499714, 8.3173294371464 ], [ 80.161939654078452, 8.31654960454008 ], [ 80.161945230620759, 8.316527903705088 ], [ 80.161924930620842, 8.316367403705247 ], [ 80.161876330620998, 8.316223003705403 ], [ 80.161827630621133, 8.3161307037055 ], [ 80.161795230621266, 8.316026403705616 ], [ 80.161791230621262, 8.315938103705697 ], [ 80.161819530621173, 8.315878003705748 ], [ 80.161884430621001, 8.315857903705757 ], [ 80.161961430620764, 8.315857903705739 ], [ 80.162011730620605, 8.315865903705719 ] ], [ [ 79.990632946028441, 8.413622026297366 ], [ 79.990988062684011, 8.414421947094766 ], [ 79.990632946028441, 8.413622026297366 ], [ 79.990632946028441, 8.413622026297366 ] ] ], [ [ [ 80.059651396714841, 9.268869260780351 ], [ 80.059651395002689, 9.26886926135106 ], [ 80.059651421793575, 9.268869306002506 ], [ 80.059651439654147, 9.268869306002507 ], [ 80.059651396714841, 9.268869260780351 ] ] ], [ [ [ 80.059651421793575, 9.268869306002506 ], [ 80.059651082442642, 9.268869306002506 ], [ 80.059650546625406, 9.268869484608256 ], [ 80.059651796865623, 9.268869931122627 ], [ 80.059651421793575, 9.268869306002506 ] ] ], [ [ [ 80.059652332682859, 9.268870734848505 ], [ 80.059663360435579, 9.268876075116262 ], [ 80.059652786240321, 9.268869888553889 ], [ 80.059652332682859, 9.268869663214007 ], [ 80.059652332682859, 9.268870734848505 ] ] ], [ [ [ 80.059653404317345, 9.268871806482991 ], [ 80.059655547586317, 9.268875021386471 ], [ 80.059664474527992, 9.268877180189376 ], [ 80.059653404317345, 9.268871806482991 ] ] ] ] } }
]
}
